<?xml version="1.0" encoding="UTF-8"?>
<gpx xmlns="http://www.topografix.com/GPX/1/1" xmlns:gpxtpx="http://www.garmin.com/xmlschemas/TrackPointExtension/v2" xmlns:gpxx="http://www.garmin.com/xmlschemas/GpxExtensions/v3" xmlns:trp="http://www.garmin.com/xmlschemas/TripExtensions/v1" xmlns:xsi="http://www.w3.org/2001/XMLSchema-instance" xsi:schemaLocation="http://www.topografix.com/GPX/1/1 http://www.topografix.com/GPX/1/1/gpx.xsd http://www.garmin.com/xmlschemas/GpxExtensions/v3 http://www.garmin.com/xmlschemas/GpxExtensionsv3.xsd http://www.garmin.com/xmlschemas/TrackPointExtension/v2 http://www.garmin.com/xmlschemas/TrackPointExtensionv2.xsd http://www.garmin.com/xmlschemas/TripExtensions/v1 http://www.garmin.com/xmlschemas/TripExtensionsv1.xsd" version="1.1" creator="BMW Motorrad Navigator V">
  <metadata>
    <link href="http://www.garmin.com">
      <text>Garmin International</text>
    </link>
    <time>2025-06-25T17:32:44Z</time>
  </metadata>
  <rte>
    <name>GW01</name>
    <desc>Converted from track</desc>
    <rtept lat="49.877587" lon="9.157963">
      <ele>120.77</ele>
      <time>2025-06-22T11:54:08Z</time>
    </rtept>
    <rtept lat="49.877587" lon="9.157963">
      <ele>120.77</ele>
      <time>2025-06-22T11:54:26Z</time>
    </rtept>
    <rtept lat="49.877587" lon="9.157963">
      <ele>120.77</ele>
      <time>2025-06-22T11:54:47Z</time>
    </rtept>
    <rtept lat="49.877608" lon="9.157963">
      <ele>121.25</ele>
      <time>2025-06-22T11:55:04Z</time>
    </rtept>
    <rtept lat="49.877608" lon="9.157963">
      <ele>121.25</ele>
      <time>2025-06-22T11:55:22Z</time>
    </rtept>
    <rtept lat="49.877608" lon="9.157963">
      <ele>121.25</ele>
      <time>2025-06-22T11:55:41Z</time>
    </rtept>
    <rtept lat="49.877608" lon="9.157941">
      <ele>120.77</ele>
      <time>2025-06-22T11:55:59Z</time>
    </rtept>
    <rtept lat="49.877608" lon="9.157941">
      <ele>121.25</ele>
      <time>2025-06-22T11:56:18Z</time>
    </rtept>
    <rtept lat="49.877608" lon="9.157941">
      <ele>121.25</ele>
      <time>2025-06-22T11:56:38Z</time>
    </rtept>
    <rtept lat="49.877608" lon="9.157941">
      <ele>121.73</ele>
      <time>2025-06-22T11:57:00Z</time>
    </rtept>
    <rtept lat="49.877608" lon="9.157941">
      <ele>121.73</ele>
      <time>2025-06-22T11:57:20Z</time>
    </rtept>
    <rtept lat="49.877608" lon="9.157941">
      <ele>121.73</ele>
      <time>2025-06-22T11:57:40Z</time>
    </rtept>
    <rtept lat="49.877608" lon="9.157941">
      <ele>121.73</ele>
      <time>2025-06-22T11:57:57Z</time>
    </rtept>
    <rtept lat="49.877608" lon="9.157941">
      <ele>121.73</ele>
      <time>2025-06-22T11:58:24Z</time>
    </rtept>
    <rtept lat="49.877608" lon="9.157941">
      <ele>122.21</ele>
      <time>2025-06-22T11:59:09Z</time>
    </rtept>
    <rtept lat="49.877608" lon="9.157963">
      <ele>122.69</ele>
      <time>2025-06-22T11:59:28Z</time>
    </rtept>
    <rtept lat="49.877608" lon="9.157963">
      <ele>122.69</ele>
      <time>2025-06-22T11:59:53Z</time>
    </rtept>
    <rtept lat="49.877608" lon="9.157963">
      <ele>123.17</ele>
      <time>2025-06-22T12:00:15Z</time>
    </rtept>
    <rtept lat="49.877608" lon="9.157963">
      <ele>123.17</ele>
      <time>2025-06-22T12:00:33Z</time>
    </rtept>
    <rtept lat="49.877608" lon="9.157963">
      <ele>123.17</ele>
      <time>2025-06-22T12:00:47Z</time>
    </rtept>
    <rtept lat="49.877608" lon="9.157941">
      <ele>124.14</ele>
      <time>2025-06-22T12:01:06Z</time>
    </rtept>
    <rtept lat="49.877608" lon="9.157941">
      <ele>125.1</ele>
      <time>2025-06-22T12:01:25Z</time>
    </rtept>
    <rtept lat="49.877608" lon="9.157941">
      <ele>125.58</ele>
      <time>2025-06-22T12:01:45Z</time>
    </rtept>
    <rtept lat="49.877608" lon="9.157941">
      <ele>125.58</ele>
      <time>2025-06-22T12:02:00Z</time>
    </rtept>
    <rtept lat="49.877608" lon="9.157941">
      <ele>125.58</ele>
      <time>2025-06-22T12:02:18Z</time>
    </rtept>
    <rtept lat="49.877587" lon="9.157941">
      <ele>126.06</ele>
      <time>2025-06-22T12:02:33Z</time>
    </rtept>
    <rtept lat="49.877587" lon="9.157941">
      <ele>126.06</ele>
      <time>2025-06-22T12:02:50Z</time>
    </rtept>
    <rtept lat="49.877587" lon="9.157941">
      <ele>126.54</ele>
      <time>2025-06-22T12:03:07Z</time>
    </rtept>
    <rtept lat="49.877587" lon="9.157941">
      <ele>126.54</ele>
      <time>2025-06-22T12:03:26Z</time>
    </rtept>
    <rtept lat="49.877587" lon="9.157941">
      <ele>126.06</ele>
      <time>2025-06-22T12:04:03Z</time>
    </rtept>
    <rtept lat="49.877587" lon="9.157941">
      <ele>126.06</ele>
      <time>2025-06-22T12:04:25Z</time>
    </rtept>
    <rtept lat="49.877587" lon="9.158006">
      <ele>133.75</ele>
      <time>2025-06-22T12:05:21Z</time>
    </rtept>
    <rtept lat="49.877587" lon="9.158006">
      <ele>132.79</ele>
      <time>2025-06-22T12:05:34Z</time>
    </rtept>
    <rtept lat="49.877587" lon="9.158006">
      <ele>132.79</ele>
      <time>2025-06-22T12:05:51Z</time>
    </rtept>
    <rtept lat="49.877587" lon="9.158006">
      <ele>131.34</ele>
      <time>2025-06-22T12:06:05Z</time>
    </rtept>
    <rtept lat="49.877587" lon="9.158006">
      <ele>131.34</ele>
      <time>2025-06-22T12:06:20Z</time>
    </rtept>
    <rtept lat="49.877587" lon="9.158006">
      <ele>131.34</ele>
      <time>2025-06-22T12:06:35Z</time>
    </rtept>
    <rtept lat="49.877587" lon="9.158006">
      <ele>131.34</ele>
      <time>2025-06-22T12:06:50Z</time>
    </rtept>
    <rtept lat="49.877587" lon="9.158006">
      <ele>131.34</ele>
      <time>2025-06-22T12:07:07Z</time>
    </rtept>
    <rtept lat="49.877587" lon="9.158006">
      <ele>130.86</ele>
      <time>2025-06-22T12:07:23Z</time>
    </rtept>
    <rtept lat="49.877587" lon="9.158006">
      <ele>130.86</ele>
      <time>2025-06-22T12:07:39Z</time>
    </rtept>
    <rtept lat="49.877587" lon="9.158006">
      <ele>130.86</ele>
      <time>2025-06-22T12:07:56Z</time>
    </rtept>
    <rtept lat="49.877587" lon="9.158006">
      <ele>130.86</ele>
      <time>2025-06-22T12:08:17Z</time>
    </rtept>
    <rtept lat="49.877587" lon="9.158006">
      <ele>130.86</ele>
      <time>2025-06-22T12:08:34Z</time>
    </rtept>
    <rtept lat="49.877587" lon="9.158006">
      <ele>130.38</ele>
      <time>2025-06-22T12:08:56Z</time>
    </rtept>
    <rtept lat="49.877587" lon="9.158006">
      <ele>130.38</ele>
      <time>2025-06-22T12:09:07Z</time>
    </rtept>
    <rtept lat="49.877587" lon="9.157984">
      <ele>130.38</ele>
      <time>2025-06-22T12:09:20Z</time>
    </rtept>
    <rtept lat="49.877587" lon="9.157984">
      <ele>130.38</ele>
      <time>2025-06-22T12:09:37Z</time>
    </rtept>
    <rtept lat="49.877587" lon="9.157984">
      <ele>129.9</ele>
      <time>2025-06-22T12:09:50Z</time>
    </rtept>
    <rtept lat="49.877587" lon="9.157984">
      <ele>129.9</ele>
      <time>2025-06-22T12:10:04Z</time>
    </rtept>
    <rtept lat="49.877587" lon="9.157984">
      <ele>129.9</ele>
      <time>2025-06-22T12:10:19Z</time>
    </rtept>
    <rtept lat="49.877587" lon="9.157984">
      <ele>129.9</ele>
      <time>2025-06-22T12:10:33Z</time>
    </rtept>
    <rtept lat="49.877587" lon="9.157984">
      <ele>129.42</ele>
      <time>2025-06-22T12:10:50Z</time>
    </rtept>
    <rtept lat="49.877587" lon="9.157984">
      <ele>129.9</ele>
      <time>2025-06-22T12:11:13Z</time>
    </rtept>
    <rtept lat="49.877565" lon="9.158027">
      <ele>120.77</ele>
      <time>2025-06-22T12:11:33Z</time>
    </rtept>
    <rtept lat="49.877587" lon="9.158006">
      <ele>120.29</ele>
      <time>2025-06-22T12:11:52Z</time>
    </rtept>
    <rtept lat="49.877587" lon="9.158006">
      <ele>119.81</ele>
      <time>2025-06-22T12:12:12Z</time>
    </rtept>
    <rtept lat="49.877587" lon="9.158006">
      <ele>119.33</ele>
      <time>2025-06-22T12:12:29Z</time>
    </rtept>
    <rtept lat="49.877587" lon="9.158006">
      <ele>119.33</ele>
      <time>2025-06-22T12:12:46Z</time>
    </rtept>
    <rtept lat="49.877587" lon="9.158006">
      <ele>118.85</ele>
      <time>2025-06-22T12:13:04Z</time>
    </rtept>
    <rtept lat="49.877587" lon="9.158006">
      <ele>117.41</ele>
      <time>2025-06-22T12:13:16Z</time>
    </rtept>
    <rtept lat="49.877608" lon="9.157963">
      <ele>116.93</ele>
      <time>2025-06-22T12:13:31Z</time>
    </rtept>
    <rtept lat="49.877608" lon="9.157963">
      <ele>116.93</ele>
      <time>2025-06-22T12:13:47Z</time>
    </rtept>
    <rtept lat="49.877608" lon="9.157963">
      <ele>116.93</ele>
      <time>2025-06-22T12:13:49Z</time>
    </rtept>
    <rtept lat="49.877608" lon="9.157941">
      <ele>117.41</ele>
      <time>2025-06-22T12:14:02Z</time>
    </rtept>
    <rtept lat="49.877608" lon="9.157941">
      <ele>117.41</ele>
      <time>2025-06-22T12:14:17Z</time>
    </rtept>
    <rtept lat="49.877608" lon="9.157941">
      <ele>117.41</ele>
      <time>2025-06-22T12:14:36Z</time>
    </rtept>
    <rtept lat="49.877608" lon="9.157941">
      <ele>117.41</ele>
      <time>2025-06-22T12:14:52Z</time>
    </rtept>
    <rtept lat="49.877608" lon="9.157941">
      <ele>117.41</ele>
      <time>2025-06-22T12:16:45Z</time>
    </rtept>
    <rtept lat="49.877523" lon="9.157748">
      <ele>91.45</ele>
      <time>2025-06-22T12:19:18Z</time>
    </rtept>
    <rtept lat="49.877565" lon="9.157941">
      <ele>105.39</ele>
      <time>2025-06-22T12:19:37Z</time>
    </rtept>
    <rtept lat="49.877544" lon="9.15792">
      <ele>104.43</ele>
      <time>2025-06-22T12:19:51Z</time>
    </rtept>
    <rtept lat="49.877544" lon="9.15792">
      <ele>103.95</ele>
      <time>2025-06-22T12:20:08Z</time>
    </rtept>
    <rtept lat="49.877544" lon="9.15792">
      <ele>103.95</ele>
      <time>2025-06-22T12:20:25Z</time>
    </rtept>
    <rtept lat="49.877544" lon="9.15792">
      <ele>103.95</ele>
      <time>2025-06-22T12:20:44Z</time>
    </rtept>
    <rtept lat="49.877544" lon="9.15792">
      <ele>103.95</ele>
      <time>2025-06-22T12:21:03Z</time>
    </rtept>
    <rtept lat="49.877544" lon="9.15792">
      <ele>103.95</ele>
      <time>2025-06-22T12:21:23Z</time>
    </rtept>
    <rtept lat="49.877544" lon="9.15792">
      <ele>104.43</ele>
      <time>2025-06-22T12:21:44Z</time>
    </rtept>
    <rtept lat="49.877544" lon="9.15792">
      <ele>104.91</ele>
      <time>2025-06-22T12:22:05Z</time>
    </rtept>
    <rtept lat="49.877544" lon="9.15792">
      <ele>104.91</ele>
      <time>2025-06-22T12:22:27Z</time>
    </rtept>
    <rtept lat="49.877544" lon="9.15792">
      <ele>104.91</ele>
      <time>2025-06-22T12:22:45Z</time>
    </rtept>
    <rtept lat="49.877544" lon="9.15792">
      <ele>105.39</ele>
      <time>2025-06-22T12:23:06Z</time>
    </rtept>
    <rtept lat="49.877544" lon="9.15792">
      <ele>105.39</ele>
      <time>2025-06-22T12:23:23Z</time>
    </rtept>
    <rtept lat="49.877544" lon="9.15792">
      <ele>105.39</ele>
      <time>2025-06-22T12:23:42Z</time>
    </rtept>
    <rtept lat="49.877544" lon="9.15792">
      <ele>105.39</ele>
      <time>2025-06-22T12:24:04Z</time>
    </rtept>
    <rtept lat="49.877544" lon="9.15792">
      <ele>105.39</ele>
      <time>2025-06-22T12:27:14Z</time>
    </rtept>
    <rtept lat="49.877565" lon="9.157899">
      <ele>108.27</ele>
      <time>2025-06-22T12:28:17Z</time>
    </rtept>
    <rtept lat="49.877565" lon="9.157899">
      <ele>108.27</ele>
      <time>2025-06-22T12:28:34Z</time>
    </rtept>
    <rtept lat="49.877565" lon="9.157899">
      <ele>106.83</ele>
      <time>2025-06-22T12:28:52Z</time>
    </rtept>
    <rtept lat="49.877565" lon="9.15792">
      <ele>106.83</ele>
      <time>2025-06-22T12:29:10Z</time>
    </rtept>
    <rtept lat="49.877565" lon="9.15792">
      <ele>106.35</ele>
      <time>2025-06-22T12:29:26Z</time>
    </rtept>
    <rtept lat="49.877565" lon="9.15792">
      <ele>105.87</ele>
      <time>2025-06-22T12:29:40Z</time>
    </rtept>
    <rtept lat="49.877544" lon="9.15792">
      <ele>105.87</ele>
      <time>2025-06-22T12:29:55Z</time>
    </rtept>
    <rtept lat="49.877544" lon="9.15792">
      <ele>105.87</ele>
      <time>2025-06-22T12:30:11Z</time>
    </rtept>
    <rtept lat="49.877565" lon="9.15792">
      <ele>106.35</ele>
      <time>2025-06-22T12:30:26Z</time>
    </rtept>
    <rtept lat="49.877565" lon="9.15792">
      <ele>107.31</ele>
      <time>2025-06-22T12:30:40Z</time>
    </rtept>
    <rtept lat="49.877565" lon="9.15792">
      <ele>107.31</ele>
      <time>2025-06-22T12:30:55Z</time>
    </rtept>
    <rtept lat="49.877565" lon="9.15792">
      <ele>107.31</ele>
      <time>2025-06-22T12:31:26Z</time>
    </rtept>
    <rtept lat="49.877565" lon="9.158006">
      <ele>114.52</ele>
      <time>2025-06-22T12:31:46Z</time>
    </rtept>
    <rtept lat="49.877565" lon="9.158006">
      <ele>115.96</ele>
      <time>2025-06-22T12:32:01Z</time>
    </rtept>
    <rtept lat="49.877565" lon="9.158006">
      <ele>116.44</ele>
      <time>2025-06-22T12:32:17Z</time>
    </rtept>
    <rtept lat="49.877565" lon="9.158006">
      <ele>116.44</ele>
      <time>2025-06-22T12:32:36Z</time>
    </rtept>
    <rtept lat="49.877565" lon="9.158006">
      <ele>115.48</ele>
      <time>2025-06-22T12:32:55Z</time>
    </rtept>
    <rtept lat="49.877587" lon="9.158006">
      <ele>115.48</ele>
      <time>2025-06-22T12:33:15Z</time>
    </rtept>
    <rtept lat="49.877587" lon="9.158006">
      <ele>115.48</ele>
      <time>2025-06-22T12:33:33Z</time>
    </rtept>
    <rtept lat="49.877565" lon="9.158006">
      <ele>115.48</ele>
      <time>2025-06-22T12:33:50Z</time>
    </rtept>
    <rtept lat="49.877565" lon="9.158006">
      <ele>115.48</ele>
      <time>2025-06-22T12:34:14Z</time>
    </rtept>
    <rtept lat="49.877565" lon="9.158006">
      <ele>115.48</ele>
      <time>2025-06-22T12:34:36Z</time>
    </rtept>
    <rtept lat="49.877565" lon="9.157984">
      <ele>115.48</ele>
      <time>2025-06-22T12:34:59Z</time>
    </rtept>
    <rtept lat="49.877565" lon="9.157984">
      <ele>115.48</ele>
      <time>2025-06-22T12:35:14Z</time>
    </rtept>
    <rtept lat="49.877565" lon="9.157984">
      <ele>115.48</ele>
      <time>2025-06-22T12:35:28Z</time>
    </rtept>
    <rtept lat="49.877565" lon="9.157984">
      <ele>115.48</ele>
      <time>2025-06-22T12:35:45Z</time>
    </rtept>
    <rtept lat="49.877565" lon="9.157984">
      <ele>115.48</ele>
      <time>2025-06-22T12:35:58Z</time>
    </rtept>
    <rtept lat="49.877587" lon="9.157984">
      <ele>115.96</ele>
      <time>2025-06-22T12:36:11Z</time>
    </rtept>
    <rtept lat="49.877608" lon="9.157984">
      <ele>115.48</ele>
      <time>2025-06-22T12:36:23Z</time>
    </rtept>
    <rtept lat="49.877608" lon="9.157984">
      <ele>115.48</ele>
      <time>2025-06-22T12:36:36Z</time>
    </rtept>
    <rtept lat="49.877587" lon="9.157963">
      <ele>115.48</ele>
      <time>2025-06-22T12:36:49Z</time>
    </rtept>
    <rtept lat="49.877587" lon="9.157963">
      <ele>115.48</ele>
      <time>2025-06-22T12:37:02Z</time>
    </rtept>
    <rtept lat="49.877587" lon="9.157963">
      <ele>115.48</ele>
      <time>2025-06-22T12:37:16Z</time>
    </rtept>
    <rtept lat="49.877587" lon="9.157963">
      <ele>115.48</ele>
      <time>2025-06-22T12:37:28Z</time>
    </rtept>
    <rtept lat="49.877587" lon="9.157963">
      <ele>115.96</ele>
      <time>2025-06-22T12:37:41Z</time>
    </rtept>
    <rtept lat="49.877587" lon="9.157963">
      <ele>115.96</ele>
      <time>2025-06-22T12:38:02Z</time>
    </rtept>
    <rtept lat="49.877587" lon="9.157963">
      <ele>115.96</ele>
      <time>2025-06-22T12:38:20Z</time>
    </rtept>
    <rtept lat="49.877565" lon="9.157984">
      <ele>112.12</ele>
      <time>2025-06-22T12:38:35Z</time>
    </rtept>
    <rtept lat="49.877544" lon="9.157963">
      <ele>107.79</ele>
      <time>2025-06-22T12:38:44Z</time>
    </rtept>
    <rtept lat="49.877458" lon="9.15792">
      <ele>108.75</ele>
      <time>2025-06-22T12:38:55Z</time>
    </rtept>
    <rtept lat="49.877458" lon="9.15792">
      <ele>108.75</ele>
      <time>2025-06-22T12:39:10Z</time>
    </rtept>
    <rtept lat="49.877458" lon="9.15792">
      <ele>108.75</ele>
      <time>2025-06-22T12:39:23Z</time>
    </rtept>
    <rtept lat="49.877458" lon="9.15792">
      <ele>108.75</ele>
      <time>2025-06-22T12:39:40Z</time>
    </rtept>
    <rtept lat="49.877437" lon="9.15792">
      <ele>107.79</ele>
      <time>2025-06-22T12:39:55Z</time>
    </rtept>
    <rtept lat="49.877437" lon="9.15792">
      <ele>107.31</ele>
      <time>2025-06-22T12:40:08Z</time>
    </rtept>
    <rtept lat="49.877437" lon="9.15792">
      <ele>107.31</ele>
      <time>2025-06-22T12:40:22Z</time>
    </rtept>
    <rtept lat="49.877437" lon="9.157941">
      <ele>107.79</ele>
      <time>2025-06-22T12:40:39Z</time>
    </rtept>
    <rtept lat="49.877437" lon="9.157941">
      <ele>107.79</ele>
      <time>2025-06-22T12:40:56Z</time>
    </rtept>
    <rtept lat="49.877437" lon="9.157941">
      <ele>107.31</ele>
      <time>2025-06-22T12:41:13Z</time>
    </rtept>
    <rtept lat="49.877437" lon="9.157941">
      <ele>107.31</ele>
      <time>2025-06-22T12:41:29Z</time>
    </rtept>
    <rtept lat="49.877437" lon="9.157941">
      <ele>107.31</ele>
      <time>2025-06-22T12:41:44Z</time>
    </rtept>
    <rtept lat="49.877437" lon="9.157941">
      <ele>107.79</ele>
      <time>2025-06-22T12:42:02Z</time>
    </rtept>
    <rtept lat="49.877437" lon="9.157941">
      <ele>108.27</ele>
      <time>2025-06-22T12:42:18Z</time>
    </rtept>
    <rtept lat="49.877437" lon="9.157941">
      <ele>108.75</ele>
      <time>2025-06-22T12:42:36Z</time>
    </rtept>
    <rtept lat="49.877437" lon="9.157941">
      <ele>109.23</ele>
      <time>2025-06-22T12:42:54Z</time>
    </rtept>
    <rtept lat="49.877458" lon="9.157941">
      <ele>110.2</ele>
      <time>2025-06-22T12:43:10Z</time>
    </rtept>
    <rtept lat="49.877458" lon="9.157941">
      <ele>110.68</ele>
      <time>2025-06-22T12:43:26Z</time>
    </rtept>
    <rtept lat="49.877458" lon="9.157941">
      <ele>111.16</ele>
      <time>2025-06-22T12:43:42Z</time>
    </rtept>
    <rtept lat="49.877458" lon="9.157941">
      <ele>111.64</ele>
      <time>2025-06-22T12:43:58Z</time>
    </rtept>
    <rtept lat="49.877458" lon="9.157941">
      <ele>111.64</ele>
      <time>2025-06-22T12:44:16Z</time>
    </rtept>
    <rtept lat="49.877458" lon="9.157941">
      <ele>112.12</ele>
      <time>2025-06-22T12:44:33Z</time>
    </rtept>
    <rtept lat="49.877458" lon="9.157941">
      <ele>112.6</ele>
      <time>2025-06-22T12:44:51Z</time>
    </rtept>
    <rtept lat="49.877458" lon="9.157941">
      <ele>113.56</ele>
      <time>2025-06-22T12:45:10Z</time>
    </rtept>
    <rtept lat="49.877458" lon="9.15792">
      <ele>113.56</ele>
      <time>2025-06-22T12:45:27Z</time>
    </rtept>
    <rtept lat="49.877458" lon="9.15792">
      <ele>114.04</ele>
      <time>2025-06-22T12:45:42Z</time>
    </rtept>
    <rtept lat="49.87748" lon="9.15792">
      <ele>114.52</ele>
      <time>2025-06-22T12:45:59Z</time>
    </rtept>
    <rtept lat="49.87748" lon="9.15792">
      <ele>115.0</ele>
      <time>2025-06-22T12:46:15Z</time>
    </rtept>
    <rtept lat="49.87748" lon="9.15792">
      <ele>115.0</ele>
      <time>2025-06-22T12:46:34Z</time>
    </rtept>
    <rtept lat="49.87748" lon="9.15792">
      <ele>115.48</ele>
      <time>2025-06-22T12:46:51Z</time>
    </rtept>
    <rtept lat="49.87748" lon="9.15792">
      <ele>116.44</ele>
      <time>2025-06-22T12:47:08Z</time>
    </rtept>
    <rtept lat="49.87748" lon="9.15792">
      <ele>116.93</ele>
      <time>2025-06-22T12:47:24Z</time>
    </rtept>
    <rtept lat="49.87748" lon="9.15792">
      <ele>117.89</ele>
      <time>2025-06-22T12:47:44Z</time>
    </rtept>
    <rtept lat="49.87748" lon="9.15792">
      <ele>118.37</ele>
      <time>2025-06-22T12:47:59Z</time>
    </rtept>
    <rtept lat="49.87748" lon="9.15792">
      <ele>118.85</ele>
      <time>2025-06-22T12:48:16Z</time>
    </rtept>
    <rtept lat="49.877501" lon="9.15792">
      <ele>119.33</ele>
      <time>2025-06-22T12:48:33Z</time>
    </rtept>
    <rtept lat="49.877501" lon="9.15792">
      <ele>119.33</ele>
      <time>2025-06-22T12:48:47Z</time>
    </rtept>
    <rtept lat="49.877501" lon="9.15792">
      <ele>119.81</ele>
      <time>2025-06-22T12:49:03Z</time>
    </rtept>
    <rtept lat="49.877501" lon="9.15792">
      <ele>119.81</ele>
      <time>2025-06-22T12:49:16Z</time>
    </rtept>
    <rtept lat="49.877501" lon="9.15792">
      <ele>119.81</ele>
      <time>2025-06-22T12:49:32Z</time>
    </rtept>
    <rtept lat="49.877501" lon="9.15792">
      <ele>119.81</ele>
      <time>2025-06-22T12:49:48Z</time>
    </rtept>
    <rtept lat="49.877501" lon="9.15792">
      <ele>119.81</ele>
      <time>2025-06-22T12:50:04Z</time>
    </rtept>
    <rtept lat="49.877501" lon="9.15792">
      <ele>119.81</ele>
      <time>2025-06-22T12:50:22Z</time>
    </rtept>
    <rtept lat="49.877501" lon="9.157941">
      <ele>119.33</ele>
      <time>2025-06-22T12:50:37Z</time>
    </rtept>
    <rtept lat="49.877501" lon="9.157941">
      <ele>119.33</ele>
      <time>2025-06-22T12:50:52Z</time>
    </rtept>
    <rtept lat="49.877501" lon="9.157941">
      <ele>119.33</ele>
      <time>2025-06-22T12:51:08Z</time>
    </rtept>
    <rtept lat="49.877501" lon="9.157941">
      <ele>119.33</ele>
      <time>2025-06-22T12:51:25Z</time>
    </rtept>
    <rtept lat="49.877501" lon="9.157941">
      <ele>119.33</ele>
      <time>2025-06-22T12:51:48Z</time>
    </rtept>
    <rtept lat="49.877501" lon="9.157941">
      <ele>119.81</ele>
      <time>2025-06-22T12:52:06Z</time>
    </rtept>
    <rtept lat="49.877501" lon="9.157941">
      <ele>120.29</ele>
      <time>2025-06-22T12:52:25Z</time>
    </rtept>
    <rtept lat="49.877501" lon="9.157941">
      <ele>120.29</ele>
      <time>2025-06-22T12:52:45Z</time>
    </rtept>
    <rtept lat="49.877501" lon="9.157941">
      <ele>120.29</ele>
      <time>2025-06-22T12:53:02Z</time>
    </rtept>
    <rtept lat="49.877501" lon="9.157941">
      <ele>120.77</ele>
      <time>2025-06-22T12:53:20Z</time>
    </rtept>
    <rtept lat="49.877501" lon="9.157941">
      <ele>121.25</ele>
      <time>2025-06-22T12:53:39Z</time>
    </rtept>
    <rtept lat="49.877501" lon="9.157941">
      <ele>121.73</ele>
      <time>2025-06-22T12:54:00Z</time>
    </rtept>
    <rtept lat="49.877501" lon="9.157941">
      <ele>121.73</ele>
      <time>2025-06-22T12:54:18Z</time>
    </rtept>
    <rtept lat="49.877501" lon="9.157941">
      <ele>122.21</ele>
      <time>2025-06-22T12:54:36Z</time>
    </rtept>
    <rtept lat="49.877501" lon="9.157941">
      <ele>123.17</ele>
      <time>2025-06-22T12:54:54Z</time>
    </rtept>
    <rtept lat="49.877523" lon="9.157941">
      <ele>123.65</ele>
      <time>2025-06-22T12:55:12Z</time>
    </rtept>
    <rtept lat="49.877523" lon="9.157941">
      <ele>123.65</ele>
      <time>2025-06-22T12:55:29Z</time>
    </rtept>
    <rtept lat="49.877523" lon="9.157941">
      <ele>124.14</ele>
      <time>2025-06-22T12:55:47Z</time>
    </rtept>
    <rtept lat="49.877523" lon="9.157941">
      <ele>124.14</ele>
      <time>2025-06-22T12:56:06Z</time>
    </rtept>
    <rtept lat="49.877523" lon="9.157941">
      <ele>124.62</ele>
      <time>2025-06-22T12:56:26Z</time>
    </rtept>
    <rtept lat="49.877523" lon="9.157941">
      <ele>124.62</ele>
      <time>2025-06-22T12:56:42Z</time>
    </rtept>
    <rtept lat="49.877523" lon="9.157941">
      <ele>124.62</ele>
      <time>2025-06-22T12:57:02Z</time>
    </rtept>
    <rtept lat="49.877523" lon="9.157941">
      <ele>124.62</ele>
      <time>2025-06-22T12:57:21Z</time>
    </rtept>
    <rtept lat="49.877523" lon="9.157963">
      <ele>124.62</ele>
      <time>2025-06-22T12:57:39Z</time>
    </rtept>
    <rtept lat="49.877523" lon="9.157941">
      <ele>124.62</ele>
      <time>2025-06-22T12:57:58Z</time>
    </rtept>
    <rtept lat="49.877523" lon="9.157941">
      <ele>124.14</ele>
      <time>2025-06-22T12:58:17Z</time>
    </rtept>
    <rtept lat="49.877523" lon="9.157941">
      <ele>124.14</ele>
      <time>2025-06-22T12:58:34Z</time>
    </rtept>
    <rtept lat="49.877523" lon="9.157941">
      <ele>124.62</ele>
      <time>2025-06-22T12:58:54Z</time>
    </rtept>
    <rtept lat="49.877523" lon="9.157941">
      <ele>124.62</ele>
      <time>2025-06-22T12:59:11Z</time>
    </rtept>
    <rtept lat="49.877523" lon="9.157941">
      <ele>125.1</ele>
      <time>2025-06-22T12:59:29Z</time>
    </rtept>
    <rtept lat="49.877523" lon="9.157941">
      <ele>125.1</ele>
      <time>2025-06-22T12:59:47Z</time>
    </rtept>
    <rtept lat="49.877523" lon="9.157941">
      <ele>125.58</ele>
      <time>2025-06-22T13:00:06Z</time>
    </rtept>
    <rtept lat="49.877523" lon="9.157941">
      <ele>125.58</ele>
      <time>2025-06-22T13:00:22Z</time>
    </rtept>
    <rtept lat="49.877523" lon="9.157941">
      <ele>126.06</ele>
      <time>2025-06-22T13:00:38Z</time>
    </rtept>
    <rtept lat="49.877523" lon="9.157941">
      <ele>126.54</ele>
      <time>2025-06-22T13:00:55Z</time>
    </rtept>
    <rtept lat="49.877523" lon="9.157941">
      <ele>126.54</ele>
      <time>2025-06-22T13:01:10Z</time>
    </rtept>
    <rtept lat="49.877523" lon="9.157941">
      <ele>127.02</ele>
      <time>2025-06-22T13:01:27Z</time>
    </rtept>
    <rtept lat="49.877523" lon="9.157941">
      <ele>127.5</ele>
      <time>2025-06-22T13:01:42Z</time>
    </rtept>
    <rtept lat="49.877523" lon="9.157963">
      <ele>127.98</ele>
      <time>2025-06-22T13:02:03Z</time>
    </rtept>
    <rtept lat="49.877523" lon="9.157963">
      <ele>127.98</ele>
      <time>2025-06-22T13:02:23Z</time>
    </rtept>
    <rtept lat="49.877523" lon="9.157963">
      <ele>128.46</ele>
      <time>2025-06-22T13:02:40Z</time>
    </rtept>
    <rtept lat="49.877523" lon="9.157963">
      <ele>128.46</ele>
      <time>2025-06-22T13:02:59Z</time>
    </rtept>
    <rtept lat="49.877523" lon="9.157963">
      <ele>128.46</ele>
      <time>2025-06-22T13:03:15Z</time>
    </rtept>
    <rtept lat="49.877523" lon="9.157963">
      <ele>128.46</ele>
      <time>2025-06-22T13:03:33Z</time>
    </rtept>
    <rtept lat="49.877523" lon="9.157963">
      <ele>128.46</ele>
      <time>2025-06-22T13:03:52Z</time>
    </rtept>
    <rtept lat="49.877523" lon="9.157963">
      <ele>128.46</ele>
      <time>2025-06-22T13:04:09Z</time>
    </rtept>
    <rtept lat="49.877523" lon="9.157963">
      <ele>128.46</ele>
      <time>2025-06-22T13:04:27Z</time>
    </rtept>
    <rtept lat="49.877523" lon="9.157963">
      <ele>128.46</ele>
      <time>2025-06-22T13:04:43Z</time>
    </rtept>
    <rtept lat="49.877523" lon="9.157963">
      <ele>128.46</ele>
      <time>2025-06-22T13:05:03Z</time>
    </rtept>
    <rtept lat="49.877523" lon="9.157963">
      <ele>128.46</ele>
      <time>2025-06-22T13:05:20Z</time>
    </rtept>
    <rtept lat="49.877523" lon="9.157963">
      <ele>128.46</ele>
      <time>2025-06-22T13:05:38Z</time>
    </rtept>
    <rtept lat="49.877544" lon="9.157941">
      <ele>128.46</ele>
      <time>2025-06-22T13:05:59Z</time>
    </rtept>
    <rtept lat="49.877544" lon="9.157941">
      <ele>128.46</ele>
      <time>2025-06-22T13:06:19Z</time>
    </rtept>
    <rtept lat="49.877544" lon="9.157941">
      <ele>128.94</ele>
      <time>2025-06-22T13:06:38Z</time>
    </rtept>
    <rtept lat="49.877544" lon="9.157941">
      <ele>128.94</ele>
      <time>2025-06-22T13:06:57Z</time>
    </rtept>
    <rtept lat="49.877544" lon="9.157941">
      <ele>128.94</ele>
      <time>2025-06-22T13:07:18Z</time>
    </rtept>
    <rtept lat="49.877544" lon="9.157941">
      <ele>128.94</ele>
      <time>2025-06-22T13:07:41Z</time>
    </rtept>
    <rtept lat="49.877544" lon="9.157941">
      <ele>128.94</ele>
      <time>2025-06-22T13:08:00Z</time>
    </rtept>
    <rtept lat="49.877544" lon="9.157941">
      <ele>128.94</ele>
      <time>2025-06-22T13:08:22Z</time>
    </rtept>
    <rtept lat="49.877544" lon="9.157941">
      <ele>128.94</ele>
      <time>2025-06-22T13:08:43Z</time>
    </rtept>
    <rtept lat="49.877544" lon="9.157963">
      <ele>128.94</ele>
      <time>2025-06-22T13:09:02Z</time>
    </rtept>
    <rtept lat="49.877544" lon="9.157963">
      <ele>128.46</ele>
      <time>2025-06-22T13:09:20Z</time>
    </rtept>
    <rtept lat="49.877544" lon="9.157963">
      <ele>128.46</ele>
      <time>2025-06-22T13:09:39Z</time>
    </rtept>
    <rtept lat="49.877544" lon="9.157963">
      <ele>127.98</ele>
      <time>2025-06-22T13:09:54Z</time>
    </rtept>
    <rtept lat="49.877544" lon="9.157963">
      <ele>127.98</ele>
      <time>2025-06-22T13:10:10Z</time>
    </rtept>
    <rtept lat="49.877544" lon="9.157941">
      <ele>127.98</ele>
      <time>2025-06-22T13:10:29Z</time>
    </rtept>
    <rtept lat="49.877544" lon="9.157941">
      <ele>127.5</ele>
      <time>2025-06-22T13:10:46Z</time>
    </rtept>
    <rtept lat="49.877544" lon="9.157941">
      <ele>127.5</ele>
      <time>2025-06-22T13:11:04Z</time>
    </rtept>
    <rtept lat="49.877544" lon="9.157941">
      <ele>127.02</ele>
      <time>2025-06-22T13:11:22Z</time>
    </rtept>
    <rtept lat="49.877544" lon="9.157941">
      <ele>127.5</ele>
      <time>2025-06-22T13:11:38Z</time>
    </rtept>
    <rtept lat="49.877544" lon="9.157941">
      <ele>127.5</ele>
      <time>2025-06-22T13:11:56Z</time>
    </rtept>
    <rtept lat="49.877544" lon="9.157941">
      <ele>127.5</ele>
      <time>2025-06-22T13:12:13Z</time>
    </rtept>
    <rtept lat="49.877544" lon="9.157941">
      <ele>127.5</ele>
      <time>2025-06-22T13:12:17Z</time>
    </rtept>
    <rtept lat="49.877544" lon="9.157941">
      <ele>126.06</ele>
      <time>2025-06-22T13:12:29Z</time>
    </rtept>
    <rtept lat="49.877544" lon="9.157941">
      <ele>126.06</ele>
      <time>2025-06-22T13:12:45Z</time>
    </rtept>
    <rtept lat="49.877544" lon="9.157941">
      <ele>126.54</ele>
      <time>2025-06-22T13:13:03Z</time>
    </rtept>
    <rtept lat="49.877544" lon="9.157941">
      <ele>126.54</ele>
      <time>2025-06-22T13:13:20Z</time>
    </rtept>
    <rtept lat="49.877544" lon="9.157941">
      <ele>127.02</ele>
      <time>2025-06-22T13:13:36Z</time>
    </rtept>
    <rtept lat="49.877544" lon="9.157941">
      <ele>127.02</ele>
      <time>2025-06-22T13:13:50Z</time>
    </rtept>
    <rtept lat="49.877544" lon="9.157941">
      <ele>127.5</ele>
      <time>2025-06-22T13:14:06Z</time>
    </rtept>
    <rtept lat="49.877544" lon="9.157963">
      <ele>127.5</ele>
      <time>2025-06-22T13:14:19Z</time>
    </rtept>
    <rtept lat="49.877544" lon="9.157963">
      <ele>127.5</ele>
      <time>2025-06-22T13:14:35Z</time>
    </rtept>
    <rtept lat="49.877544" lon="9.157963">
      <ele>127.98</ele>
      <time>2025-06-22T13:14:52Z</time>
    </rtept>
    <rtept lat="49.877544" lon="9.157963">
      <ele>127.98</ele>
      <time>2025-06-22T13:15:10Z</time>
    </rtept>
    <rtept lat="49.877544" lon="9.157963">
      <ele>127.98</ele>
      <time>2025-06-22T13:15:29Z</time>
    </rtept>
    <rtept lat="49.877544" lon="9.157963">
      <ele>127.98</ele>
      <time>2025-06-22T13:15:48Z</time>
    </rtept>
    <rtept lat="49.877544" lon="9.157963">
      <ele>128.46</ele>
      <time>2025-06-22T13:16:04Z</time>
    </rtept>
    <rtept lat="49.877544" lon="9.157963">
      <ele>128.46</ele>
      <time>2025-06-22T13:16:24Z</time>
    </rtept>
    <rtept lat="49.877544" lon="9.157963">
      <ele>128.94</ele>
      <time>2025-06-22T13:16:42Z</time>
    </rtept>
    <rtept lat="49.877544" lon="9.157963">
      <ele>128.46</ele>
      <time>2025-06-22T13:17:02Z</time>
    </rtept>
    <rtept lat="49.877544" lon="9.157963">
      <ele>128.46</ele>
      <time>2025-06-22T13:17:19Z</time>
    </rtept>
    <rtept lat="49.877544" lon="9.157963">
      <ele>127.98</ele>
      <time>2025-06-22T13:17:41Z</time>
    </rtept>
    <rtept lat="49.877544" lon="9.157984">
      <ele>127.98</ele>
      <time>2025-06-22T13:17:59Z</time>
    </rtept>
    <rtept lat="49.877544" lon="9.157984">
      <ele>127.98</ele>
      <time>2025-06-22T13:18:24Z</time>
    </rtept>
    <rtept lat="49.877544" lon="9.157963">
      <ele>127.5</ele>
      <time>2025-06-22T13:18:46Z</time>
    </rtept>
    <rtept lat="49.877544" lon="9.157963">
      <ele>127.02</ele>
      <time>2025-06-22T13:19:07Z</time>
    </rtept>
    <rtept lat="49.877544" lon="9.157963">
      <ele>126.54</ele>
      <time>2025-06-22T13:19:24Z</time>
    </rtept>
    <rtept lat="49.877544" lon="9.157984">
      <ele>126.06</ele>
      <time>2025-06-22T13:19:43Z</time>
    </rtept>
    <rtept lat="49.877544" lon="9.157984">
      <ele>125.58</ele>
      <time>2025-06-22T13:20:04Z</time>
    </rtept>
    <rtept lat="49.877544" lon="9.157984">
      <ele>125.58</ele>
      <time>2025-06-22T13:20:21Z</time>
    </rtept>
    <rtept lat="49.877544" lon="9.157984">
      <ele>125.58</ele>
      <time>2025-06-22T13:20:40Z</time>
    </rtept>
    <rtept lat="49.877544" lon="9.157984">
      <ele>125.1</ele>
      <time>2025-06-22T13:20:54Z</time>
    </rtept>
    <rtept lat="49.877544" lon="9.157984">
      <ele>125.1</ele>
      <time>2025-06-22T13:21:15Z</time>
    </rtept>
    <rtept lat="49.877544" lon="9.157984">
      <ele>125.1</ele>
      <time>2025-06-22T13:21:32Z</time>
    </rtept>
    <rtept lat="49.877544" lon="9.157984">
      <ele>125.1</ele>
      <time>2025-06-22T13:21:50Z</time>
    </rtept>
    <rtept lat="49.877544" lon="9.157984">
      <ele>125.1</ele>
      <time>2025-06-22T13:22:08Z</time>
    </rtept>
    <rtept lat="49.877544" lon="9.157984">
      <ele>125.1</ele>
      <time>2025-06-22T13:22:29Z</time>
    </rtept>
    <rtept lat="49.877544" lon="9.157984">
      <ele>125.1</ele>
      <time>2025-06-22T13:22:48Z</time>
    </rtept>
    <rtept lat="49.877544" lon="9.157984">
      <ele>125.58</ele>
      <time>2025-06-22T13:23:07Z</time>
    </rtept>
    <rtept lat="49.877544" lon="9.157984">
      <ele>125.58</ele>
      <time>2025-06-22T13:23:26Z</time>
    </rtept>
    <rtept lat="49.877544" lon="9.157984">
      <ele>125.1</ele>
      <time>2025-06-22T13:23:42Z</time>
    </rtept>
    <rtept lat="49.877544" lon="9.157984">
      <ele>125.1</ele>
      <time>2025-06-22T13:24:04Z</time>
    </rtept>
    <rtept lat="49.877544" lon="9.157984">
      <ele>125.1</ele>
      <time>2025-06-22T13:24:23Z</time>
    </rtept>
    <rtept lat="49.877544" lon="9.157984">
      <ele>125.1</ele>
      <time>2025-06-22T13:24:43Z</time>
    </rtept>
    <rtept lat="49.877544" lon="9.157984">
      <ele>125.1</ele>
      <time>2025-06-22T13:25:03Z</time>
    </rtept>
    <rtept lat="49.877544" lon="9.157984">
      <ele>125.1</ele>
      <time>2025-06-22T13:25:25Z</time>
    </rtept>
    <rtept lat="49.877544" lon="9.157963">
      <ele>125.1</ele>
      <time>2025-06-22T13:25:45Z</time>
    </rtept>
    <rtept lat="49.877544" lon="9.157984">
      <ele>125.1</ele>
      <time>2025-06-22T13:26:04Z</time>
    </rtept>
    <rtept lat="49.877544" lon="9.157984">
      <ele>125.1</ele>
      <time>2025-06-22T13:26:21Z</time>
    </rtept>
    <rtept lat="49.877544" lon="9.157984">
      <ele>125.58</ele>
      <time>2025-06-22T13:26:40Z</time>
    </rtept>
    <rtept lat="49.877544" lon="9.157984">
      <ele>125.58</ele>
      <time>2025-06-22T13:26:59Z</time>
    </rtept>
    <rtept lat="49.877544" lon="9.157984">
      <ele>125.58</ele>
      <time>2025-06-22T13:27:18Z</time>
    </rtept>
    <rtept lat="49.877544" lon="9.157984">
      <ele>125.58</ele>
      <time>2025-06-22T13:27:36Z</time>
    </rtept>
    <rtept lat="49.877544" lon="9.157984">
      <ele>125.1</ele>
      <time>2025-06-22T13:27:55Z</time>
    </rtept>
    <rtept lat="49.877544" lon="9.157984">
      <ele>125.1</ele>
      <time>2025-06-22T13:28:16Z</time>
    </rtept>
    <rtept lat="49.877544" lon="9.157984">
      <ele>125.58</ele>
      <time>2025-06-22T13:28:34Z</time>
    </rtept>
    <rtept lat="49.877544" lon="9.157984">
      <ele>125.58</ele>
      <time>2025-06-22T13:28:55Z</time>
    </rtept>
    <rtept lat="49.877544" lon="9.157984">
      <ele>125.58</ele>
      <time>2025-06-22T13:29:15Z</time>
    </rtept>
    <rtept lat="49.877544" lon="9.157984">
      <ele>125.1</ele>
      <time>2025-06-22T13:29:28Z</time>
    </rtept>
    <rtept lat="49.877544" lon="9.157984">
      <ele>125.1</ele>
      <time>2025-06-22T13:29:45Z</time>
    </rtept>
    <rtept lat="49.877544" lon="9.157984">
      <ele>125.1</ele>
      <time>2025-06-22T13:30:00Z</time>
    </rtept>
    <rtept lat="49.877544" lon="9.157984">
      <ele>124.62</ele>
      <time>2025-06-22T13:30:17Z</time>
    </rtept>
    <rtept lat="49.877544" lon="9.157984">
      <ele>124.62</ele>
      <time>2025-06-22T13:30:33Z</time>
    </rtept>
    <rtept lat="49.877544" lon="9.157984">
      <ele>124.62</ele>
      <time>2025-06-22T13:30:49Z</time>
    </rtept>
    <rtept lat="49.877544" lon="9.157984">
      <ele>124.62</ele>
      <time>2025-06-22T13:31:06Z</time>
    </rtept>
    <rtept lat="49.877544" lon="9.157984">
      <ele>124.62</ele>
      <time>2025-06-22T13:31:25Z</time>
    </rtept>
    <rtept lat="49.877544" lon="9.157984">
      <ele>124.14</ele>
      <time>2025-06-22T13:31:48Z</time>
    </rtept>
    <rtept lat="49.877544" lon="9.157984">
      <ele>124.14</ele>
      <time>2025-06-22T13:32:09Z</time>
    </rtept>
    <rtept lat="49.877544" lon="9.157984">
      <ele>124.14</ele>
      <time>2025-06-22T13:32:27Z</time>
    </rtept>
    <rtept lat="49.877544" lon="9.157984">
      <ele>124.62</ele>
      <time>2025-06-22T13:32:44Z</time>
    </rtept>
    <rtept lat="49.877544" lon="9.157984">
      <ele>124.14</ele>
      <time>2025-06-22T13:33:02Z</time>
    </rtept>
    <rtept lat="49.877565" lon="9.157984">
      <ele>124.14</ele>
      <time>2025-06-22T13:33:19Z</time>
    </rtept>
    <rtept lat="49.877565" lon="9.157984">
      <ele>123.65</ele>
      <time>2025-06-22T13:33:39Z</time>
    </rtept>
    <rtept lat="49.877565" lon="9.157984">
      <ele>123.65</ele>
      <time>2025-06-22T13:33:59Z</time>
    </rtept>
    <rtept lat="49.877565" lon="9.157984">
      <ele>123.65</ele>
      <time>2025-06-22T13:34:15Z</time>
    </rtept>
    <rtept lat="49.877565" lon="9.157984">
      <ele>123.17</ele>
      <time>2025-06-22T13:34:33Z</time>
    </rtept>
    <rtept lat="49.877565" lon="9.157984">
      <ele>123.17</ele>
      <time>2025-06-22T13:34:49Z</time>
    </rtept>
    <rtept lat="49.877565" lon="9.157984">
      <ele>123.17</ele>
      <time>2025-06-22T13:35:10Z</time>
    </rtept>
    <rtept lat="49.877565" lon="9.157984">
      <ele>122.69</ele>
      <time>2025-06-22T13:35:27Z</time>
    </rtept>
    <rtept lat="49.877565" lon="9.157984">
      <ele>122.69</ele>
      <time>2025-06-22T13:35:41Z</time>
    </rtept>
    <rtept lat="49.877565" lon="9.157984">
      <ele>122.21</ele>
      <time>2025-06-22T13:35:56Z</time>
    </rtept>
    <rtept lat="49.877565" lon="9.157984">
      <ele>122.21</ele>
      <time>2025-06-22T13:36:15Z</time>
    </rtept>
    <rtept lat="49.877565" lon="9.157984">
      <ele>122.21</ele>
      <time>2025-06-22T13:36:34Z</time>
    </rtept>
    <rtept lat="49.877565" lon="9.157984">
      <ele>121.73</ele>
      <time>2025-06-22T13:36:53Z</time>
    </rtept>
    <rtept lat="49.877565" lon="9.157963">
      <ele>121.73</ele>
      <time>2025-06-22T13:37:12Z</time>
    </rtept>
    <rtept lat="49.877565" lon="9.157963">
      <ele>121.25</ele>
      <time>2025-06-22T13:37:26Z</time>
    </rtept>
    <rtept lat="49.877565" lon="9.157963">
      <ele>121.25</ele>
      <time>2025-06-22T13:37:46Z</time>
    </rtept>
    <rtept lat="49.877565" lon="9.157963">
      <ele>121.25</ele>
      <time>2025-06-22T13:38:03Z</time>
    </rtept>
    <rtept lat="49.877565" lon="9.157963">
      <ele>121.25</ele>
      <time>2025-06-22T13:38:23Z</time>
    </rtept>
    <rtept lat="49.877565" lon="9.157963">
      <ele>121.25</ele>
      <time>2025-06-22T13:38:42Z</time>
    </rtept>
    <rtept lat="49.877565" lon="9.157963">
      <ele>121.73</ele>
      <time>2025-06-22T13:38:59Z</time>
    </rtept>
    <rtept lat="49.877565" lon="9.157963">
      <ele>121.73</ele>
      <time>2025-06-22T13:39:21Z</time>
    </rtept>
    <rtept lat="49.877565" lon="9.157963">
      <ele>121.73</ele>
      <time>2025-06-22T13:39:41Z</time>
    </rtept>
    <rtept lat="49.877565" lon="9.157963">
      <ele>122.21</ele>
      <time>2025-06-22T13:40:04Z</time>
    </rtept>
    <rtept lat="49.877565" lon="9.157963">
      <ele>122.21</ele>
      <time>2025-06-22T13:40:28Z</time>
    </rtept>
    <rtept lat="49.877565" lon="9.157963">
      <ele>122.21</ele>
      <time>2025-06-22T13:40:51Z</time>
    </rtept>
    <rtept lat="49.877565" lon="9.157963">
      <ele>122.21</ele>
      <time>2025-06-22T13:41:11Z</time>
    </rtept>
    <rtept lat="49.877565" lon="9.157963">
      <ele>122.21</ele>
      <time>2025-06-22T13:41:34Z</time>
    </rtept>
    <rtept lat="49.877565" lon="9.157963">
      <ele>121.73</ele>
      <time>2025-06-22T13:41:55Z</time>
    </rtept>
    <rtept lat="49.877565" lon="9.157963">
      <ele>121.73</ele>
      <time>2025-06-22T13:42:19Z</time>
    </rtept>
    <rtept lat="49.877565" lon="9.157963">
      <ele>121.73</ele>
      <time>2025-06-22T13:42:44Z</time>
    </rtept>
    <rtept lat="49.877565" lon="9.157963">
      <ele>121.25</ele>
      <time>2025-06-22T13:43:08Z</time>
    </rtept>
    <rtept lat="49.877565" lon="9.157963">
      <ele>121.73</ele>
      <time>2025-06-22T13:43:35Z</time>
    </rtept>
    <rtept lat="49.877565" lon="9.157963">
      <ele>121.73</ele>
      <time>2025-06-22T13:44:00Z</time>
    </rtept>
    <rtept lat="49.877565" lon="9.157963">
      <ele>121.73</ele>
      <time>2025-06-22T13:44:24Z</time>
    </rtept>
    <rtept lat="49.877565" lon="9.157963">
      <ele>121.73</ele>
      <time>2025-06-22T13:44:51Z</time>
    </rtept>
    <rtept lat="49.877565" lon="9.157963">
      <ele>122.21</ele>
      <time>2025-06-22T13:45:15Z</time>
    </rtept>
    <rtept lat="49.877565" lon="9.157963">
      <ele>122.69</ele>
      <time>2025-06-22T13:45:41Z</time>
    </rtept>
    <rtept lat="49.877565" lon="9.157963">
      <ele>123.17</ele>
      <time>2025-06-22T13:46:07Z</time>
    </rtept>
    <rtept lat="49.877565" lon="9.157963">
      <ele>123.17</ele>
      <time>2025-06-22T13:46:35Z</time>
    </rtept>
    <rtept lat="49.877565" lon="9.157963">
      <ele>123.17</ele>
      <time>2025-06-22T13:47:05Z</time>
    </rtept>
    <rtept lat="49.877565" lon="9.157984">
      <ele>123.65</ele>
      <time>2025-06-22T13:47:37Z</time>
    </rtept>
    <rtept lat="49.877565" lon="9.157984">
      <ele>123.65</ele>
      <time>2025-06-22T13:48:04Z</time>
    </rtept>
    <rtept lat="49.877565" lon="9.157984">
      <ele>123.65</ele>
      <time>2025-06-22T13:48:28Z</time>
    </rtept>
    <rtept lat="49.877565" lon="9.157984">
      <ele>123.65</ele>
      <time>2025-06-22T13:48:57Z</time>
    </rtept>
    <rtept lat="49.877565" lon="9.157984">
      <ele>123.65</ele>
      <time>2025-06-22T13:49:23Z</time>
    </rtept>
    <rtept lat="49.877565" lon="9.157984">
      <ele>123.65</ele>
      <time>2025-06-22T13:49:48Z</time>
    </rtept>
    <rtept lat="49.877565" lon="9.157984">
      <ele>123.65</ele>
      <time>2025-06-22T13:50:14Z</time>
    </rtept>
    <rtept lat="49.877565" lon="9.157984">
      <ele>123.17</ele>
      <time>2025-06-22T13:50:36Z</time>
    </rtept>
    <rtept lat="49.877565" lon="9.157963">
      <ele>123.17</ele>
      <time>2025-06-22T13:50:59Z</time>
    </rtept>
    <rtept lat="49.877565" lon="9.157963">
      <ele>123.17</ele>
      <time>2025-06-22T13:51:21Z</time>
    </rtept>
    <rtept lat="49.877565" lon="9.157963">
      <ele>122.69</ele>
      <time>2025-06-22T13:51:45Z</time>
    </rtept>
    <rtept lat="49.877565" lon="9.157963">
      <ele>122.69</ele>
      <time>2025-06-22T13:52:10Z</time>
    </rtept>
    <rtept lat="49.877565" lon="9.157963">
      <ele>122.21</ele>
      <time>2025-06-22T13:52:35Z</time>
    </rtept>
    <rtept lat="49.877565" lon="9.157963">
      <ele>122.21</ele>
      <time>2025-06-22T13:52:58Z</time>
    </rtept>
    <rtept lat="49.877565" lon="9.157963">
      <ele>122.21</ele>
      <time>2025-06-22T13:53:23Z</time>
    </rtept>
    <rtept lat="49.877565" lon="9.157963">
      <ele>122.21</ele>
      <time>2025-06-22T13:53:48Z</time>
    </rtept>
    <rtept lat="49.877565" lon="9.157963">
      <ele>122.21</ele>
      <time>2025-06-22T13:54:13Z</time>
    </rtept>
    <rtept lat="49.877565" lon="9.157963">
      <ele>122.21</ele>
      <time>2025-06-22T13:54:42Z</time>
    </rtept>
    <rtept lat="49.877565" lon="9.157963">
      <ele>121.73</ele>
      <time>2025-06-22T13:55:08Z</time>
    </rtept>
    <rtept lat="49.877565" lon="9.157963">
      <ele>122.21</ele>
      <time>2025-06-22T13:55:32Z</time>
    </rtept>
    <rtept lat="49.877565" lon="9.157963">
      <ele>121.73</ele>
      <time>2025-06-22T13:55:59Z</time>
    </rtept>
    <rtept lat="49.877565" lon="9.157963">
      <ele>121.73</ele>
      <time>2025-06-22T13:56:25Z</time>
    </rtept>
    <rtept lat="49.877565" lon="9.157963">
      <ele>121.73</ele>
      <time>2025-06-22T13:56:53Z</time>
    </rtept>
    <rtept lat="49.877565" lon="9.157963">
      <ele>121.73</ele>
      <time>2025-06-22T13:57:22Z</time>
    </rtept>
    <rtept lat="49.877544" lon="9.157963">
      <ele>121.73</ele>
      <time>2025-06-22T13:57:46Z</time>
    </rtept>
    <rtept lat="49.877544" lon="9.157963">
      <ele>121.73</ele>
      <time>2025-06-22T13:58:14Z</time>
    </rtept>
    <rtept lat="49.877544" lon="9.157963">
      <ele>121.73</ele>
      <time>2025-06-22T13:58:41Z</time>
    </rtept>
    <rtept lat="49.877544" lon="9.157963">
      <ele>121.73</ele>
      <time>2025-06-22T13:59:05Z</time>
    </rtept>
    <rtept lat="49.877544" lon="9.157963">
      <ele>121.73</ele>
      <time>2025-06-22T13:59:30Z</time>
    </rtept>
    <rtept lat="49.877544" lon="9.157963">
      <ele>121.73</ele>
      <time>2025-06-22T13:59:51Z</time>
    </rtept>
    <rtept lat="49.877544" lon="9.157963">
      <ele>121.25</ele>
      <time>2025-06-22T14:00:17Z</time>
    </rtept>
    <rtept lat="49.877544" lon="9.157963">
      <ele>121.25</ele>
      <time>2025-06-22T14:00:46Z</time>
    </rtept>
    <rtept lat="49.877544" lon="9.157963">
      <ele>121.25</ele>
      <time>2025-06-22T14:01:08Z</time>
    </rtept>
    <rtept lat="49.877544" lon="9.157963">
      <ele>121.73</ele>
      <time>2025-06-22T14:01:31Z</time>
    </rtept>
    <rtept lat="49.877544" lon="9.157963">
      <ele>122.21</ele>
      <time>2025-06-22T14:01:54Z</time>
    </rtept>
    <rtept lat="49.877544" lon="9.157963">
      <ele>122.69</ele>
      <time>2025-06-22T14:02:15Z</time>
    </rtept>
    <rtept lat="49.877544" lon="9.157963">
      <ele>122.69</ele>
      <time>2025-06-22T14:02:34Z</time>
    </rtept>
    <rtept lat="49.877544" lon="9.157963">
      <ele>122.69</ele>
      <time>2025-06-22T14:01:33Z</time>
    </rtept>
    <rtept lat="49.837204" lon="9.143415">
      <ele>140.96</ele>
      <time>2025-06-25T06:10:44Z</time>
    </rtept>
    <rtept lat="49.837204" lon="9.143436">
      <ele>140.48</ele>
      <time>2025-06-25T06:11:12Z</time>
    </rtept>
    <rtept lat="49.837225" lon="9.143436">
      <ele>140.48</ele>
      <time>2025-06-25T06:11:38Z</time>
    </rtept>
    <rtept lat="49.837204" lon="9.143436">
      <ele>140.48</ele>
      <time>2025-06-25T06:12:47Z</time>
    </rtept>
    <rtept lat="49.837268" lon="9.143479">
      <ele>131.83</ele>
      <time>2025-06-25T06:13:20Z</time>
    </rtept>
    <rtept lat="49.837268" lon="9.143479">
      <ele>131.34</ele>
      <time>2025-06-25T06:13:34Z</time>
    </rtept>
    <rtept lat="49.837268" lon="9.143415">
      <ele>129.42</ele>
      <time>2025-06-25T06:13:45Z</time>
    </rtept>
    <rtept lat="49.837268" lon="9.143307">
      <ele>128.94</ele>
      <time>2025-06-25T06:13:47Z</time>
    </rtept>
    <rtept lat="49.837247" lon="9.143307">
      <ele>128.46</ele>
      <time>2025-06-25T06:13:48Z</time>
    </rtept>
    <rtept lat="49.837182" lon="9.143286">
      <ele>127.5</ele>
      <time>2025-06-25T06:13:49Z</time>
    </rtept>
    <rtept lat="49.837096" lon="9.143264">
      <ele>127.5</ele>
      <time>2025-06-25T06:13:50Z</time>
    </rtept>
    <rtept lat="49.836989" lon="9.143221">
      <ele>129.9</ele>
      <time>2025-06-25T06:13:51Z</time>
    </rtept>
    <rtept lat="49.836882" lon="9.1432">
      <ele>131.34</ele>
      <time>2025-06-25T06:13:52Z</time>
    </rtept>
    <rtept lat="49.835895" lon="9.142578">
      <ele>131.34</ele>
      <time>2025-06-25T06:14:00Z</time>
    </rtept>
    <rtept lat="49.834607" lon="9.141333">
      <ele>123.65</ele>
      <time>2025-06-25T06:14:11Z</time>
    </rtept>
    <rtept lat="49.833298" lon="9.139831">
      <ele>114.52</ele>
      <time>2025-06-25T06:14:23Z</time>
    </rtept>
    <rtept lat="49.832354" lon="9.138608">
      <ele>121.73</ele>
      <time>2025-06-25T06:14:33Z</time>
    </rtept>
    <rtept lat="49.832054" lon="9.138394">
      <ele>125.1</ele>
      <time>2025-06-25T06:14:40Z</time>
    </rtept>
    <rtept lat="49.832032" lon="9.138372">
      <ele>126.54</ele>
      <time>2025-06-25T06:14:43Z</time>
    </rtept>
    <rtept lat="49.831946" lon="9.138286">
      <ele>126.54</ele>
      <time>2025-06-25T06:14:44Z</time>
    </rtept>
    <rtept lat="49.831882" lon="9.138544">
      <ele>121.73</ele>
      <time>2025-06-25T06:14:47Z</time>
    </rtept>
    <rtept lat="49.831732" lon="9.138823">
      <ele>121.25</ele>
      <time>2025-06-25T06:14:48Z</time>
    </rtept>
    <rtept lat="49.831603" lon="9.138951">
      <ele>121.73</ele>
      <time>2025-06-25T06:14:49Z</time>
    </rtept>
    <rtept lat="49.831474" lon="9.139102">
      <ele>125.1</ele>
      <time>2025-06-25T06:14:50Z</time>
    </rtept>
    <rtept lat="49.831281" lon="9.139187">
      <ele>124.62</ele>
      <time>2025-06-25T06:14:51Z</time>
    </rtept>
    <rtept lat="49.831088" lon="9.13923">
      <ele>126.54</ele>
      <time>2025-06-25T06:14:52Z</time>
    </rtept>
    <rtept lat="49.830852" lon="9.13923">
      <ele>126.06</ele>
      <time>2025-06-25T06:14:53Z</time>
    </rtept>
    <rtept lat="49.830638" lon="9.139102">
      <ele>126.54</ele>
      <time>2025-06-25T06:14:54Z</time>
    </rtept>
    <rtept lat="49.830402" lon="9.138973">
      <ele>125.58</ele>
      <time>2025-06-25T06:14:55Z</time>
    </rtept>
    <rtept lat="49.828985" lon="9.138565">
      <ele>126.06</ele>
      <time>2025-06-25T06:15:00Z</time>
    </rtept>
    <rtept lat="49.826904" lon="9.138136">
      <ele>125.1</ele>
      <time>2025-06-25T06:15:07Z</time>
    </rtept>
    <rtept lat="49.824415" lon="9.137235">
      <ele>124.14</ele>
      <time>2025-06-25T06:15:16Z</time>
    </rtept>
    <rtept lat="49.821754" lon="9.136119">
      <ele>127.02</ele>
      <time>2025-06-25T06:15:26Z</time>
    </rtept>
    <rtept lat="49.819544" lon="9.13511">
      <ele>127.98</ele>
      <time>2025-06-25T06:15:34Z</time>
    </rtept>
    <rtept lat="49.817699" lon="9.13466">
      <ele>124.14</ele>
      <time>2025-06-25T06:15:41Z</time>
    </rtept>
    <rtept lat="49.814458" lon="9.134531">
      <ele>124.14</ele>
      <time>2025-06-25T06:15:53Z</time>
    </rtept>
    <rtept lat="49.811326" lon="9.134445">
      <ele>126.06</ele>
      <time>2025-06-25T06:16:05Z</time>
    </rtept>
    <rtept lat="49.808794" lon="9.13466">
      <ele>124.14</ele>
      <time>2025-06-25T06:16:14Z</time>
    </rtept>
    <rtept lat="49.806905" lon="9.135754">
      <ele>125.58</ele>
      <time>2025-06-25T06:16:21Z</time>
    </rtept>
    <rtept lat="49.805296" lon="9.137299">
      <ele>125.1</ele>
      <time>2025-06-25T06:16:28Z</time>
    </rtept>
    <rtept lat="49.802657" lon="9.139981">
      <ele>131.83</ele>
      <time>2025-06-25T06:16:40Z</time>
    </rtept>
    <rtept lat="49.800532" lon="9.141591">
      <ele>139.52</ele>
      <time>2025-06-25T06:16:49Z</time>
    </rtept>
    <rtept lat="49.798215" lon="9.142814">
      <ele>144.8</ele>
      <time>2025-06-25T06:16:58Z</time>
    </rtept>
    <rtept lat="49.794632" lon="9.14423">
      <ele>156.82</ele>
      <time>2025-06-25T06:17:11Z</time>
    </rtept>
    <rtept lat="49.791434" lon="9.145517">
      <ele>164.51</ele>
      <time>2025-06-25T06:17:23Z</time>
    </rtept>
    <rtept lat="49.788774" lon="9.147084">
      <ele>167.87</ele>
      <time>2025-06-25T06:17:33Z</time>
    </rtept>
    <rtept lat="49.786499" lon="9.149144">
      <ele>168.36</ele>
      <time>2025-06-25T06:17:42Z</time>
    </rtept>
    <rtept lat="49.784439" lon="9.151805">
      <ele>172.2</ele>
      <time>2025-06-25T06:17:51Z</time>
    </rtept>
    <rtept lat="49.782765" lon="9.154723">
      <ele>167.39</ele>
      <time>2025-06-25T06:18:00Z</time>
    </rtept>
    <rtept lat="49.781306" lon="9.158306">
      <ele>164.99</ele>
      <time>2025-06-25T06:18:10Z</time>
    </rtept>
    <rtept lat="49.780255" lon="9.161418">
      <ele>162.59</ele>
      <time>2025-06-25T06:18:19Z</time>
    </rtept>
    <rtept lat="49.778989" lon="9.164229">
      <ele>161.15</ele>
      <time>2025-06-25T06:18:27Z</time>
    </rtept>
    <rtept lat="49.777272" lon="9.166525">
      <ele>161.15</ele>
      <time>2025-06-25T06:18:35Z</time>
    </rtept>
    <rtept lat="49.774783" lon="9.169099">
      <ele>154.9</ele>
      <time>2025-06-25T06:18:46Z</time>
    </rtept>
    <rtept lat="49.773024" lon="9.171481">
      <ele>152.97</ele>
      <time>2025-06-25T06:18:55Z</time>
    </rtept>
    <rtept lat="49.771093" lon="9.174206">
      <ele>152.49</ele>
      <time>2025-06-25T06:19:06Z</time>
    </rtept>
    <rtept lat="49.769569" lon="9.175837">
      <ele>144.8</ele>
      <time>2025-06-25T06:19:15Z</time>
    </rtept>
    <rtept lat="49.768153" lon="9.176695">
      <ele>141.92</ele>
      <time>2025-06-25T06:19:23Z</time>
    </rtept>
    <rtept lat="49.766543" lon="9.176974">
      <ele>135.67</ele>
      <time>2025-06-25T06:19:31Z</time>
    </rtept>
    <rtept lat="49.764205" lon="9.176803">
      <ele>129.9</ele>
      <time>2025-06-25T06:19:41Z</time>
    </rtept>
    <rtept lat="49.762059" lon="9.176502">
      <ele>129.42</ele>
      <time>2025-06-25T06:19:51Z</time>
    </rtept>
    <rtept lat="49.760836" lon="9.176223">
      <ele>131.83</ele>
      <time>2025-06-25T06:19:56Z</time>
    </rtept>
    <rtept lat="49.758947" lon="9.175794">
      <ele>130.38</ele>
      <time>2025-06-25T06:20:05Z</time>
    </rtept>
    <rtept lat="49.756287" lon="9.175215">
      <ele>131.83</ele>
      <time>2025-06-25T06:20:18Z</time>
    </rtept>
    <rtept lat="49.754484" lon="9.174893">
      <ele>131.34</ele>
      <time>2025-06-25T06:20:28Z</time>
    </rtept>
    <rtept lat="49.752446" lon="9.174764">
      <ele>127.5</ele>
      <time>2025-06-25T06:20:38Z</time>
    </rtept>
    <rtept lat="49.750922" lon="9.174936">
      <ele>127.98</ele>
      <time>2025-06-25T06:20:47Z</time>
    </rtept>
    <rtept lat="49.749292" lon="9.175451">
      <ele>130.86</ele>
      <time>2025-06-25T06:20:57Z</time>
    </rtept>
    <rtept lat="49.747232" lon="9.176331">
      <ele>133.27</ele>
      <time>2025-06-25T06:21:09Z</time>
    </rtept>
    <rtept lat="49.744378" lon="9.177704">
      <ele>135.19</ele>
      <time>2025-06-25T06:21:25Z</time>
    </rtept>
    <rtept lat="49.742339" lon="9.178777">
      <ele>133.75</ele>
      <time>2025-06-25T06:21:36Z</time>
    </rtept>
    <rtept lat="49.740794" lon="9.179828">
      <ele>131.83</ele>
      <time>2025-06-25T06:21:46Z</time>
    </rtept>
    <rtept lat="49.739571" lon="9.180901">
      <ele>128.94</ele>
      <time>2025-06-25T06:21:57Z</time>
    </rtept>
    <rtept lat="49.739164" lon="9.18133">
      <ele>129.42</ele>
      <time>2025-06-25T06:22:04Z</time>
    </rtept>
    <rtept lat="49.73867" lon="9.181867">
      <ele>131.34</ele>
      <time>2025-06-25T06:22:14Z</time>
    </rtept>
    <rtept lat="49.73764" lon="9.183133">
      <ele>131.34</ele>
      <time>2025-06-25T06:22:26Z</time>
    </rtept>
    <rtept lat="49.736653" lon="9.184356">
      <ele>129.9</ele>
      <time>2025-06-25T06:22:36Z</time>
    </rtept>
    <rtept lat="49.735559" lon="9.185686">
      <ele>129.42</ele>
      <time>2025-06-25T06:22:46Z</time>
    </rtept>
    <rtept lat="49.733692" lon="9.187982">
      <ele>128.46</ele>
      <time>2025-06-25T06:23:00Z</time>
    </rtept>
    <rtept lat="49.731911" lon="9.190257">
      <ele>129.42</ele>
      <time>2025-06-25T06:23:14Z</time>
    </rtept>
    <rtept lat="49.730044" lon="9.192724">
      <ele>129.9</ele>
      <time>2025-06-25T06:23:29Z</time>
    </rtept>
    <rtept lat="49.72852" lon="9.194784">
      <ele>131.83</ele>
      <time>2025-06-25T06:23:44Z</time>
    </rtept>
    <rtept lat="49.727233" lon="9.196608">
      <ele>132.79</ele>
      <time>2025-06-25T06:23:55Z</time>
    </rtept>
    <rtept lat="49.725409" lon="9.199247">
      <ele>132.79</ele>
      <time>2025-06-25T06:24:11Z</time>
    </rtept>
    <rtept lat="49.723671" lon="9.201672">
      <ele>137.59</ele>
      <time>2025-06-25T06:24:25Z</time>
    </rtept>
    <rtept lat="49.721976" lon="9.20311">
      <ele>143.84</ele>
      <time>2025-06-25T06:24:35Z</time>
    </rtept>
    <rtept lat="49.720281" lon="9.203732">
      <ele>147.69</ele>
      <time>2025-06-25T06:24:45Z</time>
    </rtept>
    <rtept lat="49.718135" lon="9.204226">
      <ele>148.65</ele>
      <time>2025-06-25T06:24:57Z</time>
    </rtept>
    <rtept lat="49.716869" lon="9.20517">
      <ele>145.28</ele>
      <time>2025-06-25T06:25:05Z</time>
    </rtept>
    <rtept lat="49.71586" lon="9.206672">
      <ele>153.45</ele>
      <time>2025-06-25T06:25:14Z</time>
    </rtept>
    <rtept lat="49.715152" lon="9.208753">
      <ele>156.82</ele>
      <time>2025-06-25T06:25:24Z</time>
    </rtept>
    <rtept lat="49.714573" lon="9.211199">
      <ele>154.42</ele>
      <time>2025-06-25T06:25:33Z</time>
    </rtept>
    <rtept lat="49.713629" lon="9.213624">
      <ele>146.73</ele>
      <time>2025-06-25T06:25:43Z</time>
    </rtept>
    <rtept lat="49.71262" lon="9.215469">
      <ele>145.28</ele>
      <time>2025-06-25T06:25:52Z</time>
    </rtept>
    <rtept lat="49.711891" lon="9.216821">
      <ele>146.25</ele>
      <time>2025-06-25T06:26:00Z</time>
    </rtept>
    <rtept lat="49.711741" lon="9.217036">
      <ele>145.76</ele>
      <time>2025-06-25T06:26:04Z</time>
    </rtept>
    <rtept lat="49.711655" lon="9.217122">
      <ele>145.76</ele>
      <time>2025-06-25T06:26:05Z</time>
    </rtept>
    <rtept lat="49.711612" lon="9.217143">
      <ele>145.76</ele>
      <time>2025-06-25T06:26:06Z</time>
    </rtept>
    <rtept lat="49.71159" lon="9.217122">
      <ele>146.25</ele>
      <time>2025-06-25T06:26:07Z</time>
    </rtept>
    <rtept lat="49.71144" lon="9.217122">
      <ele>146.73</ele>
      <time>2025-06-25T06:26:08Z</time>
    </rtept>
    <rtept lat="49.711333" lon="9.217165">
      <ele>146.73</ele>
      <time>2025-06-25T06:26:09Z</time>
    </rtept>
    <rtept lat="49.711226" lon="9.217208">
      <ele>146.73</ele>
      <time>2025-06-25T06:26:10Z</time>
    </rtept>
    <rtept lat="49.711118" lon="9.217336">
      <ele>145.76</ele>
      <time>2025-06-25T06:26:11Z</time>
    </rtept>
    <rtept lat="49.711054" lon="9.217508">
      <ele>145.28</ele>
      <time>2025-06-25T06:26:12Z</time>
    </rtept>
    <rtept lat="49.711011" lon="9.217615">
      <ele>145.28</ele>
      <time>2025-06-25T06:26:13Z</time>
    </rtept>
    <rtept lat="49.71099" lon="9.217808">
      <ele>145.76</ele>
      <time>2025-06-25T06:26:14Z</time>
    </rtept>
    <rtept lat="49.71099" lon="9.217959">
      <ele>145.28</ele>
      <time>2025-06-25T06:26:15Z</time>
    </rtept>
    <rtept lat="49.711032" lon="9.218109">
      <ele>144.8</ele>
      <time>2025-06-25T06:26:16Z</time>
    </rtept>
    <rtept lat="49.711075" lon="9.21828">
      <ele>145.28</ele>
      <time>2025-06-25T06:26:17Z</time>
    </rtept>
    <rtept lat="49.71114" lon="9.218388">
      <ele>143.84</ele>
      <time>2025-06-25T06:26:18Z</time>
    </rtept>
    <rtept lat="49.711269" lon="9.218495">
      <ele>141.44</ele>
      <time>2025-06-25T06:26:19Z</time>
    </rtept>
    <rtept lat="49.711419" lon="9.218581">
      <ele>140.48</ele>
      <time>2025-06-25T06:26:20Z</time>
    </rtept>
    <rtept lat="49.711547" lon="9.218559">
      <ele>140.96</ele>
      <time>2025-06-25T06:26:21Z</time>
    </rtept>
    <rtept lat="49.711698" lon="9.218516">
      <ele>142.4</ele>
      <time>2025-06-25T06:26:22Z</time>
    </rtept>
    <rtept lat="49.711762" lon="9.218409">
      <ele>142.88</ele>
      <time>2025-06-25T06:26:23Z</time>
    </rtept>
    <rtept lat="49.711848" lon="9.218259">
      <ele>142.88</ele>
      <time>2025-06-25T06:26:24Z</time>
    </rtept>
    <rtept lat="49.711891" lon="9.218173">
      <ele>143.84</ele>
      <time>2025-06-25T06:26:25Z</time>
    </rtept>
    <rtept lat="49.71202" lon="9.218066">
      <ele>142.88</ele>
      <time>2025-06-25T06:26:26Z</time>
    </rtept>
    <rtept lat="49.712084" lon="9.218001">
      <ele>142.88</ele>
      <time>2025-06-25T06:26:27Z</time>
    </rtept>
    <rtept lat="49.71217" lon="9.218001">
      <ele>142.88</ele>
      <time>2025-06-25T06:26:28Z</time>
    </rtept>
    <rtept lat="49.712256" lon="9.21798">
      <ele>142.4</ele>
      <time>2025-06-25T06:26:29Z</time>
    </rtept>
    <rtept lat="49.712341" lon="9.218001">
      <ele>141.92</ele>
      <time>2025-06-25T06:26:30Z</time>
    </rtept>
    <rtept lat="49.712449" lon="9.218023">
      <ele>140.96</ele>
      <time>2025-06-25T06:26:31Z</time>
    </rtept>
    <rtept lat="49.712577" lon="9.218044">
      <ele>140.0</ele>
      <time>2025-06-25T06:26:32Z</time>
    </rtept>
    <rtept lat="49.713886" lon="9.21871">
      <ele>138.55</ele>
      <time>2025-06-25T06:26:42Z</time>
    </rtept>
    <rtept lat="49.714981" lon="9.22004">
      <ele>142.88</ele>
      <time>2025-06-25T06:26:52Z</time>
    </rtept>
    <rtept lat="49.715925" lon="9.221885">
      <ele>143.84</ele>
      <time>2025-06-25T06:27:02Z</time>
    </rtept>
    <rtept lat="49.717191" lon="9.224289">
      <ele>140.0</ele>
      <time>2025-06-25T06:27:16Z</time>
    </rtept>
    <rtept lat="49.7185" lon="9.226155">
      <ele>138.07</ele>
      <time>2025-06-25T06:27:29Z</time>
    </rtept>
    <rtept lat="49.718865" lon="9.226713">
      <ele>137.11</ele>
      <time>2025-06-25T06:27:33Z</time>
    </rtept>
    <rtept lat="49.71895" lon="9.226863">
      <ele>137.11</ele>
      <time>2025-06-25T06:27:34Z</time>
    </rtept>
    <rtept lat="49.719015" lon="9.227057">
      <ele>137.59</ele>
      <time>2025-06-25T06:27:35Z</time>
    </rtept>
    <rtept lat="49.719058" lon="9.227293">
      <ele>138.55</ele>
      <time>2025-06-25T06:27:36Z</time>
    </rtept>
    <rtept lat="49.719122" lon="9.227507">
      <ele>140.0</ele>
      <time>2025-06-25T06:27:37Z</time>
    </rtept>
    <rtept lat="49.719143" lon="9.227765">
      <ele>140.48</ele>
      <time>2025-06-25T06:27:38Z</time>
    </rtept>
    <rtept lat="49.719165" lon="9.228044">
      <ele>140.48</ele>
      <time>2025-06-25T06:27:39Z</time>
    </rtept>
    <rtept lat="49.719143" lon="9.228323">
      <ele>139.52</ele>
      <time>2025-06-25T06:27:40Z</time>
    </rtept>
    <rtept lat="49.719079" lon="9.228602">
      <ele>139.04</ele>
      <time>2025-06-25T06:27:41Z</time>
    </rtept>
    <rtept lat="49.719036" lon="9.228859">
      <ele>138.07</ele>
      <time>2025-06-25T06:27:42Z</time>
    </rtept>
    <rtept lat="49.718972" lon="9.229095">
      <ele>138.07</ele>
      <time>2025-06-25T06:27:43Z</time>
    </rtept>
    <rtept lat="49.718886" lon="9.229288">
      <ele>136.63</ele>
      <time>2025-06-25T06:27:44Z</time>
    </rtept>
    <rtept lat="49.718779" lon="9.229481">
      <ele>133.27</ele>
      <time>2025-06-25T06:27:45Z</time>
    </rtept>
    <rtept lat="49.718693" lon="9.229674">
      <ele>131.83</ele>
      <time>2025-06-25T06:27:46Z</time>
    </rtept>
    <rtept lat="49.718607" lon="9.229868">
      <ele>131.83</ele>
      <time>2025-06-25T06:27:47Z</time>
    </rtept>
    <rtept lat="49.7185" lon="9.230061">
      <ele>130.38</ele>
      <time>2025-06-25T06:27:48Z</time>
    </rtept>
    <rtept lat="49.718371" lon="9.230211">
      <ele>131.34</ele>
      <time>2025-06-25T06:27:49Z</time>
    </rtept>
    <rtept lat="49.718242" lon="9.230404">
      <ele>132.31</ele>
      <time>2025-06-25T06:27:50Z</time>
    </rtept>
    <rtept lat="49.71674" lon="9.232271">
      <ele>135.67</ele>
      <time>2025-06-25T06:28:00Z</time>
    </rtept>
    <rtept lat="49.716011" lon="9.23403">
      <ele>140.0</ele>
      <time>2025-06-25T06:28:07Z</time>
    </rtept>
    <rtept lat="49.715281" lon="9.237077">
      <ele>143.36</ele>
      <time>2025-06-25T06:28:18Z</time>
    </rtept>
    <rtept lat="49.714594" lon="9.240425">
      <ele>147.21</ele>
      <time>2025-06-25T06:28:29Z</time>
    </rtept>
    <rtept lat="49.714273" lon="9.243">
      <ele>148.65</ele>
      <time>2025-06-25T06:28:37Z</time>
    </rtept>
    <rtept lat="49.713693" lon="9.245231">
      <ele>150.57</ele>
      <time>2025-06-25T06:28:45Z</time>
    </rtept>
    <rtept lat="49.713007" lon="9.248085">
      <ele>153.94</ele>
      <time>2025-06-25T06:28:55Z</time>
    </rtept>
    <rtept lat="49.712878" lon="9.250531">
      <ele>162.11</ele>
      <time>2025-06-25T06:29:03Z</time>
    </rtept>
    <rtept lat="49.712492" lon="9.252677">
      <ele>163.55</ele>
      <time>2025-06-25T06:29:11Z</time>
    </rtept>
    <rtept lat="49.710088" lon="9.258878">
      <ele>152.49</ele>
      <time>2025-06-25T06:29:37Z</time>
    </rtept>
    <rtept lat="49.708951" lon="9.261217">
      <ele>144.32</ele>
      <time>2025-06-25T06:29:47Z</time>
    </rtept>
    <rtept lat="49.70805" lon="9.263342">
      <ele>140.48</ele>
      <time>2025-06-25T06:29:58Z</time>
    </rtept>
    <rtept lat="49.707707" lon="9.264393">
      <ele>138.55</ele>
      <time>2025-06-25T06:30:06Z</time>
    </rtept>
    <rtept lat="49.707642" lon="9.264629">
      <ele>139.52</ele>
      <time>2025-06-25T06:30:14Z</time>
    </rtept>
    <rtept lat="49.707621" lon="9.264693">
      <ele>140.48</ele>
      <time>2025-06-25T06:30:15Z</time>
    </rtept>
    <rtept lat="49.707599" lon="9.264758">
      <ele>141.44</ele>
      <time>2025-06-25T06:30:16Z</time>
    </rtept>
    <rtept lat="49.707513" lon="9.264994">
      <ele>141.92</ele>
      <time>2025-06-25T06:30:19Z</time>
    </rtept>
    <rtept lat="49.707471" lon="9.265058">
      <ele>141.44</ele>
      <time>2025-06-25T06:30:20Z</time>
    </rtept>
    <rtept lat="49.707428" lon="9.26508">
      <ele>140.96</ele>
      <time>2025-06-25T06:30:21Z</time>
    </rtept>
    <rtept lat="49.707363" lon="9.265187">
      <ele>140.96</ele>
      <time>2025-06-25T06:30:22Z</time>
    </rtept>
    <rtept lat="49.707363" lon="9.265251">
      <ele>140.48</ele>
      <time>2025-06-25T06:30:23Z</time>
    </rtept>
    <rtept lat="49.707363" lon="9.265251">
      <ele>140.0</ele>
      <time>2025-06-25T06:30:24Z</time>
    </rtept>
    <rtept lat="49.707428" lon="9.265509">
      <ele>140.48</ele>
      <time>2025-06-25T06:30:25Z</time>
    </rtept>
    <rtept lat="49.707385" lon="9.26568">
      <ele>140.96</ele>
      <time>2025-06-25T06:30:26Z</time>
    </rtept>
    <rtept lat="49.707385" lon="9.265766">
      <ele>141.92</ele>
      <time>2025-06-25T06:30:27Z</time>
    </rtept>
    <rtept lat="49.707213" lon="9.267333">
      <ele>143.36</ele>
      <time>2025-06-25T06:30:35Z</time>
    </rtept>
    <rtept lat="49.707127" lon="9.270187">
      <ele>145.76</ele>
      <time>2025-06-25T06:30:46Z</time>
    </rtept>
    <rtept lat="49.706998" lon="9.273191">
      <ele>151.05</ele>
      <time>2025-06-25T06:30:57Z</time>
    </rtept>
    <rtept lat="49.706634" lon="9.27568">
      <ele>149.13</ele>
      <time>2025-06-25T06:31:04Z</time>
    </rtept>
    <rtept lat="49.705883" lon="9.278126">
      <ele>143.84</ele>
      <time>2025-06-25T06:31:11Z</time>
    </rtept>
    <rtept lat="49.705132" lon="9.279714">
      <ele>146.73</ele>
      <time>2025-06-25T06:31:18Z</time>
    </rtept>
    <rtept lat="49.704102" lon="9.28231">
      <ele>148.17</ele>
      <time>2025-06-25T06:31:28Z</time>
    </rtept>
    <rtept lat="49.703951" lon="9.283919">
      <ele>146.25</ele>
      <time>2025-06-25T06:31:33Z</time>
    </rtept>
    <rtept lat="49.703973" lon="9.284306">
      <ele>146.73</ele>
      <time>2025-06-25T06:31:34Z</time>
    </rtept>
    <rtept lat="49.704252" lon="9.287052">
      <ele>146.73</ele>
      <time>2025-06-25T06:31:41Z</time>
    </rtept>
    <rtept lat="49.704896" lon="9.29055">
      <ele>152.01</ele>
      <time>2025-06-25T06:31:50Z</time>
    </rtept>
    <rtept lat="49.70569" lon="9.293447">
      <ele>161.15</ele>
      <time>2025-06-25T06:31:57Z</time>
    </rtept>
    <rtept lat="49.706398" lon="9.296558">
      <ele>171.24</ele>
      <time>2025-06-25T06:32:05Z</time>
    </rtept>
    <rtept lat="49.706548" lon="9.299348">
      <ele>170.76</ele>
      <time>2025-06-25T06:32:12Z</time>
    </rtept>
    <rtept lat="49.706591" lon="9.303017">
      <ele>169.8</ele>
      <time>2025-06-25T06:32:20Z</time>
    </rtept>
    <rtept lat="49.706762" lon="9.307351">
      <ele>170.28</ele>
      <time>2025-06-25T06:32:30Z</time>
    </rtept>
    <rtept lat="49.707149" lon="9.310312">
      <ele>171.72</ele>
      <time>2025-06-25T06:32:37Z</time>
    </rtept>
    <rtept lat="49.707492" lon="9.314132">
      <ele>169.32</ele>
      <time>2025-06-25T06:32:47Z</time>
    </rtept>
    <rtept lat="49.70717" lon="9.317243">
      <ele>170.28</ele>
      <time>2025-06-25T06:32:55Z</time>
    </rtept>
    <rtept lat="49.706634" lon="9.320161">
      <ele>164.51</ele>
      <time>2025-06-25T06:33:04Z</time>
    </rtept>
    <rtept lat="49.70629" lon="9.321921">
      <ele>163.55</ele>
      <time>2025-06-25T06:33:12Z</time>
    </rtept>
    <rtept lat="49.705711" lon="9.324432">
      <ele>166.91</ele>
      <time>2025-06-25T06:33:25Z</time>
    </rtept>
    <rtept lat="49.705282" lon="9.326534">
      <ele>160.66</ele>
      <time>2025-06-25T06:33:38Z</time>
    </rtept>
    <rtept lat="49.705303" lon="9.326685">
      <ele>158.74</ele>
      <time>2025-06-25T06:33:39Z</time>
    </rtept>
    <rtept lat="49.705346" lon="9.327114">
      <ele>160.66</ele>
      <time>2025-06-25T06:33:42Z</time>
    </rtept>
    <rtept lat="49.705346" lon="9.327221">
      <ele>160.18</ele>
      <time>2025-06-25T06:33:43Z</time>
    </rtept>
    <rtept lat="49.705325" lon="9.32735">
      <ele>159.7</ele>
      <time>2025-06-25T06:33:44Z</time>
    </rtept>
    <rtept lat="49.705303" lon="9.327479">
      <ele>159.22</ele>
      <time>2025-06-25T06:33:45Z</time>
    </rtept>
    <rtept lat="49.705282" lon="9.327629">
      <ele>159.7</ele>
      <time>2025-06-25T06:33:46Z</time>
    </rtept>
    <rtept lat="49.705196" lon="9.32823">
      <ele>161.15</ele>
      <time>2025-06-25T06:33:51Z</time>
    </rtept>
    <rtept lat="49.705153" lon="9.328315">
      <ele>162.11</ele>
      <time>2025-06-25T06:33:52Z</time>
    </rtept>
    <rtept lat="49.705153" lon="9.328337">
      <ele>161.63</ele>
      <time>2025-06-25T06:33:53Z</time>
    </rtept>
    <rtept lat="49.705024" lon="9.328401">
      <ele>156.34</ele>
      <time>2025-06-25T06:33:54Z</time>
    </rtept>
    <rtept lat="49.704939" lon="9.328444">
      <ele>155.86</ele>
      <time>2025-06-25T06:33:55Z</time>
    </rtept>
    <rtept lat="49.704853" lon="9.328487">
      <ele>154.9</ele>
      <time>2025-06-25T06:33:56Z</time>
    </rtept>
    <rtept lat="49.704767" lon="9.328508">
      <ele>154.42</ele>
      <time>2025-06-25T06:33:57Z</time>
    </rtept>
    <rtept lat="49.704681" lon="9.328551">
      <ele>153.94</ele>
      <time>2025-06-25T06:33:58Z</time>
    </rtept>
    <rtept lat="49.704209" lon="9.32868">
      <ele>153.45</ele>
      <time>2025-06-25T06:34:03Z</time>
    </rtept>
    <rtept lat="49.704123" lon="9.328723">
      <ele>153.45</ele>
      <time>2025-06-25T06:34:04Z</time>
    </rtept>
    <rtept lat="49.704037" lon="9.328745">
      <ele>152.97</ele>
      <time>2025-06-25T06:34:05Z</time>
    </rtept>
    <rtept lat="49.703951" lon="9.328809">
      <ele>153.94</ele>
      <time>2025-06-25T06:34:06Z</time>
    </rtept>
    <rtept lat="49.703866" lon="9.328873">
      <ele>153.94</ele>
      <time>2025-06-25T06:34:07Z</time>
    </rtept>
    <rtept lat="49.702964" lon="9.32971">
      <ele>158.26</ele>
      <time>2025-06-25T06:34:18Z</time>
    </rtept>
    <rtept lat="49.702728" lon="9.32986">
      <ele>154.9</ele>
      <time>2025-06-25T06:34:21Z</time>
    </rtept>
    <rtept lat="49.702321" lon="9.330118">
      <ele>158.74</ele>
      <time>2025-06-25T06:34:26Z</time>
    </rtept>
    <rtept lat="49.702235" lon="9.330247">
      <ele>159.22</ele>
      <time>2025-06-25T06:34:27Z</time>
    </rtept>
    <rtept lat="49.70217" lon="9.330332">
      <ele>160.66</ele>
      <time>2025-06-25T06:34:28Z</time>
    </rtept>
    <rtept lat="49.702085" lon="9.33044">
      <ele>161.63</ele>
      <time>2025-06-25T06:34:29Z</time>
    </rtept>
    <rtept lat="49.70202" lon="9.330547">
      <ele>161.63</ele>
      <time>2025-06-25T06:34:30Z</time>
    </rtept>
    <rtept lat="49.701934" lon="9.330633">
      <ele>163.07</ele>
      <time>2025-06-25T06:34:31Z</time>
    </rtept>
    <rtept lat="49.701484" lon="9.331319">
      <ele>164.51</ele>
      <time>2025-06-25T06:34:38Z</time>
    </rtept>
    <rtept lat="49.701462" lon="9.331341">
      <ele>163.07</ele>
      <time>2025-06-25T06:34:39Z</time>
    </rtept>
    <rtept lat="49.701441" lon="9.331513">
      <ele>161.63</ele>
      <time>2025-06-25T06:34:40Z</time>
    </rtept>
    <rtept lat="49.701441" lon="9.331663">
      <ele>161.15</ele>
      <time>2025-06-25T06:34:41Z</time>
    </rtept>
    <rtept lat="49.701419" lon="9.331813">
      <ele>160.66</ele>
      <time>2025-06-25T06:34:42Z</time>
    </rtept>
    <rtept lat="49.701419" lon="9.33192">
      <ele>159.7</ele>
      <time>2025-06-25T06:34:43Z</time>
    </rtept>
    <rtept lat="49.701419" lon="9.33207">
      <ele>159.7</ele>
      <time>2025-06-25T06:34:44Z</time>
    </rtept>
    <rtept lat="49.701377" lon="9.3331">
      <ele>159.7</ele>
      <time>2025-06-25T06:34:52Z</time>
    </rtept>
    <rtept lat="49.701355" lon="9.333208">
      <ele>159.7</ele>
      <time>2025-06-25T06:34:53Z</time>
    </rtept>
    <rtept lat="49.701312" lon="9.333336">
      <ele>160.66</ele>
      <time>2025-06-25T06:34:54Z</time>
    </rtept>
    <rtept lat="49.701269" lon="9.333465">
      <ele>161.63</ele>
      <time>2025-06-25T06:34:55Z</time>
    </rtept>
    <rtept lat="49.701226" lon="9.333615">
      <ele>162.59</ele>
      <time>2025-06-25T06:34:56Z</time>
    </rtept>
    <rtept lat="49.701183" lon="9.333701">
      <ele>163.55</ele>
      <time>2025-06-25T06:34:57Z</time>
    </rtept>
    <rtept lat="49.701141" lon="9.333809">
      <ele>164.03</ele>
      <time>2025-06-25T06:34:58Z</time>
    </rtept>
    <rtept lat="49.701098" lon="9.333916">
      <ele>166.43</ele>
      <time>2025-06-25T06:34:59Z</time>
    </rtept>
    <rtept lat="49.701055" lon="9.334023">
      <ele>164.99</ele>
      <time>2025-06-25T06:35:00Z</time>
    </rtept>
    <rtept lat="49.701012" lon="9.334109">
      <ele>165.47</ele>
      <time>2025-06-25T06:35:01Z</time>
    </rtept>
    <rtept lat="49.700947" lon="9.334216">
      <ele>165.47</ele>
      <time>2025-06-25T06:35:02Z</time>
    </rtept>
    <rtept lat="49.700904" lon="9.334324">
      <ele>164.51</ele>
      <time>2025-06-25T06:35:03Z</time>
    </rtept>
    <rtept lat="49.700862" lon="9.334409">
      <ele>164.51</ele>
      <time>2025-06-25T06:35:04Z</time>
    </rtept>
    <rtept lat="49.700325" lon="9.335525">
      <ele>163.55</ele>
      <time>2025-06-25T06:35:15Z</time>
    </rtept>
    <rtept lat="49.699467" lon="9.337006">
      <ele>156.82</ele>
      <time>2025-06-25T06:35:30Z</time>
    </rtept>
    <rtept lat="49.698845" lon="9.338272">
      <ele>160.18</ele>
      <time>2025-06-25T06:35:41Z</time>
    </rtept>
    <rtept lat="49.698415" lon="9.339903">
      <ele>160.66</ele>
      <time>2025-06-25T06:35:49Z</time>
    </rtept>
    <rtept lat="49.697772" lon="9.341426">
      <ele>159.7</ele>
      <time>2025-06-25T06:35:55Z</time>
    </rtept>
    <rtept lat="49.697085" lon="9.342542">
      <ele>161.15</ele>
      <time>2025-06-25T06:35:59Z</time>
    </rtept>
    <rtept lat="49.696892" lon="9.342713">
      <ele>162.11</ele>
      <time>2025-06-25T06:36:00Z</time>
    </rtept>
    <rtept lat="49.696055" lon="9.34355">
      <ele>163.07</ele>
      <time>2025-06-25T06:36:04Z</time>
    </rtept>
    <rtept lat="49.695905" lon="9.343829">
      <ele>163.55</ele>
      <time>2025-06-25T06:36:05Z</time>
    </rtept>
    <rtept lat="49.695733" lon="9.344108">
      <ele>163.55</ele>
      <time>2025-06-25T06:36:06Z</time>
    </rtept>
    <rtept lat="49.695197" lon="9.344881">
      <ele>162.59</ele>
      <time>2025-06-25T06:36:09Z</time>
    </rtept>
    <rtept lat="49.694982" lon="9.345074">
      <ele>161.63</ele>
      <time>2025-06-25T06:36:10Z</time>
    </rtept>
    <rtept lat="49.694746" lon="9.345245">
      <ele>161.15</ele>
      <time>2025-06-25T06:36:11Z</time>
    </rtept>
    <rtept lat="49.694489" lon="9.345417">
      <ele>162.11</ele>
      <time>2025-06-25T06:36:12Z</time>
    </rtept>
    <rtept lat="49.694231" lon="9.345589">
      <ele>161.63</ele>
      <time>2025-06-25T06:36:13Z</time>
    </rtept>
    <rtept lat="49.692622" lon="9.346941">
      <ele>160.66</ele>
      <time>2025-06-25T06:36:20Z</time>
    </rtept>
    <rtept lat="49.691764" lon="9.347906">
      <ele>161.15</ele>
      <time>2025-06-25T06:36:25Z</time>
    </rtept>
    <rtept lat="49.691656" lon="9.348142">
      <ele>161.63</ele>
      <time>2025-06-25T06:36:26Z</time>
    </rtept>
    <rtept lat="49.691592" lon="9.348378">
      <ele>162.59</ele>
      <time>2025-06-25T06:36:27Z</time>
    </rtept>
    <rtept lat="49.691549" lon="9.348679">
      <ele>162.11</ele>
      <time>2025-06-25T06:36:28Z</time>
    </rtept>
    <rtept lat="49.691485" lon="9.349001">
      <ele>162.59</ele>
      <time>2025-06-25T06:36:29Z</time>
    </rtept>
    <rtept lat="49.69142" lon="9.349322">
      <ele>163.07</ele>
      <time>2025-06-25T06:36:30Z</time>
    </rtept>
    <rtept lat="49.691163" lon="9.350245">
      <ele>168.36</ele>
      <time>2025-06-25T06:36:33Z</time>
    </rtept>
    <rtept lat="49.69112" lon="9.350374">
      <ele>166.91</ele>
      <time>2025-06-25T06:36:34Z</time>
    </rtept>
    <rtept lat="49.690905" lon="9.350631">
      <ele>166.43</ele>
      <time>2025-06-25T06:36:35Z</time>
    </rtept>
    <rtept lat="49.690712" lon="9.350803">
      <ele>166.91</ele>
      <time>2025-06-25T06:36:36Z</time>
    </rtept>
    <rtept lat="49.690498" lon="9.35091">
      <ele>164.99</ele>
      <time>2025-06-25T06:36:37Z</time>
    </rtept>
    <rtept lat="49.690261" lon="9.351039">
      <ele>165.95</ele>
      <time>2025-06-25T06:36:38Z</time>
    </rtept>
    <rtept lat="49.689081" lon="9.352026">
      <ele>164.03</ele>
      <time>2025-06-25T06:36:44Z</time>
    </rtept>
    <rtept lat="49.687665" lon="9.353914">
      <ele>164.51</ele>
      <time>2025-06-25T06:36:52Z</time>
    </rtept>
    <rtept lat="49.685412" lon="9.356125">
      <ele>167.39</ele>
      <time>2025-06-25T06:37:03Z</time>
    </rtept>
    <rtept lat="49.683695" lon="9.357391">
      <ele>167.39</ele>
      <time>2025-06-25T06:37:11Z</time>
    </rtept>
    <rtept lat="49.681807" lon="9.358635">
      <ele>168.84</ele>
      <time>2025-06-25T06:37:21Z</time>
    </rtept>
    <rtept lat="49.679425" lon="9.359708">
      <ele>167.39</ele>
      <time>2025-06-25T06:37:34Z</time>
    </rtept>
    <rtept lat="49.679125" lon="9.36003">
      <ele>167.39</ele>
      <time>2025-06-25T06:37:36Z</time>
    </rtept>
    <rtept lat="49.678975" lon="9.360201">
      <ele>167.87</ele>
      <time>2025-06-25T06:37:37Z</time>
    </rtept>
    <rtept lat="49.678846" lon="9.360438">
      <ele>168.36</ele>
      <time>2025-06-25T06:37:38Z</time>
    </rtept>
    <rtept lat="49.677923" lon="9.36239">
      <ele>169.8</ele>
      <time>2025-06-25T06:37:46Z</time>
    </rtept>
    <rtept lat="49.677859" lon="9.362626">
      <ele>169.8</ele>
      <time>2025-06-25T06:37:47Z</time>
    </rtept>
    <rtept lat="49.677816" lon="9.362905">
      <ele>170.28</ele>
      <time>2025-06-25T06:37:48Z</time>
    </rtept>
    <rtept lat="49.677494" lon="9.365652">
      <ele>177.97</ele>
      <time>2025-06-25T06:37:57Z</time>
    </rtept>
    <rtept lat="49.677322" lon="9.366746">
      <ele>177.01</ele>
      <time>2025-06-25T06:38:01Z</time>
    </rtept>
    <rtept lat="49.677237" lon="9.367004">
      <ele>177.49</ele>
      <time>2025-06-25T06:38:02Z</time>
    </rtept>
    <rtept lat="49.676357" lon="9.369042">
      <ele>176.05</ele>
      <time>2025-06-25T06:38:11Z</time>
    </rtept>
    <rtept lat="49.675756" lon="9.370458">
      <ele>176.53</ele>
      <time>2025-06-25T06:38:19Z</time>
    </rtept>
    <rtept lat="49.675027" lon="9.372454">
      <ele>177.97</ele>
      <time>2025-06-25T06:38:28Z</time>
    </rtept>
    <rtept lat="49.674469" lon="9.374707">
      <ele>177.49</ele>
      <time>2025-06-25T06:38:37Z</time>
    </rtept>
    <rtept lat="49.673803" lon="9.376145">
      <ele>178.45</ele>
      <time>2025-06-25T06:38:45Z</time>
    </rtept>
    <rtept lat="49.67243" lon="9.378419">
      <ele>179.89</ele>
      <time>2025-06-25T06:38:58Z</time>
    </rtept>
    <rtept lat="49.672344" lon="9.378612">
      <ele>180.37</ele>
      <time>2025-06-25T06:38:59Z</time>
    </rtept>
    <rtept lat="49.67228" lon="9.378805">
      <ele>180.37</ele>
      <time>2025-06-25T06:39:00Z</time>
    </rtept>
    <rtept lat="49.672258" lon="9.379041">
      <ele>180.37</ele>
      <time>2025-06-25T06:39:01Z</time>
    </rtept>
    <rtept lat="49.672216" lon="9.379277">
      <ele>179.41</ele>
      <time>2025-06-25T06:39:02Z</time>
    </rtept>
    <rtept lat="49.672194" lon="9.37947">
      <ele>179.89</ele>
      <time>2025-06-25T06:39:03Z</time>
    </rtept>
    <rtept lat="49.672194" lon="9.379685">
      <ele>181.33</ele>
      <time>2025-06-25T06:39:04Z</time>
    </rtept>
    <rtept lat="49.672151" lon="9.38153">
      <ele>186.14</ele>
      <time>2025-06-25T06:39:13Z</time>
    </rtept>
    <rtept lat="49.672173" lon="9.382646">
      <ele>188.06</ele>
      <time>2025-06-25T06:39:18Z</time>
    </rtept>
    <rtept lat="49.672216" lon="9.382904">
      <ele>188.06</ele>
      <time>2025-06-25T06:39:19Z</time>
    </rtept>
    <rtept lat="49.672623" lon="9.386294">
      <ele>194.31</ele>
      <time>2025-06-25T06:39:32Z</time>
    </rtept>
    <rtept lat="49.672495" lon="9.388805">
      <ele>192.87</ele>
      <time>2025-06-25T06:39:41Z</time>
    </rtept>
    <rtept lat="49.672344" lon="9.391551">
      <ele>192.39</ele>
      <time>2025-06-25T06:39:54Z</time>
    </rtept>
    <rtept lat="49.672258" lon="9.393139">
      <ele>194.31</ele>
      <time>2025-06-25T06:40:05Z</time>
    </rtept>
    <rtept lat="49.672173" lon="9.394641">
      <ele>194.31</ele>
      <time>2025-06-25T06:40:15Z</time>
    </rtept>
    <rtept lat="49.672108" lon="9.395886">
      <ele>193.35</ele>
      <time>2025-06-25T06:40:23Z</time>
    </rtept>
    <rtept lat="49.672087" lon="9.396036">
      <ele>194.79</ele>
      <time>2025-06-25T06:40:24Z</time>
    </rtept>
    <rtept lat="49.672044" lon="9.396165">
      <ele>195.75</ele>
      <time>2025-06-25T06:40:25Z</time>
    </rtept>
    <rtept lat="49.671894" lon="9.396594">
      <ele>192.87</ele>
      <time>2025-06-25T06:40:28Z</time>
    </rtept>
    <rtept lat="49.671808" lon="9.396744">
      <ele>192.87</ele>
      <time>2025-06-25T06:40:29Z</time>
    </rtept>
    <rtept lat="49.671722" lon="9.396873">
      <ele>192.39</ele>
      <time>2025-06-25T06:40:30Z</time>
    </rtept>
    <rtept lat="49.671636" lon="9.397023">
      <ele>192.39</ele>
      <time>2025-06-25T06:40:31Z</time>
    </rtept>
    <rtept lat="49.67155" lon="9.397173">
      <ele>191.43</ele>
      <time>2025-06-25T06:40:32Z</time>
    </rtept>
    <rtept lat="49.671443" lon="9.397302">
      <ele>191.91</ele>
      <time>2025-06-25T06:40:33Z</time>
    </rtept>
    <rtept lat="49.671314" lon="9.397452">
      <ele>191.91</ele>
      <time>2025-06-25T06:40:34Z</time>
    </rtept>
    <rtept lat="49.670113" lon="9.398933">
      <ele>195.27</ele>
      <time>2025-06-25T06:40:45Z</time>
    </rtept>
    <rtept lat="49.66904" lon="9.400799">
      <ele>195.27</ele>
      <time>2025-06-25T06:40:56Z</time>
    </rtept>
    <rtept lat="49.668074" lon="9.402516">
      <ele>195.75</ele>
      <time>2025-06-25T06:41:06Z</time>
    </rtept>
    <rtept lat="49.667066" lon="9.403932">
      <ele>197.19</ele>
      <time>2025-06-25T06:41:13Z</time>
    </rtept>
    <rtept lat="49.665714" lon="9.406014">
      <ele>196.23</ele>
      <time>2025-06-25T06:41:21Z</time>
    </rtept>
    <rtept lat="49.665413" lon="9.406529">
      <ele>196.23</ele>
      <time>2025-06-25T06:41:24Z</time>
    </rtept>
    <rtept lat="49.66492" lon="9.407838">
      <ele>201.04</ele>
      <time>2025-06-25T06:41:30Z</time>
    </rtept>
    <rtept lat="49.664362" lon="9.409876">
      <ele>199.6</ele>
      <time>2025-06-25T06:41:37Z</time>
    </rtept>
    <rtept lat="49.663847" lon="9.411807">
      <ele>202.0</ele>
      <time>2025-06-25T06:41:46Z</time>
    </rtept>
    <rtept lat="49.663396" lon="9.414661">
      <ele>209.69</ele>
      <time>2025-06-25T06:41:59Z</time>
    </rtept>
    <rtept lat="49.663461" lon="9.416099">
      <ele>211.61</ele>
      <time>2025-06-25T06:42:04Z</time>
    </rtept>
    <rtept lat="49.663783" lon="9.419553">
      <ele>217.38</ele>
      <time>2025-06-25T06:42:12Z</time>
    </rtept>
    <rtept lat="49.663804" lon="9.419983">
      <ele>218.34</ele>
      <time>2025-06-25T06:42:13Z</time>
    </rtept>
    <rtept lat="49.663783" lon="9.42039">
      <ele>218.34</ele>
      <time>2025-06-25T06:42:14Z</time>
    </rtept>
    <rtept lat="49.66374" lon="9.420798">
      <ele>217.38</ele>
      <time>2025-06-25T06:42:15Z</time>
    </rtept>
    <rtept lat="49.663675" lon="9.421227">
      <ele>218.34</ele>
      <time>2025-06-25T06:42:16Z</time>
    </rtept>
    <rtept lat="49.663632" lon="9.421635">
      <ele>219.3</ele>
      <time>2025-06-25T06:42:17Z</time>
    </rtept>
    <rtept lat="49.663268" lon="9.422772">
      <ele>220.75</ele>
      <time>2025-06-25T06:42:20Z</time>
    </rtept>
    <rtept lat="49.663118" lon="9.423137">
      <ele>221.71</ele>
      <time>2025-06-25T06:42:21Z</time>
    </rtept>
    <rtept lat="49.662238" lon="9.425776">
      <ele>217.38</ele>
      <time>2025-06-25T06:42:28Z</time>
    </rtept>
    <rtept lat="49.661894" lon="9.427149">
      <ele>215.46</ele>
      <time>2025-06-25T06:42:32Z</time>
    </rtept>
    <rtept lat="49.661766" lon="9.427407">
      <ele>215.46</ele>
      <time>2025-06-25T06:42:33Z</time>
    </rtept>
    <rtept lat="49.661615" lon="9.4276">
      <ele>215.46</ele>
      <time>2025-06-25T06:42:34Z</time>
    </rtept>
    <rtept lat="49.661444" lon="9.427815">
      <ele>217.38</ele>
      <time>2025-06-25T06:42:35Z</time>
    </rtept>
    <rtept lat="49.661229" lon="9.428094">
      <ele>217.38</ele>
      <time>2025-06-25T06:42:36Z</time>
    </rtept>
    <rtept lat="49.661015" lon="9.42833">
      <ele>219.3</ele>
      <time>2025-06-25T06:42:37Z</time>
    </rtept>
    <rtept lat="49.660757" lon="9.428566">
      <ele>219.3</ele>
      <time>2025-06-25T06:42:38Z</time>
    </rtept>
    <rtept lat="49.659126" lon="9.429917">
      <ele>217.86</ele>
      <time>2025-06-25T06:42:45Z</time>
    </rtept>
    <rtept lat="49.658912" lon="9.430025">
      <ele>216.9</ele>
      <time>2025-06-25T06:42:46Z</time>
    </rtept>
    <rtept lat="49.658697" lon="9.430068">
      <ele>218.82</ele>
      <time>2025-06-25T06:42:47Z</time>
    </rtept>
    <rtept lat="49.658504" lon="9.430089">
      <ele>220.75</ele>
      <time>2025-06-25T06:42:48Z</time>
    </rtept>
    <rtept lat="49.658332" lon="9.430089">
      <ele>216.9</ele>
      <time>2025-06-25T06:42:49Z</time>
    </rtept>
    <rtept lat="49.658139" lon="9.430111">
      <ele>216.42</ele>
      <time>2025-06-25T06:42:50Z</time>
    </rtept>
    <rtept lat="49.658011" lon="9.430175">
      <ele>215.46</ele>
      <time>2025-06-25T06:42:51Z</time>
    </rtept>
    <rtept lat="49.657903" lon="9.430325">
      <ele>216.42</ele>
      <time>2025-06-25T06:42:52Z</time>
    </rtept>
    <rtept lat="49.657796" lon="9.430454">
      <ele>218.34</ele>
      <time>2025-06-25T06:42:53Z</time>
    </rtept>
    <rtept lat="49.657689" lon="9.430711">
      <ele>216.42</ele>
      <time>2025-06-25T06:42:54Z</time>
    </rtept>
    <rtept lat="49.657603" lon="9.430969">
      <ele>217.38</ele>
      <time>2025-06-25T06:42:55Z</time>
    </rtept>
    <rtept lat="49.657517" lon="9.431226">
      <ele>219.79</ele>
      <time>2025-06-25T06:42:56Z</time>
    </rtept>
    <rtept lat="49.65741" lon="9.431462">
      <ele>220.27</ele>
      <time>2025-06-25T06:42:57Z</time>
    </rtept>
    <rtept lat="49.657302" lon="9.431634">
      <ele>219.79</ele>
      <time>2025-06-25T06:42:58Z</time>
    </rtept>
    <rtept lat="49.657174" lon="9.431741">
      <ele>218.82</ele>
      <time>2025-06-25T06:42:59Z</time>
    </rtept>
    <rtept lat="49.657045" lon="9.431827">
      <ele>218.82</ele>
      <time>2025-06-25T06:43:00Z</time>
    </rtept>
    <rtept lat="49.656873" lon="9.43187">
      <ele>218.34</ele>
      <time>2025-06-25T06:43:01Z</time>
    </rtept>
    <rtept lat="49.656594" lon="9.431934">
      <ele>220.27</ele>
      <time>2025-06-25T06:43:02Z</time>
    </rtept>
    <rtept lat="49.65638" lon="9.43202">
      <ele>218.34</ele>
      <time>2025-06-25T06:43:03Z</time>
    </rtept>
    <rtept lat="49.656165" lon="9.432106">
      <ele>215.94</ele>
      <time>2025-06-25T06:43:04Z</time>
    </rtept>
    <rtept lat="49.655951" lon="9.432256">
      <ele>218.34</ele>
      <time>2025-06-25T06:43:05Z</time>
    </rtept>
    <rtept lat="49.655736" lon="9.432407">
      <ele>219.3</ele>
      <time>2025-06-25T06:43:06Z</time>
    </rtept>
    <rtept lat="49.655586" lon="9.432514">
      <ele>219.3</ele>
      <time>2025-06-25T06:43:07Z</time>
    </rtept>
    <rtept lat="49.655371" lon="9.432578">
      <ele>219.79</ele>
      <time>2025-06-25T06:43:08Z</time>
    </rtept>
    <rtept lat="49.655178" lon="9.4326">
      <ele>220.75</ele>
      <time>2025-06-25T06:43:09Z</time>
    </rtept>
    <rtept lat="49.655007" lon="9.432535">
      <ele>223.63</ele>
      <time>2025-06-25T06:43:10Z</time>
    </rtept>
    <rtept lat="49.654813" lon="9.432471">
      <ele>223.63</ele>
      <time>2025-06-25T06:43:11Z</time>
    </rtept>
    <rtept lat="49.654577" lon="9.432407">
      <ele>223.63</ele>
      <time>2025-06-25T06:43:12Z</time>
    </rtept>
    <rtept lat="49.654341" lon="9.432364">
      <ele>220.27</ele>
      <time>2025-06-25T06:43:13Z</time>
    </rtept>
    <rtept lat="49.653311" lon="9.432192">
      <ele>222.67</ele>
      <time>2025-06-25T06:43:17Z</time>
    </rtept>
    <rtept lat="49.652217" lon="9.432278">
      <ele>222.67</ele>
      <time>2025-06-25T06:43:21Z</time>
    </rtept>
    <rtept lat="49.651702" lon="9.432299">
      <ele>222.67</ele>
      <time>2025-06-25T06:43:23Z</time>
    </rtept>
    <rtept lat="49.651445" lon="9.432364">
      <ele>220.27</ele>
      <time>2025-06-25T06:43:24Z</time>
    </rtept>
    <rtept lat="49.651166" lon="9.432449">
      <ele>220.75</ele>
      <time>2025-06-25T06:43:25Z</time>
    </rtept>
    <rtept lat="49.650887" lon="9.4326">
      <ele>220.27</ele>
      <time>2025-06-25T06:43:26Z</time>
    </rtept>
    <rtept lat="49.650608" lon="9.432728">
      <ele>221.23</ele>
      <time>2025-06-25T06:43:27Z</time>
    </rtept>
    <rtept lat="49.65035" lon="9.432879">
      <ele>222.19</ele>
      <time>2025-06-25T06:43:28Z</time>
    </rtept>
    <rtept lat="49.648848" lon="9.433394">
      <ele>225.07</ele>
      <time>2025-06-25T06:43:34Z</time>
    </rtept>
    <rtept lat="49.64711" lon="9.433522">
      <ele>225.07</ele>
      <time>2025-06-25T06:43:41Z</time>
    </rtept>
    <rtept lat="49.64578" lon="9.434209">
      <ele>225.55</ele>
      <time>2025-06-25T06:43:47Z</time>
    </rtept>
    <rtept lat="49.6446" lon="9.435389">
      <ele>228.92</ele>
      <time>2025-06-25T06:43:53Z</time>
    </rtept>
    <rtept lat="49.644385" lon="9.435561">
      <ele>230.36</ele>
      <time>2025-06-25T06:43:54Z</time>
    </rtept>
    <rtept lat="49.644149" lon="9.435754">
      <ele>229.4</ele>
      <time>2025-06-25T06:43:55Z</time>
    </rtept>
    <rtept lat="49.64387" lon="9.435883">
      <ele>228.92</ele>
      <time>2025-06-25T06:43:56Z</time>
    </rtept>
    <rtept lat="49.643612" lon="9.436011">
      <ele>228.92</ele>
      <time>2025-06-25T06:43:57Z</time>
    </rtept>
    <rtept lat="49.643312" lon="9.436119">
      <ele>230.84</ele>
      <time>2025-06-25T06:43:58Z</time>
    </rtept>
    <rtept lat="49.641681" lon="9.436762">
      <ele>233.24</ele>
      <time>2025-06-25T06:44:04Z</time>
    </rtept>
    <rtept lat="49.641445" lon="9.436913">
      <ele>233.72</ele>
      <time>2025-06-25T06:44:05Z</time>
    </rtept>
    <rtept lat="49.641209" lon="9.437127">
      <ele>234.21</ele>
      <time>2025-06-25T06:44:06Z</time>
    </rtept>
    <rtept lat="49.640995" lon="9.437385">
      <ele>233.72</ele>
      <time>2025-06-25T06:44:07Z</time>
    </rtept>
    <rtept lat="49.640759" lon="9.437642">
      <ele>232.28</ele>
      <time>2025-06-25T06:44:08Z</time>
    </rtept>
    <rtept lat="49.638935" lon="9.439316">
      <ele>233.24</ele>
      <time>2025-06-25T06:44:16Z</time>
    </rtept>
    <rtept lat="49.636961" lon="9.441033">
      <ele>239.97</ele>
      <time>2025-06-25T06:44:25Z</time>
    </rtept>
    <rtept lat="49.636381" lon="9.441462">
      <ele>239.01</ele>
      <time>2025-06-25T06:44:28Z</time>
    </rtept>
    <rtept lat="49.636188" lon="9.441526">
      <ele>239.01</ele>
      <time>2025-06-25T06:44:29Z</time>
    </rtept>
    <rtept lat="49.635523" lon="9.441633">
      <ele>240.45</ele>
      <time>2025-06-25T06:44:32Z</time>
    </rtept>
    <rtept lat="49.633763" lon="9.441934">
      <ele>240.45</ele>
      <time>2025-06-25T06:44:39Z</time>
    </rtept>
    <rtept lat="49.631832" lon="9.44305">
      <ele>241.41</ele>
      <time>2025-06-25T06:44:47Z</time>
    </rtept>
    <rtept lat="49.629858" lon="9.444745">
      <ele>245.74</ele>
      <time>2025-06-25T06:44:56Z</time>
    </rtept>
    <rtept lat="49.628528" lon="9.445517">
      <ele>246.7</ele>
      <time>2025-06-25T06:45:02Z</time>
    </rtept>
    <rtept lat="49.62709" lon="9.446526">
      <ele>246.7</ele>
      <time>2025-06-25T06:45:09Z</time>
    </rtept>
    <rtept lat="49.626897" lon="9.446612">
      <ele>247.18</ele>
      <time>2025-06-25T06:45:10Z</time>
    </rtept>
    <rtept lat="49.626661" lon="9.446697">
      <ele>248.14</ele>
      <time>2025-06-25T06:45:11Z</time>
    </rtept>
    <rtept lat="49.624258" lon="9.447534">
      <ele>251.03</ele>
      <time>2025-06-25T06:45:22Z</time>
    </rtept>
    <rtept lat="49.622627" lon="9.448478">
      <ele>250.07</ele>
      <time>2025-06-25T06:45:30Z</time>
    </rtept>
    <rtept lat="49.620953" lon="9.449229">
      <ele>253.43</ele>
      <time>2025-06-25T06:45:38Z</time>
    </rtept>
    <rtept lat="49.618958" lon="9.449551">
      <ele>256.8</ele>
      <time>2025-06-25T06:45:47Z</time>
    </rtept>
    <rtept lat="49.617434" lon="9.450131">
      <ele>256.32</ele>
      <time>2025-06-25T06:45:54Z</time>
    </rtept>
    <rtept lat="49.616018" lon="9.451075">
      <ele>257.28</ele>
      <time>2025-06-25T06:46:01Z</time>
    </rtept>
    <rtept lat="49.615846" lon="9.451246">
      <ele>256.8</ele>
      <time>2025-06-25T06:46:02Z</time>
    </rtept>
    <rtept lat="49.615696" lon="9.451482">
      <ele>257.28</ele>
      <time>2025-06-25T06:46:03Z</time>
    </rtept>
    <rtept lat="49.615589" lon="9.451761">
      <ele>258.24</ele>
      <time>2025-06-25T06:46:04Z</time>
    </rtept>
    <rtept lat="49.615503" lon="9.452105">
      <ele>261.6</ele>
      <time>2025-06-25T06:46:05Z</time>
    </rtept>
    <rtept lat="49.615439" lon="9.452341">
      <ele>261.6</ele>
      <time>2025-06-25T06:46:06Z</time>
    </rtept>
    <rtept lat="49.615417" lon="9.452748">
      <ele>262.56</ele>
      <time>2025-06-25T06:46:07Z</time>
    </rtept>
    <rtept lat="49.61546" lon="9.453113">
      <ele>263.53</ele>
      <time>2025-06-25T06:46:08Z</time>
    </rtept>
    <rtept lat="49.615503" lon="9.453414">
      <ele>264.97</ele>
      <time>2025-06-25T06:46:09Z</time>
    </rtept>
    <rtept lat="49.615589" lon="9.453757">
      <ele>265.45</ele>
      <time>2025-06-25T06:46:10Z</time>
    </rtept>
    <rtept lat="49.615696" lon="9.4541">
      <ele>264.97</ele>
      <time>2025-06-25T06:46:11Z</time>
    </rtept>
    <rtept lat="49.615782" lon="9.454422">
      <ele>265.45</ele>
      <time>2025-06-25T06:46:12Z</time>
    </rtept>
    <rtept lat="49.616361" lon="9.456525">
      <ele>269.29</ele>
      <time>2025-06-25T06:46:19Z</time>
    </rtept>
    <rtept lat="49.616383" lon="9.456782">
      <ele>274.1</ele>
      <time>2025-06-25T06:46:20Z</time>
    </rtept>
    <rtept lat="49.616361" lon="9.457104">
      <ele>275.54</ele>
      <time>2025-06-25T06:46:21Z</time>
    </rtept>
    <rtept lat="49.616361" lon="9.457426">
      <ele>271.7</ele>
      <time>2025-06-25T06:46:22Z</time>
    </rtept>
    <rtept lat="49.616318" lon="9.457748">
      <ele>270.25</ele>
      <time>2025-06-25T06:46:23Z</time>
    </rtept>
    <rtept lat="49.616254" lon="9.458027">
      <ele>269.29</ele>
      <time>2025-06-25T06:46:24Z</time>
    </rtept>
    <rtept lat="49.616125" lon="9.45837">
      <ele>267.85</ele>
      <time>2025-06-25T06:46:25Z</time>
    </rtept>
    <rtept lat="49.615996" lon="9.458649">
      <ele>266.89</ele>
      <time>2025-06-25T06:46:26Z</time>
    </rtept>
    <rtept lat="49.615846" lon="9.458885">
      <ele>266.41</ele>
      <time>2025-06-25T06:46:27Z</time>
    </rtept>
    <rtept lat="49.61561" lon="9.459143">
      <ele>268.33</ele>
      <time>2025-06-25T06:46:28Z</time>
    </rtept>
    <rtept lat="49.615353" lon="9.459422">
      <ele>267.85</ele>
      <time>2025-06-25T06:46:29Z</time>
    </rtept>
    <rtept lat="49.613443" lon="9.461439">
      <ele>265.45</ele>
      <time>2025-06-25T06:46:38Z</time>
    </rtept>
    <rtept lat="49.612156" lon="9.462919">
      <ele>266.41</ele>
      <time>2025-06-25T06:46:46Z</time>
    </rtept>
    <rtept lat="49.61192" lon="9.463263">
      <ele>264.97</ele>
      <time>2025-06-25T06:46:48Z</time>
    </rtept>
    <rtept lat="49.611834" lon="9.46352">
      <ele>265.45</ele>
      <time>2025-06-25T06:46:49Z</time>
    </rtept>
    <rtept lat="49.611769" lon="9.463713">
      <ele>265.93</ele>
      <time>2025-06-25T06:46:50Z</time>
    </rtept>
    <rtept lat="49.611726" lon="9.464035">
      <ele>266.41</ele>
      <time>2025-06-25T06:46:51Z</time>
    </rtept>
    <rtept lat="49.611705" lon="9.464314">
      <ele>265.45</ele>
      <time>2025-06-25T06:46:52Z</time>
    </rtept>
    <rtept lat="49.611748" lon="9.464636">
      <ele>266.41</ele>
      <time>2025-06-25T06:46:53Z</time>
    </rtept>
    <rtept lat="49.611769" lon="9.464979">
      <ele>266.41</ele>
      <time>2025-06-25T06:46:54Z</time>
    </rtept>
    <rtept lat="49.611984" lon="9.467125">
      <ele>277.94</ele>
      <time>2025-06-25T06:47:01Z</time>
    </rtept>
    <rtept lat="49.611877" lon="9.468391">
      <ele>281.31</ele>
      <time>2025-06-25T06:47:07Z</time>
    </rtept>
    <rtept lat="49.611319" lon="9.469743">
      <ele>279.39</ele>
      <time>2025-06-25T06:47:16Z</time>
    </rtept>
    <rtept lat="49.611233" lon="9.469872">
      <ele>277.94</ele>
      <time>2025-06-25T06:47:17Z</time>
    </rtept>
    <rtept lat="49.610053" lon="9.471116">
      <ele>272.66</ele>
      <time>2025-06-25T06:47:29Z</time>
    </rtept>
    <rtept lat="49.609409" lon="9.47206">
      <ele>273.62</ele>
      <time>2025-06-25T06:47:39Z</time>
    </rtept>
    <rtept lat="49.609302" lon="9.472146">
      <ele>273.62</ele>
      <time>2025-06-25T06:47:41Z</time>
    </rtept>
    <rtept lat="49.609216" lon="9.472168">
      <ele>273.62</ele>
      <time>2025-06-25T06:47:42Z</time>
    </rtept>
    <rtept lat="49.608958" lon="9.472318">
      <ele>272.66</ele>
      <time>2025-06-25T06:47:45Z</time>
    </rtept>
    <rtept lat="49.608873" lon="9.472404">
      <ele>273.14</ele>
      <time>2025-06-25T06:47:46Z</time>
    </rtept>
    <rtept lat="49.608787" lon="9.472489">
      <ele>273.62</ele>
      <time>2025-06-25T06:47:47Z</time>
    </rtept>
    <rtept lat="49.608722" lon="9.472618">
      <ele>274.58</ele>
      <time>2025-06-25T06:47:48Z</time>
    </rtept>
    <rtept lat="49.608679" lon="9.472747">
      <ele>273.14</ele>
      <time>2025-06-25T06:47:49Z</time>
    </rtept>
    <rtept lat="49.608358" lon="9.473391">
      <ele>275.06</ele>
      <time>2025-06-25T06:47:57Z</time>
    </rtept>
    <rtept lat="49.608315" lon="9.473519">
      <ele>286.6</ele>
      <time>2025-06-25T06:48:09Z</time>
    </rtept>
    <rtept lat="49.608315" lon="9.473541">
      <ele>287.08</ele>
      <time>2025-06-25T06:48:10Z</time>
    </rtept>
    <rtept lat="49.608315" lon="9.473562">
      <ele>287.08</ele>
      <time>2025-06-25T06:48:11Z</time>
    </rtept>
    <rtept lat="49.608315" lon="9.473605">
      <ele>287.56</ele>
      <time>2025-06-25T06:48:12Z</time>
    </rtept>
    <rtept lat="49.608293" lon="9.473627">
      <ele>287.56</ele>
      <time>2025-06-25T06:48:13Z</time>
    </rtept>
    <rtept lat="49.608293" lon="9.473627">
      <ele>287.56</ele>
      <time>2025-06-25T06:48:14Z</time>
    </rtept>
    <rtept lat="49.60825" lon="9.473884">
      <ele>289.0</ele>
      <time>2025-06-25T06:48:24Z</time>
    </rtept>
    <rtept lat="49.608164" lon="9.474506">
      <ele>285.15</ele>
      <time>2025-06-25T06:48:31Z</time>
    </rtept>
    <rtept lat="49.608164" lon="9.474571">
      <ele>284.67</ele>
      <time>2025-06-25T06:48:32Z</time>
    </rtept>
    <rtept lat="49.608207" lon="9.474635">
      <ele>285.64</ele>
      <time>2025-06-25T06:48:33Z</time>
    </rtept>
    <rtept lat="49.60825" lon="9.474678">
      <ele>285.15</ele>
      <time>2025-06-25T06:48:34Z</time>
    </rtept>
    <rtept lat="49.608336" lon="9.474785">
      <ele>281.79</ele>
      <time>2025-06-25T06:48:35Z</time>
    </rtept>
    <rtept lat="49.608358" lon="9.474893">
      <ele>280.83</ele>
      <time>2025-06-25T06:48:36Z</time>
    </rtept>
    <rtept lat="49.608379" lon="9.475">
      <ele>283.71</ele>
      <time>2025-06-25T06:48:37Z</time>
    </rtept>
    <rtept lat="49.608615" lon="9.475708">
      <ele>282.75</ele>
      <time>2025-06-25T06:48:44Z</time>
    </rtept>
    <rtept lat="49.608636" lon="9.475794">
      <ele>282.75</ele>
      <time>2025-06-25T06:48:45Z</time>
    </rtept>
    <rtept lat="49.608658" lon="9.475815">
      <ele>282.75</ele>
      <time>2025-06-25T06:48:46Z</time>
    </rtept>
    <rtept lat="49.608701" lon="9.47588">
      <ele>283.23</ele>
      <time>2025-06-25T06:48:47Z</time>
    </rtept>
    <rtept lat="49.608765" lon="9.475944">
      <ele>283.23</ele>
      <time>2025-06-25T06:48:48Z</time>
    </rtept>
    <rtept lat="49.609345" lon="9.476781">
      <ele>283.23</ele>
      <time>2025-06-25T06:49:00Z</time>
    </rtept>
    <rtept lat="49.609795" lon="9.477961">
      <ele>284.67</ele>
      <time>2025-06-25T06:49:12Z</time>
    </rtept>
    <rtept lat="49.610203" lon="9.479356">
      <ele>285.15</ele>
      <time>2025-06-25T06:49:25Z</time>
    </rtept>
    <rtept lat="49.610417" lon="9.480794">
      <ele>285.15</ele>
      <time>2025-06-25T06:49:37Z</time>
    </rtept>
    <rtept lat="49.610589" lon="9.482403">
      <ele>287.56</ele>
      <time>2025-06-25T06:49:47Z</time>
    </rtept>
    <rtept lat="49.611083" lon="9.484506">
      <ele>286.6</ele>
      <time>2025-06-25T06:49:55Z</time>
    </rtept>
    <rtept lat="49.612134" lon="9.487767">
      <ele>294.77</ele>
      <time>2025-06-25T06:50:09Z</time>
    </rtept>
    <rtept lat="49.612735" lon="9.490042">
      <ele>301.5</ele>
      <time>2025-06-25T06:50:17Z</time>
    </rtept>
    <rtept lat="49.6131" lon="9.49281">
      <ele>303.9</ele>
      <time>2025-06-25T06:50:25Z</time>
    </rtept>
    <rtept lat="49.61355" lon="9.4959">
      <ele>305.82</ele>
      <time>2025-06-25T06:50:33Z</time>
    </rtept>
    <rtept lat="49.614301" lon="9.498024">
      <ele>302.94</ele>
      <time>2025-06-25T06:50:38Z</time>
    </rtept>
    <rtept lat="49.615589" lon="9.499998">
      <ele>300.54</ele>
      <time>2025-06-25T06:50:44Z</time>
    </rtept>
    <rtept lat="49.61664" lon="9.502015">
      <ele>301.02</ele>
      <time>2025-06-25T06:50:49Z</time>
    </rtept>
    <rtept lat="49.61722" lon="9.504268">
      <ele>307.75</ele>
      <time>2025-06-25T06:50:56Z</time>
    </rtept>
    <rtept lat="49.61737" lon="9.506672">
      <ele>312.07</ele>
      <time>2025-06-25T06:51:02Z</time>
    </rtept>
    <rtept lat="49.617198" lon="9.508817">
      <ele>314.47</ele>
      <time>2025-06-25T06:51:06Z</time>
    </rtept>
    <rtept lat="49.617069" lon="9.511435">
      <ele>315.92</ele>
      <time>2025-06-25T06:51:12Z</time>
    </rtept>
    <rtept lat="49.617327" lon="9.514418">
      <ele>320.72</ele>
      <time>2025-06-25T06:51:20Z</time>
    </rtept>
    <rtept lat="49.617992" lon="9.5174">
      <ele>330.82</ele>
      <time>2025-06-25T06:51:28Z</time>
    </rtept>
    <rtept lat="49.618421" lon="9.520404">
      <ele>340.91</ele>
      <time>2025-06-25T06:51:36Z</time>
    </rtept>
    <rtept lat="49.618142" lon="9.522958">
      <ele>350.52</ele>
      <time>2025-06-25T06:51:42Z</time>
    </rtept>
    <rtept lat="49.61737" lon="9.525383">
      <ele>347.16</ele>
      <time>2025-06-25T06:51:48Z</time>
    </rtept>
    <rtept lat="49.616876" lon="9.527636">
      <ele>357.73</ele>
      <time>2025-06-25T06:51:54Z</time>
    </rtept>
    <rtept lat="49.616855" lon="9.53006">
      <ele>367.83</ele>
      <time>2025-06-25T06:52:00Z</time>
    </rtept>
    <rtept lat="49.617305" lon="9.532313">
      <ele>370.71</ele>
      <time>2025-06-25T06:52:06Z</time>
    </rtept>
    <rtept lat="49.618464" lon="9.53506">
      <ele>368.31</ele>
      <time>2025-06-25T06:52:14Z</time>
    </rtept>
    <rtept lat="49.618958" lon="9.537013">
      <ele>367.35</ele>
      <time>2025-06-25T06:52:20Z</time>
    </rtept>
    <rtept lat="49.619001" lon="9.537635">
      <ele>366.39</ele>
      <time>2025-06-25T06:52:22Z</time>
    </rtept>
    <rtept lat="49.618979" lon="9.537957">
      <ele>364.94</ele>
      <time>2025-06-25T06:52:23Z</time>
    </rtept>
    <rtept lat="49.618979" lon="9.5383">
      <ele>363.98</ele>
      <time>2025-06-25T06:52:24Z</time>
    </rtept>
    <rtept lat="49.618936" lon="9.538601">
      <ele>362.06</ele>
      <time>2025-06-25T06:52:25Z</time>
    </rtept>
    <rtept lat="49.618872" lon="9.538944">
      <ele>361.1</ele>
      <time>2025-06-25T06:52:26Z</time>
    </rtept>
    <rtept lat="49.618807" lon="9.539266">
      <ele>359.66</ele>
      <time>2025-06-25T06:52:27Z</time>
    </rtept>
    <rtept lat="49.618743" lon="9.539566">
      <ele>358.21</ele>
      <time>2025-06-25T06:52:28Z</time>
    </rtept>
    <rtept lat="49.618614" lon="9.539845">
      <ele>356.29</ele>
      <time>2025-06-25T06:52:29Z</time>
    </rtept>
    <rtept lat="49.618486" lon="9.540081">
      <ele>354.37</ele>
      <time>2025-06-25T06:52:30Z</time>
    </rtept>
    <rtept lat="49.618357" lon="9.540339">
      <ele>353.41</ele>
      <time>2025-06-25T06:52:31Z</time>
    </rtept>
    <rtept lat="49.618228" lon="9.540575">
      <ele>351.97</ele>
      <time>2025-06-25T06:52:32Z</time>
    </rtept>
    <rtept lat="49.618099" lon="9.540789">
      <ele>351.0</ele>
      <time>2025-06-25T06:52:33Z</time>
    </rtept>
    <rtept lat="49.617949" lon="9.540982">
      <ele>350.52</ele>
      <time>2025-06-25T06:52:34Z</time>
    </rtept>
    <rtept lat="49.61752" lon="9.541412">
      <ele>345.72</ele>
      <time>2025-06-25T06:52:37Z</time>
    </rtept>
    <rtept lat="49.617348" lon="9.541519">
      <ele>345.72</ele>
      <time>2025-06-25T06:52:38Z</time>
    </rtept>
    <rtept lat="49.617198" lon="9.541605">
      <ele>344.76</ele>
      <time>2025-06-25T06:52:39Z</time>
    </rtept>
    <rtept lat="49.617026" lon="9.541712">
      <ele>344.76</ele>
      <time>2025-06-25T06:52:40Z</time>
    </rtept>
    <rtept lat="49.616855" lon="9.541776">
      <ele>343.31</ele>
      <time>2025-06-25T06:52:41Z</time>
    </rtept>
    <rtept lat="49.616705" lon="9.541819">
      <ele>342.83</ele>
      <time>2025-06-25T06:52:42Z</time>
    </rtept>
    <rtept lat="49.616511" lon="9.541841">
      <ele>341.39</ele>
      <time>2025-06-25T06:52:43Z</time>
    </rtept>
    <rtept lat="49.614537" lon="9.542141">
      <ele>323.61</ele>
      <time>2025-06-25T06:52:54Z</time>
    </rtept>
    <rtept lat="49.613572" lon="9.542978">
      <ele>317.36</ele>
      <time>2025-06-25T06:53:00Z</time>
    </rtept>
    <rtept lat="49.612928" lon="9.54433">
      <ele>313.99</ele>
      <time>2025-06-25T06:53:06Z</time>
    </rtept>
    <rtept lat="49.612606" lon="9.546111">
      <ele>311.11</ele>
      <time>2025-06-25T06:53:13Z</time>
    </rtept>
    <rtept lat="49.612606" lon="9.548106">
      <ele>309.67</ele>
      <time>2025-06-25T06:53:22Z</time>
    </rtept>
    <rtept lat="49.612542" lon="9.550617">
      <ele>305.34</ele>
      <time>2025-06-25T06:53:34Z</time>
    </rtept>
    <rtept lat="49.612113" lon="9.55287">
      <ele>302.46</ele>
      <time>2025-06-25T06:53:47Z</time>
    </rtept>
    <rtept lat="49.611512" lon="9.554973">
      <ele>300.06</ele>
      <time>2025-06-25T06:53:57Z</time>
    </rtept>
    <rtept lat="49.611104" lon="9.557419">
      <ele>290.44</ele>
      <time>2025-06-25T06:54:06Z</time>
    </rtept>
    <rtept lat="49.611297" lon="9.559736">
      <ele>287.56</ele>
      <time>2025-06-25T06:54:14Z</time>
    </rtept>
    <rtept lat="49.611877" lon="9.561753">
      <ele>286.6</ele>
      <time>2025-06-25T06:54:22Z</time>
    </rtept>
    <rtept lat="49.612434" lon="9.563019">
      <ele>284.67</ele>
      <time>2025-06-25T06:54:26Z</time>
    </rtept>
    <rtept lat="49.61413" lon="9.566603">
      <ele>276.02</ele>
      <time>2025-06-25T06:54:35Z</time>
    </rtept>
    <rtept lat="49.614623" lon="9.568513">
      <ele>271.22</ele>
      <time>2025-06-25T06:54:40Z</time>
    </rtept>
    <rtept lat="49.614645" lon="9.570744">
      <ele>263.04</ele>
      <time>2025-06-25T06:54:46Z</time>
    </rtept>
    <rtept lat="49.614173" lon="9.573276">
      <ele>256.32</ele>
      <time>2025-06-25T06:54:52Z</time>
    </rtept>
    <rtept lat="49.613271" lon="9.577096">
      <ele>249.11</ele>
      <time>2025-06-25T06:55:02Z</time>
    </rtept>
    <rtept lat="49.612992" lon="9.579907">
      <ele>251.03</ele>
      <time>2025-06-25T06:55:10Z</time>
    </rtept>
    <rtept lat="49.6131" lon="9.582031">
      <ele>245.26</ele>
      <time>2025-06-25T06:55:17Z</time>
    </rtept>
    <rtept lat="49.613593" lon="9.584048">
      <ele>246.7</ele>
      <time>2025-06-25T06:55:25Z</time>
    </rtept>
    <rtept lat="49.614387" lon="9.585486">
      <ele>243.34</ele>
      <time>2025-06-25T06:55:31Z</time>
    </rtept>
    <rtept lat="49.61546" lon="9.587288">
      <ele>246.22</ele>
      <time>2025-06-25T06:55:39Z</time>
    </rtept>
    <rtept lat="49.615932" lon="9.588962">
      <ele>245.74</ele>
      <time>2025-06-25T06:55:45Z</time>
    </rtept>
    <rtept lat="49.616061" lon="9.591065">
      <ele>251.51</ele>
      <time>2025-06-25T06:55:53Z</time>
    </rtept>
    <rtept lat="49.616104" lon="9.593253">
      <ele>250.55</ele>
      <time>2025-06-25T06:56:01Z</time>
    </rtept>
    <rtept lat="49.616318" lon="9.594905">
      <ele>249.59</ele>
      <time>2025-06-25T06:56:06Z</time>
    </rtept>
    <rtept lat="49.616833" lon="9.597416">
      <ele>246.22</ele>
      <time>2025-06-25T06:56:12Z</time>
    </rtept>
    <rtept lat="49.617456" lon="9.599476">
      <ele>242.38</ele>
      <time>2025-06-25T06:56:17Z</time>
    </rtept>
    <rtept lat="49.618314" lon="9.601042">
      <ele>235.65</ele>
      <time>2025-06-25T06:56:22Z</time>
    </rtept>
    <rtept lat="49.619365" lon="9.603231">
      <ele>229.88</ele>
      <time>2025-06-25T06:56:29Z</time>
    </rtept>
    <rtept lat="49.61973" lon="9.605377">
      <ele>229.88</ele>
      <time>2025-06-25T06:56:35Z</time>
    </rtept>
    <rtept lat="49.619687" lon="9.607866">
      <ele>227.0</ele>
      <time>2025-06-25T06:56:41Z</time>
    </rtept>
    <rtept lat="49.61958" lon="9.611213">
      <ele>223.15</ele>
      <time>2025-06-25T06:56:48Z</time>
    </rtept>
    <rtept lat="49.619301" lon="9.616428">
      <ele>222.67</ele>
      <time>2025-06-25T06:57:00Z</time>
    </rtept>
    <rtept lat="49.618571" lon="9.619453">
      <ele>218.82</ele>
      <time>2025-06-25T06:57:07Z</time>
    </rtept>
    <rtept lat="49.617713" lon="9.621492">
      <ele>216.42</ele>
      <time>2025-06-25T06:57:13Z</time>
    </rtept>
    <rtept lat="49.616705" lon="9.623273">
      <ele>216.42</ele>
      <time>2025-06-25T06:57:20Z</time>
    </rtept>
    <rtept lat="49.615203" lon="9.625762">
      <ele>212.58</ele>
      <time>2025-06-25T06:57:28Z</time>
    </rtept>
    <rtept lat="49.613915" lon="9.628015">
      <ele>212.58</ele>
      <time>2025-06-25T06:57:36Z</time>
    </rtept>
    <rtept lat="49.612585" lon="9.629452">
      <ele>212.09</ele>
      <time>2025-06-25T06:57:42Z</time>
    </rtept>
    <rtept lat="49.610739" lon="9.630568">
      <ele>210.17</ele>
      <time>2025-06-25T06:57:49Z</time>
    </rtept>
    <rtept lat="49.60913" lon="9.632092">
      <ele>209.69</ele>
      <time>2025-06-25T06:57:56Z</time>
    </rtept>
    <rtept lat="49.607285" lon="9.634581">
      <ele>207.77</ele>
      <time>2025-06-25T06:58:06Z</time>
    </rtept>
    <rtept lat="49.606169" lon="9.637005">
      <ele>205.85</ele>
      <time>2025-06-25T06:58:14Z</time>
    </rtept>
    <rtept lat="49.605568" lon="9.639516">
      <ele>202.96</ele>
      <time>2025-06-25T06:58:21Z</time>
    </rtept>
    <rtept lat="49.605504" lon="9.641855">
      <ele>200.56</ele>
      <time>2025-06-25T06:58:28Z</time>
    </rtept>
    <rtept lat="49.605911" lon="9.644151">
      <ele>202.0</ele>
      <time>2025-06-25T06:58:35Z</time>
    </rtept>
    <rtept lat="49.606813" lon="9.646103">
      <ele>200.56</ele>
      <time>2025-06-25T06:58:41Z</time>
    </rtept>
    <rtept lat="49.608164" lon="9.647627">
      <ele>203.44</ele>
      <time>2025-06-25T06:58:47Z</time>
    </rtept>
    <rtept lat="49.610525" lon="9.649193">
      <ele>204.89</ele>
      <time>2025-06-25T06:58:56Z</time>
    </rtept>
    <rtept lat="49.612928" lon="9.651039">
      <ele>202.48</ele>
      <time>2025-06-25T06:59:06Z</time>
    </rtept>
    <rtept lat="49.614773" lon="9.653142">
      <ele>200.08</ele>
      <time>2025-06-25T06:59:15Z</time>
    </rtept>
    <rtept lat="49.616383" lon="9.655931">
      <ele>187.58</ele>
      <time>2025-06-25T06:59:25Z</time>
    </rtept>
    <rtept lat="49.617327" lon="9.658806">
      <ele>186.62</ele>
      <time>2025-06-25T06:59:36Z</time>
    </rtept>
    <rtept lat="49.617584" lon="9.661338">
      <ele>188.06</ele>
      <time>2025-06-25T06:59:44Z</time>
    </rtept>
    <rtept lat="49.61782" lon="9.664493">
      <ele>188.06</ele>
      <time>2025-06-25T06:59:53Z</time>
    </rtept>
    <rtept lat="49.618357" lon="9.667432">
      <ele>184.7</ele>
      <time>2025-06-25T07:00:03Z</time>
    </rtept>
    <rtept lat="49.619172" lon="9.669149">
      <ele>188.54</ele>
      <time>2025-06-25T07:00:10Z</time>
    </rtept>
    <rtept lat="49.619816" lon="9.669986">
      <ele>189.02</ele>
      <time>2025-06-25T07:00:16Z</time>
    </rtept>
    <rtept lat="49.619902" lon="9.670072">
      <ele>189.5</ele>
      <time>2025-06-25T07:00:17Z</time>
    </rtept>
    <rtept lat="49.619988" lon="9.670136">
      <ele>189.5</ele>
      <time>2025-06-25T07:00:18Z</time>
    </rtept>
    <rtept lat="49.620009" lon="9.670179">
      <ele>189.98</ele>
      <time>2025-06-25T07:00:19Z</time>
    </rtept>
    <rtept lat="49.619902" lon="9.670394">
      <ele>190.47</ele>
      <time>2025-06-25T07:00:20Z</time>
    </rtept>
    <rtept lat="49.619816" lon="9.670522">
      <ele>189.02</ele>
      <time>2025-06-25T07:00:22Z</time>
    </rtept>
    <rtept lat="49.619666" lon="9.670651">
      <ele>187.58</ele>
      <time>2025-06-25T07:00:23Z</time>
    </rtept>
    <rtept lat="49.619558" lon="9.670673">
      <ele>185.18</ele>
      <time>2025-06-25T07:00:24Z</time>
    </rtept>
    <rtept lat="49.619129" lon="9.670758">
      <ele>178.93</ele>
      <time>2025-06-25T07:00:29Z</time>
    </rtept>
    <rtept lat="49.619086" lon="9.670758">
      <ele>178.45</ele>
      <time>2025-06-25T07:00:30Z</time>
    </rtept>
    <rtept lat="49.619065" lon="9.67078">
      <ele>177.49</ele>
      <time>2025-06-25T07:00:31Z</time>
    </rtept>
    <rtept lat="49.619043" lon="9.67078">
      <ele>176.05</ele>
      <time>2025-06-25T07:00:32Z</time>
    </rtept>
    <rtept lat="49.619001" lon="9.67078">
      <ele>176.05</ele>
      <time>2025-06-25T07:00:33Z</time>
    </rtept>
    <rtept lat="49.618979" lon="9.67078">
      <ele>176.05</ele>
      <time>2025-06-25T07:00:34Z</time>
    </rtept>
    <rtept lat="49.618979" lon="9.67078">
      <ele>176.53</ele>
      <time>2025-06-25T07:00:45Z</time>
    </rtept>
    <rtept lat="49.618958" lon="9.67078">
      <ele>177.49</ele>
      <time>2025-06-25T07:01:03Z</time>
    </rtept>
    <rtept lat="49.618743" lon="9.670758">
      <ele>177.49</ele>
      <time>2025-06-25T07:01:07Z</time>
    </rtept>
    <rtept lat="49.618657" lon="9.670715">
      <ele>177.97</ele>
      <time>2025-06-25T07:01:08Z</time>
    </rtept>
    <rtept lat="49.618571" lon="9.670673">
      <ele>177.97</ele>
      <time>2025-06-25T07:01:09Z</time>
    </rtept>
    <rtept lat="49.618507" lon="9.670608">
      <ele>179.41</ele>
      <time>2025-06-25T07:01:10Z</time>
    </rtept>
    <rtept lat="49.618464" lon="9.670522">
      <ele>178.93</ele>
      <time>2025-06-25T07:01:11Z</time>
    </rtept>
    <rtept lat="49.618443" lon="9.670458">
      <ele>179.41</ele>
      <time>2025-06-25T07:01:12Z</time>
    </rtept>
    <rtept lat="49.618421" lon="9.670415">
      <ele>177.97</ele>
      <time>2025-06-25T07:01:13Z</time>
    </rtept>
    <rtept lat="49.618421" lon="9.670415">
      <ele>178.45</ele>
      <time>2025-06-25T07:01:22Z</time>
    </rtept>
    <rtept lat="49.618421" lon="9.670415">
      <ele>178.45</ele>
      <time>2025-06-25T07:01:41Z</time>
    </rtept>
    <rtept lat="49.618357" lon="9.670286">
      <ele>181.81</ele>
      <time>2025-06-25T07:01:59Z</time>
    </rtept>
    <rtept lat="49.618314" lon="9.6702">
      <ele>181.33</ele>
      <time>2025-06-25T07:02:00Z</time>
    </rtept>
    <rtept lat="49.618314" lon="9.6702">
      <ele>178.93</ele>
      <time>2025-06-25T07:02:01Z</time>
    </rtept>
    <rtept lat="49.618228" lon="9.670286">
      <ele>177.01</ele>
      <time>2025-06-25T07:02:02Z</time>
    </rtept>
    <rtept lat="49.618121" lon="9.670372">
      <ele>174.6</ele>
      <time>2025-06-25T07:02:03Z</time>
    </rtept>
    <rtept lat="49.617992" lon="9.670479">
      <ele>174.12</ele>
      <time>2025-06-25T07:02:04Z</time>
    </rtept>
    <rtept lat="49.61679" lon="9.671767">
      <ele>173.16</ele>
      <time>2025-06-25T07:02:12Z</time>
    </rtept>
    <rtept lat="49.615203" lon="9.674235">
      <ele>175.08</ele>
      <time>2025-06-25T07:02:22Z</time>
    </rtept>
    <rtept lat="49.613915" lon="9.676595">
      <ele>179.89</ele>
      <time>2025-06-25T07:02:30Z</time>
    </rtept>
    <rtept lat="49.611984" lon="9.680221">
      <ele>187.58</ele>
      <time>2025-06-25T07:02:42Z</time>
    </rtept>
    <rtept lat="49.610181" lon="9.68359">
      <ele>197.68</ele>
      <time>2025-06-25T07:02:53Z</time>
    </rtept>
    <rtept lat="49.609087" lon="9.685521">
      <ele>202.48</ele>
      <time>2025-06-25T07:03:01Z</time>
    </rtept>
    <rtept lat="49.608508" lon="9.68638">
      <ele>205.37</ele>
      <time>2025-06-25T07:03:06Z</time>
    </rtept>
    <rtept lat="49.608186" lon="9.686809">
      <ele>205.85</ele>
      <time>2025-06-25T07:03:12Z</time>
    </rtept>
    <rtept lat="49.608143" lon="9.686852">
      <ele>206.33</ele>
      <time>2025-06-25T07:03:20Z</time>
    </rtept>
    <rtept lat="49.608036" lon="9.687023">
      <ele>207.77</ele>
      <time>2025-06-25T07:03:30Z</time>
    </rtept>
    <rtept lat="49.607285" lon="9.687924">
      <ele>207.77</ele>
      <time>2025-06-25T07:03:39Z</time>
    </rtept>
    <rtept lat="49.606062" lon="9.689148">
      <ele>211.13</ele>
      <time>2025-06-25T07:03:48Z</time>
    </rtept>
    <rtept lat="49.604452" lon="9.690843">
      <ele>217.38</ele>
      <time>2025-06-25T07:03:59Z</time>
    </rtept>
    <rtept lat="49.6031" lon="9.692752">
      <ele>222.19</ele>
      <time>2025-06-25T07:04:09Z</time>
    </rtept>
    <rtept lat="49.601877" lon="9.695177">
      <ele>224.59</ele>
      <time>2025-06-25T07:04:19Z</time>
    </rtept>
    <rtept lat="49.600418" lon="9.697838">
      <ele>226.03</ele>
      <time>2025-06-25T07:04:29Z</time>
    </rtept>
    <rtept lat="49.59883" lon="9.699834">
      <ele>224.11</ele>
      <time>2025-06-25T07:04:38Z</time>
    </rtept>
    <rtept lat="49.597521" lon="9.701035">
      <ele>221.23</ele>
      <time>2025-06-25T07:04:43Z</time>
    </rtept>
    <rtept lat="49.59456" lon="9.703117">
      <ele>216.42</ele>
      <time>2025-06-25T07:04:53Z</time>
    </rtept>
    <rtept lat="49.592436" lon="9.704318">
      <ele>212.09</ele>
      <time>2025-06-25T07:05:02Z</time>
    </rtept>
    <rtept lat="49.589453" lon="9.705563">
      <ele>204.89</ele>
      <time>2025-06-25T07:05:16Z</time>
    </rtept>
    <rtept lat="49.587587" lon="9.706142">
      <ele>202.0</ele>
      <time>2025-06-25T07:05:26Z</time>
    </rtept>
    <rtept lat="49.585248" lon="9.706807">
      <ele>198.64</ele>
      <time>2025-06-25T07:05:39Z</time>
    </rtept>
    <rtept lat="49.583381" lon="9.70743">
      <ele>191.43</ele>
      <time>2025-06-25T07:05:50Z</time>
    </rtept>
    <rtept lat="49.582158" lon="9.708266">
      <ele>182.78</ele>
      <time>2025-06-25T07:05:59Z</time>
    </rtept>
    <rtept lat="49.581214" lon="9.708932">
      <ele>181.81</ele>
      <time>2025-06-25T07:06:10Z</time>
    </rtept>
    <rtept lat="49.580613" lon="9.709339">
      <ele>184.22</ele>
      <time>2025-06-25T07:06:20Z</time>
    </rtept>
    <rtept lat="49.579797" lon="9.709575">
      <ele>179.89</ele>
      <time>2025-06-25T07:06:30Z</time>
    </rtept>
    <rtept lat="49.578145" lon="9.710069">
      <ele>182.29</ele>
      <time>2025-06-25T07:06:44Z</time>
    </rtept>
    <rtept lat="49.57675" lon="9.710777">
      <ele>180.37</ele>
      <time>2025-06-25T07:06:57Z</time>
    </rtept>
    <rtept lat="49.575549" lon="9.71112">
      <ele>179.89</ele>
      <time>2025-06-25T07:07:08Z</time>
    </rtept>
    <rtept lat="49.574111" lon="9.711528">
      <ele>179.89</ele>
      <time>2025-06-25T07:07:18Z</time>
    </rtept>
    <rtept lat="49.572566" lon="9.712193">
      <ele>182.29</ele>
      <time>2025-06-25T07:07:29Z</time>
    </rtept>
    <rtept lat="49.570978" lon="9.712987">
      <ele>182.29</ele>
      <time>2025-06-25T07:07:40Z</time>
    </rtept>
    <rtept lat="49.569004" lon="9.713867">
      <ele>182.29</ele>
      <time>2025-06-25T07:07:53Z</time>
    </rtept>
    <rtept lat="49.567845" lon="9.714167">
      <ele>184.22</ele>
      <time>2025-06-25T07:08:00Z</time>
    </rtept>
    <rtept lat="49.566086" lon="9.714961">
      <ele>182.29</ele>
      <time>2025-06-25T07:08:11Z</time>
    </rtept>
    <rtept lat="49.565077" lon="9.715841">
      <ele>180.85</ele>
      <time>2025-06-25T07:08:17Z</time>
    </rtept>
    <rtept lat="49.564691" lon="9.716292">
      <ele>179.89</ele>
      <time>2025-06-25T07:08:19Z</time>
    </rtept>
    <rtept lat="49.563811" lon="9.717643">
      <ele>178.45</ele>
      <time>2025-06-25T07:08:23Z</time>
    </rtept>
    <rtept lat="49.562674" lon="9.719703">
      <ele>184.7</ele>
      <time>2025-06-25T07:08:29Z</time>
    </rtept>
    <rtept lat="49.561558" lon="9.72127">
      <ele>188.54</ele>
      <time>2025-06-25T07:08:36Z</time>
    </rtept>
    <rtept lat="49.560056" lon="9.722514">
      <ele>192.87</ele>
      <time>2025-06-25T07:08:43Z</time>
    </rtept>
    <rtept lat="49.558297" lon="9.723158">
      <ele>194.79</ele>
      <time>2025-06-25T07:08:49Z</time>
    </rtept>
    <rtept lat="49.556881" lon="9.723566">
      <ele>197.19</ele>
      <time>2025-06-25T07:08:54Z</time>
    </rtept>
    <rtept lat="49.556237" lon="9.723866">
      <ele>196.23</ele>
      <time>2025-06-25T07:08:57Z</time>
    </rtept>
    <rtept lat="49.556044" lon="9.724016">
      <ele>193.83</ele>
      <time>2025-06-25T07:08:58Z</time>
    </rtept>
    <rtept lat="49.555829" lon="9.724188">
      <ele>193.83</ele>
      <time>2025-06-25T07:08:59Z</time>
    </rtept>
    <rtept lat="49.553598" lon="9.726398">
      <ele>194.79</ele>
      <time>2025-06-25T07:09:09Z</time>
    </rtept>
    <rtept lat="49.552181" lon="9.7279">
      <ele>196.23</ele>
      <time>2025-06-25T07:09:17Z</time>
    </rtept>
    <rtept lat="49.55128" lon="9.728801">
      <ele>196.23</ele>
      <time>2025-06-25T07:09:24Z</time>
    </rtept>
    <rtept lat="49.550508" lon="9.729509">
      <ele>199.6</ele>
      <time>2025-06-25T07:09:33Z</time>
    </rtept>
    <rtept lat="49.549735" lon="9.72981">
      <ele>200.56</ele>
      <time>2025-06-25T07:09:43Z</time>
    </rtept>
    <rtept lat="49.548705" lon="9.73011">
      <ele>190.47</ele>
      <time>2025-06-25T07:09:54Z</time>
    </rtept>
    <rtept lat="49.548555" lon="9.730218">
      <ele>189.5</ele>
      <time>2025-06-25T07:09:56Z</time>
    </rtept>
    <rtept lat="49.548469" lon="9.730282">
      <ele>190.47</ele>
      <time>2025-06-25T07:09:57Z</time>
    </rtept>
    <rtept lat="49.547439" lon="9.731226">
      <ele>190.95</ele>
      <time>2025-06-25T07:10:12Z</time>
    </rtept>
    <rtept lat="49.546602" lon="9.731999">
      <ele>191.91</ele>
      <time>2025-06-25T07:10:25Z</time>
    </rtept>
    <rtept lat="49.545808" lon="9.732278">
      <ele>189.98</ele>
      <time>2025-06-25T07:10:36Z</time>
    </rtept>
    <rtept lat="49.545744" lon="9.732299">
      <ele>189.02</ele>
      <time>2025-06-25T07:10:37Z</time>
    </rtept>
    <rtept lat="49.545487" lon="9.732385">
      <ele>192.87</ele>
      <time>2025-06-25T07:10:41Z</time>
    </rtept>
    <rtept lat="49.544585" lon="9.732814">
      <ele>186.62</ele>
      <time>2025-06-25T07:10:54Z</time>
    </rtept>
    <rtept lat="49.543813" lon="9.733501">
      <ele>187.58</ele>
      <time>2025-06-25T07:11:07Z</time>
    </rtept>
    <rtept lat="49.542826" lon="9.734552">
      <ele>189.02</ele>
      <time>2025-06-25T07:11:23Z</time>
    </rtept>
    <rtept lat="49.542075" lon="9.735346">
      <ele>189.5</ele>
      <time>2025-06-25T07:11:32Z</time>
    </rtept>
    <rtept lat="49.540895" lon="9.736569">
      <ele>191.43</ele>
      <time>2025-06-25T07:11:40Z</time>
    </rtept>
    <rtept lat="49.539328" lon="9.7382">
      <ele>187.1</ele>
      <time>2025-06-25T07:11:49Z</time>
    </rtept>
    <rtept lat="49.537783" lon="9.739552">
      <ele>193.83</ele>
      <time>2025-06-25T07:11:56Z</time>
    </rtept>
    <rtept lat="49.536152" lon="9.740474">
      <ele>192.87</ele>
      <time>2025-06-25T07:12:03Z</time>
    </rtept>
    <rtept lat="49.533728" lon="9.741633">
      <ele>194.31</ele>
      <time>2025-06-25T07:12:14Z</time>
    </rtept>
    <rtept lat="49.532161" lon="9.742363">
      <ele>199.12</ele>
      <time>2025-06-25T07:12:22Z</time>
    </rtept>
    <rtept lat="49.531003" lon="9.742813">
      <ele>202.0</ele>
      <time>2025-06-25T07:12:28Z</time>
    </rtept>
    <rtept lat="49.529994" lon="9.743157">
      <ele>200.08</ele>
      <time>2025-06-25T07:12:36Z</time>
    </rtept>
    <rtept lat="49.529157" lon="9.7438">
      <ele>200.08</ele>
      <time>2025-06-25T07:12:45Z</time>
    </rtept>
    <rtept lat="49.5289" lon="9.744208">
      <ele>200.08</ele>
      <time>2025-06-25T07:12:49Z</time>
    </rtept>
    <rtept lat="49.528192" lon="9.745796">
      <ele>210.65</ele>
      <time>2025-06-25T07:13:01Z</time>
    </rtept>
    <rtept lat="49.528149" lon="9.745925">
      <ele>209.21</ele>
      <time>2025-06-25T07:13:02Z</time>
    </rtept>
    <rtept lat="49.528127" lon="9.746053">
      <ele>208.25</ele>
      <time>2025-06-25T07:13:03Z</time>
    </rtept>
    <rtept lat="49.528063" lon="9.746311">
      <ele>209.69</ele>
      <time>2025-06-25T07:13:05Z</time>
    </rtept>
    <rtept lat="49.52802" lon="9.746418">
      <ele>209.69</ele>
      <time>2025-06-25T07:13:06Z</time>
    </rtept>
    <rtept lat="49.527999" lon="9.746525">
      <ele>209.69</ele>
      <time>2025-06-25T07:13:07Z</time>
    </rtept>
    <rtept lat="49.527827" lon="9.74704">
      <ele>196.71</ele>
      <time>2025-06-25T07:13:14Z</time>
    </rtept>
    <rtept lat="49.527763" lon="9.747126">
      <ele>194.79</ele>
      <time>2025-06-25T07:13:15Z</time>
    </rtept>
    <rtept lat="49.52772" lon="9.747234">
      <ele>195.27</ele>
      <time>2025-06-25T07:13:16Z</time>
    </rtept>
    <rtept lat="49.526926" lon="9.748027">
      <ele>194.79</ele>
      <time>2025-06-25T07:13:28Z</time>
    </rtept>
    <rtept lat="49.526303" lon="9.748221">
      <ele>205.37</ele>
      <time>2025-06-25T07:13:37Z</time>
    </rtept>
    <rtept lat="49.525102" lon="9.748349">
      <ele>212.09</ele>
      <time>2025-06-25T07:13:46Z</time>
    </rtept>
    <rtept lat="49.523643" lon="9.748392">
      <ele>211.13</ele>
      <time>2025-06-25T07:13:52Z</time>
    </rtept>
    <rtept lat="49.521196" lon="9.748564">
      <ele>204.4</ele>
      <time>2025-06-25T07:14:01Z</time>
    </rtept>
    <rtept lat="49.51933" lon="9.749186">
      <ele>207.29</ele>
      <time>2025-06-25T07:14:08Z</time>
    </rtept>
    <rtept lat="49.517463" lon="9.749937">
      <ele>207.77</ele>
      <time>2025-06-25T07:14:17Z</time>
    </rtept>
    <rtept lat="49.51639" lon="9.750645">
      <ele>202.0</ele>
      <time>2025-06-25T07:14:25Z</time>
    </rtept>
    <rtept lat="49.515875" lon="9.751053">
      <ele>202.96</ele>
      <time>2025-06-25T07:14:33Z</time>
    </rtept>
    <rtept lat="49.515832" lon="9.751074">
      <ele>201.52</ele>
      <time>2025-06-25T07:14:34Z</time>
    </rtept>
    <rtept lat="49.515811" lon="9.751074">
      <ele>201.52</ele>
      <time>2025-06-25T07:14:35Z</time>
    </rtept>
    <rtept lat="49.515789" lon="9.751096">
      <ele>203.44</ele>
      <time>2025-06-25T07:14:43Z</time>
    </rtept>
    <rtept lat="49.515575" lon="9.751225">
      <ele>204.89</ele>
      <time>2025-06-25T07:14:52Z</time>
    </rtept>
    <rtept lat="49.514888" lon="9.751504">
      <ele>204.4</ele>
      <time>2025-06-25T07:15:00Z</time>
    </rtept>
    <rtept lat="49.514802" lon="9.751525">
      <ele>204.4</ele>
      <time>2025-06-25T07:15:01Z</time>
    </rtept>
    <rtept lat="49.514673" lon="9.751589">
      <ele>205.37</ele>
      <time>2025-06-25T07:15:03Z</time>
    </rtept>
    <rtept lat="49.513944" lon="9.751847">
      <ele>203.44</ele>
      <time>2025-06-25T07:15:14Z</time>
    </rtept>
    <rtept lat="49.513879" lon="9.751868">
      <ele>203.92</ele>
      <time>2025-06-25T07:15:15Z</time>
    </rtept>
    <rtept lat="49.513085" lon="9.75204">
      <ele>199.12</ele>
      <time>2025-06-25T07:15:26Z</time>
    </rtept>
    <rtept lat="49.51212" lon="9.752147">
      <ele>207.29</ele>
      <time>2025-06-25T07:15:38Z</time>
    </rtept>
    <rtept lat="49.511412" lon="9.752233">
      <ele>208.25</ele>
      <time>2025-06-25T07:15:48Z</time>
    </rtept>
    <rtept lat="49.510468" lon="9.752491">
      <ele>204.89</ele>
      <time>2025-06-25T07:16:01Z</time>
    </rtept>
    <rtept lat="49.509459" lon="9.752877">
      <ele>204.89</ele>
      <time>2025-06-25T07:16:14Z</time>
    </rtept>
    <rtept lat="49.508472" lon="9.753156">
      <ele>212.58</ele>
      <time>2025-06-25T07:16:22Z</time>
    </rtept>
    <rtept lat="49.507034" lon="9.753156">
      <ele>219.3</ele>
      <time>2025-06-25T07:16:29Z</time>
    </rtept>
    <rtept lat="49.505532" lon="9.752963">
      <ele>221.23</ele>
      <time>2025-06-25T07:16:39Z</time>
    </rtept>
    <rtept lat="49.504781" lon="9.753091">
      <ele>217.86</ele>
      <time>2025-06-25T07:16:44Z</time>
    </rtept>
    <rtept lat="49.504631" lon="9.753199">
      <ele>216.42</ele>
      <time>2025-06-25T07:16:45Z</time>
    </rtept>
    <rtept lat="49.504459" lon="9.753306">
      <ele>213.54</ele>
      <time>2025-06-25T07:16:46Z</time>
    </rtept>
    <rtept lat="49.504309" lon="9.753413">
      <ele>212.58</ele>
      <time>2025-06-25T07:16:47Z</time>
    </rtept>
    <rtept lat="49.504159" lon="9.753564">
      <ele>210.17</ele>
      <time>2025-06-25T07:16:48Z</time>
    </rtept>
    <rtept lat="49.504052" lon="9.753778">
      <ele>208.73</ele>
      <time>2025-06-25T07:16:49Z</time>
    </rtept>
    <rtept lat="49.503923" lon="9.753993">
      <ele>208.73</ele>
      <time>2025-06-25T07:16:50Z</time>
    </rtept>
    <rtept lat="49.503816" lon="9.754229">
      <ele>207.77</ele>
      <time>2025-06-25T07:16:51Z</time>
    </rtept>
    <rtept lat="49.503708" lon="9.754465">
      <ele>207.77</ele>
      <time>2025-06-25T07:16:52Z</time>
    </rtept>
    <rtept lat="49.503623" lon="9.754722">
      <ele>207.29</ele>
      <time>2025-06-25T07:16:53Z</time>
    </rtept>
    <rtept lat="49.503558" lon="9.75498">
      <ele>207.29</ele>
      <time>2025-06-25T07:16:54Z</time>
    </rtept>
    <rtept lat="49.502764" lon="9.757211">
      <ele>202.0</ele>
      <time>2025-06-25T07:17:04Z</time>
    </rtept>
    <rtept lat="49.501756" lon="9.758649">
      <ele>199.12</ele>
      <time>2025-06-25T07:17:14Z</time>
    </rtept>
    <rtept lat="49.500383" lon="9.7597">
      <ele>197.68</ele>
      <time>2025-06-25T07:17:23Z</time>
    </rtept>
    <rtept lat="49.499202" lon="9.760237">
      <ele>195.27</ele>
      <time>2025-06-25T07:17:33Z</time>
    </rtept>
    <rtept lat="49.498859" lon="9.760323">
      <ele>195.27</ele>
      <time>2025-06-25T07:17:40Z</time>
    </rtept>
    <rtept lat="49.498559" lon="9.760366">
      <ele>192.39</ele>
      <time>2025-06-25T07:17:51Z</time>
    </rtept>
    <rtept lat="49.498516" lon="9.760344">
      <ele>192.87</ele>
      <time>2025-06-25T07:17:52Z</time>
    </rtept>
    <rtept lat="49.49843" lon="9.760301">
      <ele>192.87</ele>
      <time>2025-06-25T07:17:53Z</time>
    </rtept>
    <rtept lat="49.498387" lon="9.760344">
      <ele>192.87</ele>
      <time>2025-06-25T07:17:54Z</time>
    </rtept>
    <rtept lat="49.498323" lon="9.760409">
      <ele>192.87</ele>
      <time>2025-06-25T07:17:55Z</time>
    </rtept>
    <rtept lat="49.498258" lon="9.76043">
      <ele>192.87</ele>
      <time>2025-06-25T07:17:56Z</time>
    </rtept>
    <rtept lat="49.498172" lon="9.760473">
      <ele>192.87</ele>
      <time>2025-06-25T07:17:57Z</time>
    </rtept>
    <rtept lat="49.498087" lon="9.760516">
      <ele>192.87</ele>
      <time>2025-06-25T07:17:58Z</time>
    </rtept>
    <rtept lat="49.496799" lon="9.760988">
      <ele>197.19</ele>
      <time>2025-06-25T07:18:08Z</time>
    </rtept>
    <rtept lat="49.495147" lon="9.761739">
      <ele>201.52</ele>
      <time>2025-06-25T07:18:20Z</time>
    </rtept>
    <rtept lat="49.49416" lon="9.762297">
      <ele>207.29</ele>
      <time>2025-06-25T07:18:29Z</time>
    </rtept>
    <rtept lat="49.493087" lon="9.763112">
      <ele>210.65</ele>
      <time>2025-06-25T07:18:42Z</time>
    </rtept>
    <rtept lat="49.492937" lon="9.763262">
      <ele>211.61</ele>
      <time>2025-06-25T07:18:44Z</time>
    </rtept>
    <rtept lat="49.492851" lon="9.76337">
      <ele>213.06</ele>
      <time>2025-06-25T07:18:45Z</time>
    </rtept>
    <rtept lat="49.492508" lon="9.763928">
      <ele>213.06</ele>
      <time>2025-06-25T07:18:51Z</time>
    </rtept>
    <rtept lat="49.492443" lon="9.764035">
      <ele>212.58</ele>
      <time>2025-06-25T07:19:01Z</time>
    </rtept>
    <rtept lat="49.491864" lon="9.764743">
      <ele>209.69</ele>
      <time>2025-06-25T07:19:11Z</time>
    </rtept>
    <rtept lat="49.490963" lon="9.765279">
      <ele>210.17</ele>
      <time>2025-06-25T07:19:20Z</time>
    </rtept>
    <rtept lat="49.489267" lon="9.766116">
      <ele>205.37</ele>
      <time>2025-06-25T07:19:34Z</time>
    </rtept>
    <rtept lat="49.487572" lon="9.766481">
      <ele>198.64</ele>
      <time>2025-06-25T07:19:46Z</time>
    </rtept>
    <rtept lat="49.485577" lon="9.766524">
      <ele>212.58</ele>
      <time>2025-06-25T07:20:00Z</time>
    </rtept>
    <rtept lat="49.484203" lon="9.766524">
      <ele>213.54</ele>
      <time>2025-06-25T07:20:10Z</time>
    </rtept>
    <rtept lat="49.482594" lon="9.766781">
      <ele>208.25</ele>
      <time>2025-06-25T07:20:21Z</time>
    </rtept>
    <rtept lat="49.481178" lon="9.767532">
      <ele>217.86</ele>
      <time>2025-06-25T07:20:32Z</time>
    </rtept>
    <rtept lat="49.480534" lon="9.768434">
      <ele>214.02</ele>
      <time>2025-06-25T07:20:39Z</time>
    </rtept>
    <rtept lat="49.480277" lon="9.769313">
      <ele>216.42</ele>
      <time>2025-06-25T07:20:47Z</time>
    </rtept>
    <rtept lat="49.480234" lon="9.769485">
      <ele>218.34</ele>
      <time>2025-06-25T07:20:51Z</time>
    </rtept>
    <rtept lat="49.480169" lon="9.769571">
      <ele>219.79</ele>
      <time>2025-06-25T07:20:52Z</time>
    </rtept>
    <rtept lat="49.480148" lon="9.769721">
      <ele>219.79</ele>
      <time>2025-06-25T07:20:53Z</time>
    </rtept>
    <rtept lat="49.480084" lon="9.769807">
      <ele>219.3</ele>
      <time>2025-06-25T07:20:54Z</time>
    </rtept>
    <rtept lat="49.480019" lon="9.769871">
      <ele>219.79</ele>
      <time>2025-06-25T07:20:55Z</time>
    </rtept>
    <rtept lat="49.479912" lon="9.769936">
      <ele>220.27</ele>
      <time>2025-06-25T07:20:56Z</time>
    </rtept>
    <rtept lat="49.479783" lon="9.770022">
      <ele>221.23</ele>
      <time>2025-06-25T07:20:57Z</time>
    </rtept>
    <rtept lat="49.479676" lon="9.770086">
      <ele>219.79</ele>
      <time>2025-06-25T07:20:58Z</time>
    </rtept>
    <rtept lat="49.479569" lon="9.77015">
      <ele>219.79</ele>
      <time>2025-06-25T07:20:59Z</time>
    </rtept>
    <rtept lat="49.479418" lon="9.770236">
      <ele>218.82</ele>
      <time>2025-06-25T07:21:00Z</time>
    </rtept>
    <rtept lat="49.47929" lon="9.770279">
      <ele>218.34</ele>
      <time>2025-06-25T07:21:01Z</time>
    </rtept>
    <rtept lat="49.477637" lon="9.771094">
      <ele>218.34</ele>
      <time>2025-06-25T07:21:14Z</time>
    </rtept>
    <rtept lat="49.476843" lon="9.771674">
      <ele>219.79</ele>
      <time>2025-06-25T07:21:23Z</time>
    </rtept>
    <rtept lat="49.47635" lon="9.772039">
      <ele>219.3</ele>
      <time>2025-06-25T07:21:33Z</time>
    </rtept>
    <rtept lat="49.476328" lon="9.772039">
      <ele>220.27</ele>
      <time>2025-06-25T07:21:43Z</time>
    </rtept>
    <rtept lat="49.476092" lon="9.772232">
      <ele>220.27</ele>
      <time>2025-06-25T07:21:50Z</time>
    </rtept>
    <rtept lat="49.475921" lon="9.77236">
      <ele>221.23</ele>
      <time>2025-06-25T07:21:54Z</time>
    </rtept>
    <rtept lat="49.475899" lon="9.772382">
      <ele>220.75</ele>
      <time>2025-06-25T07:21:55Z</time>
    </rtept>
    <rtept lat="49.475921" lon="9.772446">
      <ele>220.27</ele>
      <time>2025-06-25T07:21:56Z</time>
    </rtept>
    <rtept lat="49.475942" lon="9.772511">
      <ele>220.75</ele>
      <time>2025-06-25T07:21:57Z</time>
    </rtept>
    <rtept lat="49.475985" lon="9.772618">
      <ele>220.27</ele>
      <time>2025-06-25T07:21:58Z</time>
    </rtept>
    <rtept lat="49.476007" lon="9.772747">
      <ele>221.23</ele>
      <time>2025-06-25T07:21:59Z</time>
    </rtept>
    <rtept lat="49.476393" lon="9.773991">
      <ele>228.44</ele>
      <time>2025-06-25T07:22:06Z</time>
    </rtept>
    <rtept lat="49.476972" lon="9.775944">
      <ele>234.21</ele>
      <time>2025-06-25T07:22:12Z</time>
    </rtept>
    <rtept lat="49.477552" lon="9.778562">
      <ele>249.11</ele>
      <time>2025-06-25T07:22:20Z</time>
    </rtept>
    <rtept lat="49.477873" lon="9.780858">
      <ele>259.68</ele>
      <time>2025-06-25T07:22:28Z</time>
    </rtept>
    <rtept lat="49.478109" lon="9.783797">
      <ele>274.58</ele>
      <time>2025-06-25T07:22:39Z</time>
    </rtept>
    <rtept lat="49.478582" lon="9.785943">
      <ele>279.87</ele>
      <time>2025-06-25T07:22:47Z</time>
    </rtept>
    <rtept lat="49.479204" lon="9.787338">
      <ele>280.35</ele>
      <time>2025-06-25T07:22:53Z</time>
    </rtept>
    <rtept lat="49.480749" lon="9.789891">
      <ele>274.58</ele>
      <time>2025-06-25T07:23:04Z</time>
    </rtept>
    <rtept lat="49.482272" lon="9.792338">
      <ele>258.24</ele>
      <time>2025-06-25T07:23:13Z</time>
    </rtept>
    <rtept lat="49.48371" lon="9.795084">
      <ele>243.82</ele>
      <time>2025-06-25T07:23:22Z</time>
    </rtept>
    <rtept lat="49.485019" lon="9.797573">
      <ele>231.32</ele>
      <time>2025-06-25T07:23:30Z</time>
    </rtept>
    <rtept lat="49.486242" lon="9.798818">
      <ele>225.07</ele>
      <time>2025-06-25T07:23:36Z</time>
    </rtept>
    <rtept lat="49.487615" lon="9.799483">
      <ele>221.71</ele>
      <time>2025-06-25T07:23:42Z</time>
    </rtept>
    <rtept lat="49.488795" lon="9.800084">
      <ele>220.27</ele>
      <time>2025-06-25T07:23:49Z</time>
    </rtept>
    <rtept lat="49.489804" lon="9.801242">
      <ele>220.27</ele>
      <time>2025-06-25T07:23:57Z</time>
    </rtept>
    <rtept lat="49.490469" lon="9.80268">
      <ele>219.3</ele>
      <time>2025-06-25T07:24:04Z</time>
    </rtept>
    <rtept lat="49.491006" lon="9.804654">
      <ele>220.75</ele>
      <time>2025-06-25T07:24:14Z</time>
    </rtept>
    <rtept lat="49.491778" lon="9.807015">
      <ele>218.82</ele>
      <time>2025-06-25T07:24:26Z</time>
    </rtept>
    <rtept lat="49.492765" lon="9.808667">
      <ele>216.42</ele>
      <time>2025-06-25T07:24:36Z</time>
    </rtept>
    <rtept lat="49.49416" lon="9.810534">
      <ele>216.42</ele>
      <time>2025-06-25T07:24:48Z</time>
    </rtept>
    <rtept lat="49.495018" lon="9.811714">
      <ele>215.94</ele>
      <time>2025-06-25T07:24:57Z</time>
    </rtept>
    <rtept lat="49.495833" lon="9.813237">
      <ele>221.23</ele>
      <time>2025-06-25T07:25:05Z</time>
    </rtept>
    <rtept lat="49.496241" lon="9.814568">
      <ele>225.55</ele>
      <time>2025-06-25T07:25:13Z</time>
    </rtept>
    <rtept lat="49.496327" lon="9.815748">
      <ele>227.0</ele>
      <time>2025-06-25T07:25:20Z</time>
    </rtept>
    <rtept lat="49.496284" lon="9.815898">
      <ele>226.03</ele>
      <time>2025-06-25T07:25:21Z</time>
    </rtept>
    <rtept lat="49.496263" lon="9.816048">
      <ele>226.03</ele>
      <time>2025-06-25T07:25:22Z</time>
    </rtept>
    <rtept lat="49.49622" lon="9.816177">
      <ele>225.07</ele>
      <time>2025-06-25T07:25:23Z</time>
    </rtept>
    <rtept lat="49.496177" lon="9.816306">
      <ele>223.63</ele>
      <time>2025-06-25T07:25:24Z</time>
    </rtept>
    <rtept lat="49.496134" lon="9.816413">
      <ele>221.71</ele>
      <time>2025-06-25T07:25:25Z</time>
    </rtept>
    <rtept lat="49.496091" lon="9.816499">
      <ele>220.27</ele>
      <time>2025-06-25T07:25:26Z</time>
    </rtept>
    <rtept lat="49.495898" lon="9.816842">
      <ele>223.15</ele>
      <time>2025-06-25T07:25:34Z</time>
    </rtept>
    <rtept lat="49.495512" lon="9.817486">
      <ele>217.86</ele>
      <time>2025-06-25T07:25:41Z</time>
    </rtept>
    <rtept lat="49.494696" lon="9.818752">
      <ele>214.98</ele>
      <time>2025-06-25T07:25:49Z</time>
    </rtept>
    <rtept lat="49.493559" lon="9.81961">
      <ele>217.38</ele>
      <time>2025-06-25T07:25:55Z</time>
    </rtept>
    <rtept lat="49.492272" lon="9.81976">
      <ele>220.27</ele>
      <time>2025-06-25T07:26:01Z</time>
    </rtept>
    <rtept lat="49.49004" lon="9.819846">
      <ele>218.34</ele>
      <time>2025-06-25T07:26:13Z</time>
    </rtept>
    <rtept lat="49.488559" lon="9.819932">
      <ele>215.46</ele>
      <time>2025-06-25T07:26:23Z</time>
    </rtept>
    <rtept lat="49.48798" lon="9.819975">
      <ele>214.98</ele>
      <time>2025-06-25T07:26:29Z</time>
    </rtept>
    <rtept lat="49.487894" lon="9.819846">
      <ele>216.9</ele>
      <time>2025-06-25T07:26:30Z</time>
    </rtept>
    <rtept lat="49.487808" lon="9.819825">
      <ele>217.38</ele>
      <time>2025-06-25T07:26:31Z</time>
    </rtept>
    <rtept lat="49.487744" lon="9.819846">
      <ele>216.9</ele>
      <time>2025-06-25T07:26:32Z</time>
    </rtept>
    <rtept lat="49.487701" lon="9.819911">
      <ele>216.9</ele>
      <time>2025-06-25T07:26:33Z</time>
    </rtept>
    <rtept lat="49.487594" lon="9.820125">
      <ele>217.86</ele>
      <time>2025-06-25T07:26:34Z</time>
    </rtept>
    <rtept lat="49.487486" lon="9.820168">
      <ele>218.34</ele>
      <time>2025-06-25T07:26:35Z</time>
    </rtept>
    <rtept lat="49.487358" lon="9.820211">
      <ele>218.34</ele>
      <time>2025-06-25T07:26:36Z</time>
    </rtept>
    <rtept lat="49.486328" lon="9.820898">
      <ele>216.42</ele>
      <time>2025-06-25T07:26:44Z</time>
    </rtept>
    <rtept lat="49.485105" lon="9.8224">
      <ele>212.09</ele>
      <time>2025-06-25T07:26:53Z</time>
    </rtept>
    <rtept lat="49.483753" lon="9.824331">
      <ele>209.69</ele>
      <time>2025-06-25T07:27:02Z</time>
    </rtept>
    <rtept lat="49.482015" lon="9.827421">
      <ele>206.81</ele>
      <time>2025-06-25T07:27:13Z</time>
    </rtept>
    <rtept lat="49.481178" lon="9.82903">
      <ele>206.81</ele>
      <time>2025-06-25T07:27:20Z</time>
    </rtept>
    <rtept lat="49.480513" lon="9.830446">
      <ele>203.92</ele>
      <time>2025-06-25T07:27:28Z</time>
    </rtept>
    <rtept lat="49.480255" lon="9.831004">
      <ele>204.4</ele>
      <time>2025-06-25T07:27:32Z</time>
    </rtept>
    <rtept lat="49.480191" lon="9.831133">
      <ele>205.85</ele>
      <time>2025-06-25T07:27:33Z</time>
    </rtept>
    <rtept lat="49.479633" lon="9.83242">
      <ele>210.17</ele>
      <time>2025-06-25T07:27:40Z</time>
    </rtept>
    <rtept lat="49.478603" lon="9.835189">
      <ele>210.17</ele>
      <time>2025-06-25T07:27:52Z</time>
    </rtept>
    <rtept lat="49.477594" lon="9.837978">
      <ele>208.25</ele>
      <time>2025-06-25T07:28:04Z</time>
    </rtept>
    <rtept lat="49.476543" lon="9.841046">
      <ele>216.42</ele>
      <time>2025-06-25T07:28:17Z</time>
    </rtept>
    <rtept lat="49.475663" lon="9.844115">
      <ele>216.9</ele>
      <time>2025-06-25T07:28:28Z</time>
    </rtept>
    <rtept lat="49.475234" lon="9.847119">
      <ele>221.23</ele>
      <time>2025-06-25T07:28:39Z</time>
    </rtept>
    <rtept lat="49.474848" lon="9.849758">
      <ele>223.15</ele>
      <time>2025-06-25T07:28:47Z</time>
    </rtept>
    <rtept lat="49.474462" lon="9.853256">
      <ele>219.3</ele>
      <time>2025-06-25T07:28:59Z</time>
    </rtept>
    <rtept lat="49.474247" lon="9.855487">
      <ele>222.19</ele>
      <time>2025-06-25T07:29:06Z</time>
    </rtept>
    <rtept lat="49.474226" lon="9.856324">
      <ele>223.63</ele>
      <time>2025-06-25T07:29:08Z</time>
    </rtept>
    <rtept lat="49.474226" lon="9.856775">
      <ele>225.07</ele>
      <time>2025-06-25T07:29:09Z</time>
    </rtept>
    <rtept lat="49.474397" lon="9.858985">
      <ele>225.07</ele>
      <time>2025-06-25T07:29:14Z</time>
    </rtept>
    <rtept lat="49.474547" lon="9.861045">
      <ele>226.03</ele>
      <time>2025-06-25T07:29:21Z</time>
    </rtept>
    <rtept lat="49.47459" lon="9.863083">
      <ele>230.36</ele>
      <time>2025-06-25T07:29:27Z</time>
    </rtept>
    <rtept lat="49.474419" lon="9.866173">
      <ele>236.13</ele>
      <time>2025-06-25T07:29:33Z</time>
    </rtept>
    <rtept lat="49.474075" lon="9.868748">
      <ele>227.48</ele>
      <time>2025-06-25T07:29:39Z</time>
    </rtept>
    <rtept lat="49.473668" lon="9.871023">
      <ele>216.9</ele>
      <time>2025-06-25T07:29:46Z</time>
    </rtept>
    <rtept lat="49.473324" lon="9.872954">
      <ele>218.82</ele>
      <time>2025-06-25T07:29:55Z</time>
    </rtept>
    <rtept lat="49.472809" lon="9.875808">
      <ele>217.86</ele>
      <time>2025-06-25T07:30:07Z</time>
    </rtept>
    <rtept lat="49.472166" lon="9.879391">
      <ele>223.15</ele>
      <time>2025-06-25T07:30:20Z</time>
    </rtept>
    <rtept lat="49.471629" lon="9.882374">
      <ele>230.84</ele>
      <time>2025-06-25T07:30:29Z</time>
    </rtept>
    <rtept lat="49.471222" lon="9.886108">
      <ele>234.69</ele>
      <time>2025-06-25T07:30:40Z</time>
    </rtept>
    <rtept lat="49.471393" lon="9.889712">
      <ele>233.72</ele>
      <time>2025-06-25T07:30:50Z</time>
    </rtept>
    <rtept lat="49.471458" lon="9.890034">
      <ele>233.24</ele>
      <time>2025-06-25T07:30:51Z</time>
    </rtept>
    <rtept lat="49.471565" lon="9.890335">
      <ele>231.8</ele>
      <time>2025-06-25T07:30:52Z</time>
    </rtept>
    <rtept lat="49.471715" lon="9.890592">
      <ele>231.8</ele>
      <time>2025-06-25T07:30:53Z</time>
    </rtept>
    <rtept lat="49.471887" lon="9.89085">
      <ele>230.84</ele>
      <time>2025-06-25T07:30:54Z</time>
    </rtept>
    <rtept lat="49.47208" lon="9.891064">
      <ele>229.88</ele>
      <time>2025-06-25T07:30:55Z</time>
    </rtept>
    <rtept lat="49.472294" lon="9.891236">
      <ele>228.92</ele>
      <time>2025-06-25T07:30:56Z</time>
    </rtept>
    <rtept lat="49.47253" lon="9.891386">
      <ele>227.48</ele>
      <time>2025-06-25T07:30:57Z</time>
    </rtept>
    <rtept lat="49.472788" lon="9.891558">
      <ele>227.48</ele>
      <time>2025-06-25T07:30:58Z</time>
    </rtept>
    <rtept lat="49.47459" lon="9.892266">
      <ele>226.03</ele>
      <time>2025-06-25T07:31:06Z</time>
    </rtept>
    <rtept lat="49.475899" lon="9.89203">
      <ele>227.0</ele>
      <time>2025-06-25T07:31:13Z</time>
    </rtept>
    <rtept lat="49.477079" lon="9.8913">
      <ele>229.88</ele>
      <time>2025-06-25T07:31:21Z</time>
    </rtept>
    <rtept lat="49.478024" lon="9.890871">
      <ele>229.88</ele>
      <time>2025-06-25T07:31:29Z</time>
    </rtept>
    <rtept lat="49.479118" lon="9.89085">
      <ele>228.44</ele>
      <time>2025-06-25T07:31:36Z</time>
    </rtept>
    <rtept lat="49.480835" lon="9.891365">
      <ele>230.84</ele>
      <time>2025-06-25T07:31:47Z</time>
    </rtept>
    <rtept lat="49.482165" lon="9.892523">
      <ele>232.28</ele>
      <time>2025-06-25T07:31:56Z</time>
    </rtept>
    <rtept lat="49.483731" lon="9.894369">
      <ele>230.84</ele>
      <time>2025-06-25T07:32:10Z</time>
    </rtept>
    <rtept lat="49.48386" lon="9.894605">
      <ele>230.36</ele>
      <time>2025-06-25T07:32:12Z</time>
    </rtept>
    <rtept lat="49.483924" lon="9.894734">
      <ele>230.84</ele>
      <time>2025-06-25T07:32:13Z</time>
    </rtept>
    <rtept lat="49.484203" lon="9.895442">
      <ele>229.88</ele>
      <time>2025-06-25T07:32:21Z</time>
    </rtept>
    <rtept lat="49.484268" lon="9.895828">
      <ele>229.4</ele>
      <time>2025-06-25T07:32:30Z</time>
    </rtept>
    <rtept lat="49.484139" lon="9.895957">
      <ele>229.88</ele>
      <time>2025-06-25T07:32:31Z</time>
    </rtept>
    <rtept lat="49.484139" lon="9.896">
      <ele>231.32</ele>
      <time>2025-06-25T07:32:32Z</time>
    </rtept>
    <rtept lat="49.484118" lon="9.896064">
      <ele>233.24</ele>
      <time>2025-06-25T07:32:33Z</time>
    </rtept>
    <rtept lat="49.484139" lon="9.896171">
      <ele>232.76</ele>
      <time>2025-06-25T07:32:34Z</time>
    </rtept>
    <rtept lat="49.484139" lon="9.896236">
      <ele>230.36</ele>
      <time>2025-06-25T07:32:35Z</time>
    </rtept>
    <rtept lat="49.484182" lon="9.896278">
      <ele>228.44</ele>
      <time>2025-06-25T07:32:36Z</time>
    </rtept>
    <rtept lat="49.484246" lon="9.896321">
      <ele>227.96</ele>
      <time>2025-06-25T07:32:37Z</time>
    </rtept>
    <rtept lat="49.484268" lon="9.896343">
      <ele>227.96</ele>
      <time>2025-06-25T07:32:38Z</time>
    </rtept>
    <rtept lat="49.484354" lon="9.896321">
      <ele>227.0</ele>
      <time>2025-06-25T07:32:39Z</time>
    </rtept>
    <rtept lat="49.484397" lon="9.896214">
      <ele>227.0</ele>
      <time>2025-06-25T07:32:40Z</time>
    </rtept>
    <rtept lat="49.484504" lon="9.896107">
      <ele>226.51</ele>
      <time>2025-06-25T07:32:41Z</time>
    </rtept>
    <rtept lat="49.48459" lon="9.896107">
      <ele>227.48</ele>
      <time>2025-06-25T07:32:42Z</time>
    </rtept>
    <rtept lat="49.484718" lon="9.896107">
      <ele>229.88</ele>
      <time>2025-06-25T07:32:43Z</time>
    </rtept>
    <rtept lat="49.485577" lon="9.896278">
      <ele>230.36</ele>
      <time>2025-06-25T07:32:49Z</time>
    </rtept>
    <rtept lat="49.486714" lon="9.896493">
      <ele>227.0</ele>
      <time>2025-06-25T07:32:55Z</time>
    </rtept>
    <rtept lat="49.487873" lon="9.896622">
      <ele>232.28</ele>
      <time>2025-06-25T07:33:00Z</time>
    </rtept>
    <rtept lat="49.489289" lon="9.89645">
      <ele>230.36</ele>
      <time>2025-06-25T07:33:06Z</time>
    </rtept>
    <rtept lat="49.490812" lon="9.896236">
      <ele>231.32</ele>
      <time>2025-06-25T07:33:14Z</time>
    </rtept>
    <rtept lat="49.492443" lon="9.896643">
      <ele>229.88</ele>
      <time>2025-06-25T07:33:22Z</time>
    </rtept>
    <rtept lat="49.49401" lon="9.897866">
      <ele>231.8</ele>
      <time>2025-06-25T07:33:30Z</time>
    </rtept>
    <rtept lat="49.494932" lon="9.899283">
      <ele>231.32</ele>
      <time>2025-06-25T07:33:36Z</time>
    </rtept>
    <rtept lat="49.495276" lon="9.900205">
      <ele>229.4</ele>
      <time>2025-06-25T07:33:41Z</time>
    </rtept>
    <rtept lat="49.495662" lon="9.90145">
      <ele>230.36</ele>
      <time>2025-06-25T07:33:51Z</time>
    </rtept>
    <rtept lat="49.496391" lon="9.903038">
      <ele>230.84</ele>
      <time>2025-06-25T07:34:03Z</time>
    </rtept>
    <rtept lat="49.497271" lon="9.904626">
      <ele>233.24</ele>
      <time>2025-06-25T07:34:15Z</time>
    </rtept>
    <rtept lat="49.497765" lon="9.905398">
      <ele>231.8</ele>
      <time>2025-06-25T07:34:21Z</time>
    </rtept>
    <rtept lat="49.497829" lon="9.90557">
      <ele>226.51</ele>
      <time>2025-06-25T07:34:22Z</time>
    </rtept>
    <rtept lat="49.497893" lon="9.905784">
      <ele>227.48</ele>
      <time>2025-06-25T07:34:23Z</time>
    </rtept>
    <rtept lat="49.497915" lon="9.90602">
      <ele>228.44</ele>
      <time>2025-06-25T07:34:24Z</time>
    </rtept>
    <rtept lat="49.497936" lon="9.906256">
      <ele>228.92</ele>
      <time>2025-06-25T07:34:25Z</time>
    </rtept>
    <rtept lat="49.497915" lon="9.906514">
      <ele>229.88</ele>
      <time>2025-06-25T07:34:26Z</time>
    </rtept>
    <rtept lat="49.497893" lon="9.906771">
      <ele>230.36</ele>
      <time>2025-06-25T07:34:27Z</time>
    </rtept>
    <rtept lat="49.497893" lon="9.907072">
      <ele>230.36</ele>
      <time>2025-06-25T07:34:28Z</time>
    </rtept>
    <rtept lat="49.497851" lon="9.90808">
      <ele>232.28</ele>
      <time>2025-06-25T07:34:31Z</time>
    </rtept>
    <rtept lat="49.497851" lon="9.908466">
      <ele>232.28</ele>
      <time>2025-06-25T07:34:32Z</time>
    </rtept>
    <rtept lat="49.498001" lon="9.911556">
      <ele>234.21</ele>
      <time>2025-06-25T07:34:41Z</time>
    </rtept>
    <rtept lat="49.498151" lon="9.915655">
      <ele>237.57</ele>
      <time>2025-06-25T07:34:54Z</time>
    </rtept>
    <rtept lat="49.498151" lon="9.91956">
      <ele>238.53</ele>
      <time>2025-06-25T07:35:06Z</time>
    </rtept>
    <rtept lat="49.497722" lon="9.923916">
      <ele>237.57</ele>
      <time>2025-06-25T07:35:18Z</time>
    </rtept>
    <rtept lat="49.49725" lon="9.928722">
      <ele>238.05</ele>
      <time>2025-06-25T07:35:30Z</time>
    </rtept>
    <rtept lat="49.497057" lon="9.932885">
      <ele>239.49</ele>
      <time>2025-06-25T07:35:41Z</time>
    </rtept>
    <rtept lat="49.496928" lon="9.937627">
      <ele>247.18</ele>
      <time>2025-06-25T07:35:54Z</time>
    </rtept>
    <rtept lat="49.496992" lon="9.943292">
      <ele>249.59</ele>
      <time>2025-06-25T07:36:08Z</time>
    </rtept>
    <rtept lat="49.497486" lon="9.947198">
      <ele>247.18</ele>
      <time>2025-06-25T07:36:17Z</time>
    </rtept>
    <rtept lat="49.498108" lon="9.949172">
      <ele>243.82</ele>
      <time>2025-06-25T07:36:23Z</time>
    </rtept>
    <rtept lat="49.499117" lon="9.950459">
      <ele>240.45</ele>
      <time>2025-06-25T07:36:29Z</time>
    </rtept>
    <rtept lat="49.500189" lon="9.952004">
      <ele>239.97</ele>
      <time>2025-06-25T07:36:37Z</time>
    </rtept>
    <rtept lat="49.501262" lon="9.95415">
      <ele>239.49</ele>
      <time>2025-06-25T07:36:45Z</time>
    </rtept>
    <rtept lat="49.50197" lon="9.955866">
      <ele>240.93</ele>
      <time>2025-06-25T07:36:52Z</time>
    </rtept>
    <rtept lat="49.502013" lon="9.956145">
      <ele>242.38</ele>
      <time>2025-06-25T07:36:53Z</time>
    </rtept>
    <rtept lat="49.502035" lon="9.95636">
      <ele>243.82</ele>
      <time>2025-06-25T07:36:54Z</time>
    </rtept>
    <rtept lat="49.502035" lon="9.95666">
      <ele>244.3</ele>
      <time>2025-06-25T07:36:55Z</time>
    </rtept>
    <rtept lat="49.502056" lon="9.956939">
      <ele>244.78</ele>
      <time>2025-06-25T07:36:56Z</time>
    </rtept>
    <rtept lat="49.502056" lon="9.95724">
      <ele>245.74</ele>
      <time>2025-06-25T07:36:57Z</time>
    </rtept>
    <rtept lat="49.502142" lon="9.95812">
      <ele>246.7</ele>
      <time>2025-06-25T07:37:00Z</time>
    </rtept>
    <rtept lat="49.502185" lon="9.958377">
      <ele>248.62</ele>
      <time>2025-06-25T07:37:01Z</time>
    </rtept>
    <rtept lat="49.502249" lon="9.958634">
      <ele>248.62</ele>
      <time>2025-06-25T07:37:02Z</time>
    </rtept>
    <rtept lat="49.502357" lon="9.958871">
      <ele>248.14</ele>
      <time>2025-06-25T07:37:03Z</time>
    </rtept>
    <rtept lat="49.502442" lon="9.959128">
      <ele>248.62</ele>
      <time>2025-06-25T07:37:04Z</time>
    </rtept>
    <rtept lat="49.50255" lon="9.959364">
      <ele>248.62</ele>
      <time>2025-06-25T07:37:05Z</time>
    </rtept>
    <rtept lat="49.503687" lon="9.96136">
      <ele>248.14</ele>
      <time>2025-06-25T07:37:13Z</time>
    </rtept>
    <rtept lat="49.505168" lon="9.962797">
      <ele>249.59</ele>
      <time>2025-06-25T07:37:20Z</time>
    </rtept>
    <rtept lat="49.507185" lon="9.964407">
      <ele>256.32</ele>
      <time>2025-06-25T07:37:29Z</time>
    </rtept>
    <rtept lat="49.508322" lon="9.965029">
      <ele>255.35</ele>
      <time>2025-06-25T07:37:35Z</time>
    </rtept>
    <rtept lat="49.510296" lon="9.96593">
      <ele>257.76</ele>
      <time>2025-06-25T07:37:47Z</time>
    </rtept>
    <rtept lat="49.511219" lon="9.966745">
      <ele>254.87</ele>
      <time>2025-06-25T07:37:54Z</time>
    </rtept>
    <rtept lat="49.511841" lon="9.967861">
      <ele>248.62</ele>
      <time>2025-06-25T07:38:02Z</time>
    </rtept>
    <rtept lat="49.512077" lon="9.968934">
      <ele>246.22</ele>
      <time>2025-06-25T07:38:09Z</time>
    </rtept>
    <rtept lat="49.512077" lon="9.969084">
      <ele>245.74</ele>
      <time>2025-06-25T07:38:10Z</time>
    </rtept>
    <rtept lat="49.512077" lon="9.969235">
      <ele>244.3</ele>
      <time>2025-06-25T07:38:11Z</time>
    </rtept>
    <rtept lat="49.512013" lon="9.969363">
      <ele>241.41</ele>
      <time>2025-06-25T07:38:12Z</time>
    </rtept>
    <rtept lat="49.511927" lon="9.969471">
      <ele>239.01</ele>
      <time>2025-06-25T07:38:13Z</time>
    </rtept>
    <rtept lat="49.511841" lon="9.969578">
      <ele>238.53</ele>
      <time>2025-06-25T07:38:14Z</time>
    </rtept>
    <rtept lat="49.511755" lon="9.969685">
      <ele>237.57</ele>
      <time>2025-06-25T07:38:15Z</time>
    </rtept>
    <rtept lat="49.510983" lon="9.970608">
      <ele>240.93</ele>
      <time>2025-06-25T07:38:25Z</time>
    </rtept>
    <rtept lat="49.510918" lon="9.970737">
      <ele>241.41</ele>
      <time>2025-06-25T07:38:26Z</time>
    </rtept>
    <rtept lat="49.510875" lon="9.970865">
      <ele>241.41</ele>
      <time>2025-06-25T07:38:27Z</time>
    </rtept>
    <rtept lat="49.510832" lon="9.970973">
      <ele>240.93</ele>
      <time>2025-06-25T07:38:28Z</time>
    </rtept>
    <rtept lat="49.510832" lon="9.971101">
      <ele>240.45</ele>
      <time>2025-06-25T07:38:29Z</time>
    </rtept>
    <rtept lat="49.510854" lon="9.971252">
      <ele>239.97</ele>
      <time>2025-06-25T07:38:30Z</time>
    </rtept>
    <rtept lat="49.510897" lon="9.97138">
      <ele>240.45</ele>
      <time>2025-06-25T07:38:31Z</time>
    </rtept>
    <rtept lat="49.510918" lon="9.971552">
      <ele>240.93</ele>
      <time>2025-06-25T07:38:32Z</time>
    </rtept>
    <rtept lat="49.510961" lon="9.971702">
      <ele>240.93</ele>
      <time>2025-06-25T07:38:33Z</time>
    </rtept>
    <rtept lat="49.511498" lon="9.973505">
      <ele>243.82</ele>
      <time>2025-06-25T07:38:45Z</time>
    </rtept>
    <rtept lat="49.512206" lon="9.975565">
      <ele>245.74</ele>
      <time>2025-06-25T07:38:59Z</time>
    </rtept>
    <rtept lat="49.513171" lon="9.977582">
      <ele>243.34</ele>
      <time>2025-06-25T07:39:15Z</time>
    </rtept>
    <rtept lat="49.514008" lon="9.978783">
      <ele>244.3</ele>
      <time>2025-06-25T07:39:25Z</time>
    </rtept>
    <rtept lat="49.514866" lon="9.980393">
      <ele>244.78</ele>
      <time>2025-06-25T07:39:32Z</time>
    </rtept>
    <rtept lat="49.516111" lon="9.98256">
      <ele>245.74</ele>
      <time>2025-06-25T07:39:41Z</time>
    </rtept>
    <rtept lat="49.517806" lon="9.984942">
      <ele>245.26</ele>
      <time>2025-06-25T07:39:50Z</time>
    </rtept>
    <rtept lat="49.51993" lon="9.988396">
      <ele>245.26</ele>
      <time>2025-06-25T07:40:01Z</time>
    </rtept>
    <rtept lat="49.521196" lon="9.991508">
      <ele>247.66</ele>
      <time>2025-06-25T07:40:09Z</time>
    </rtept>
    <rtept lat="49.521733" lon="9.993782">
      <ele>251.03</ele>
      <time>2025-06-25T07:40:15Z</time>
    </rtept>
    <rtept lat="49.52199" lon="9.996808">
      <ele>251.51</ele>
      <time>2025-06-25T07:40:23Z</time>
    </rtept>
    <rtept lat="49.521819" lon="9.999833">
      <ele>251.03</ele>
      <time>2025-06-25T07:40:30Z</time>
    </rtept>
    <rtept lat="49.521711" lon="10.000241">
      <ele>251.51</ele>
      <time>2025-06-25T07:40:31Z</time>
    </rtept>
    <rtept lat="49.521626" lon="10.000606">
      <ele>252.47</ele>
      <time>2025-06-25T07:40:32Z</time>
    </rtept>
    <rtept lat="49.521111" lon="10.002151">
      <ele>260.16</ele>
      <time>2025-06-25T07:40:38Z</time>
    </rtept>
    <rtept lat="49.520188" lon="10.004275">
      <ele>267.85</ele>
      <time>2025-06-25T07:40:49Z</time>
    </rtept>
    <rtept lat="49.518836" lon="10.006571">
      <ele>263.04</ele>
      <time>2025-06-25T07:41:01Z</time>
    </rtept>
    <rtept lat="49.517871" lon="10.008502">
      <ele>263.04</ele>
      <time>2025-06-25T07:41:11Z</time>
    </rtept>
    <rtept lat="49.517634" lon="10.008888">
      <ele>264.01</ele>
      <time>2025-06-25T07:41:14Z</time>
    </rtept>
    <rtept lat="49.517549" lon="10.008996">
      <ele>263.53</ele>
      <time>2025-06-25T07:41:15Z</time>
    </rtept>
    <rtept lat="49.517441" lon="10.00906">
      <ele>263.04</ele>
      <time>2025-06-25T07:41:16Z</time>
    </rtept>
    <rtept lat="49.517356" lon="10.009124">
      <ele>261.6</ele>
      <time>2025-06-25T07:41:17Z</time>
    </rtept>
    <rtept lat="49.51727" lon="10.009146">
      <ele>259.2</ele>
      <time>2025-06-25T07:41:18Z</time>
    </rtept>
    <rtept lat="49.517141" lon="10.009167">
      <ele>260.64</ele>
      <time>2025-06-25T07:41:19Z</time>
    </rtept>
    <rtept lat="49.517034" lon="10.009189">
      <ele>261.12</ele>
      <time>2025-06-25T07:41:20Z</time>
    </rtept>
    <rtept lat="49.516948" lon="10.009167">
      <ele>259.68</ele>
      <time>2025-06-25T07:41:21Z</time>
    </rtept>
    <rtept lat="49.516883" lon="10.009124">
      <ele>255.35</ele>
      <time>2025-06-25T07:41:22Z</time>
    </rtept>
    <rtept lat="49.516776" lon="10.009081">
      <ele>254.39</ele>
      <time>2025-06-25T07:41:23Z</time>
    </rtept>
    <rtept lat="49.516712" lon="10.009039">
      <ele>253.91</ele>
      <time>2025-06-25T07:41:24Z</time>
    </rtept>
    <rtept lat="49.516605" lon="10.008974">
      <ele>253.91</ele>
      <time>2025-06-25T07:41:25Z</time>
    </rtept>
    <rtept lat="49.516347" lon="10.008652">
      <ele>253.43</ele>
      <time>2025-06-25T07:41:28Z</time>
    </rtept>
    <rtept lat="49.516261" lon="10.008481">
      <ele>249.59</ele>
      <time>2025-06-25T07:41:29Z</time>
    </rtept>
    <rtept lat="49.516197" lon="10.00833">
      <ele>249.11</ele>
      <time>2025-06-25T07:41:30Z</time>
    </rtept>
    <rtept lat="49.516132" lon="10.008202">
      <ele>248.62</ele>
      <time>2025-06-25T07:41:31Z</time>
    </rtept>
    <rtept lat="49.516068" lon="10.008052">
      <ele>248.14</ele>
      <time>2025-06-25T07:41:32Z</time>
    </rtept>
    <rtept lat="49.516047" lon="10.007987">
      <ele>246.7</ele>
      <time>2025-06-25T07:41:33Z</time>
    </rtept>
    <rtept lat="49.515939" lon="10.007923">
      <ele>244.78</ele>
      <time>2025-06-25T07:41:34Z</time>
    </rtept>
    <rtept lat="49.515854" lon="10.007901">
      <ele>247.18</ele>
      <time>2025-06-25T07:41:35Z</time>
    </rtept>
    <rtept lat="49.515746" lon="10.00788">
      <ele>250.55</ele>
      <time>2025-06-25T07:41:36Z</time>
    </rtept>
    <rtept lat="49.515617" lon="10.007858">
      <ele>253.43</ele>
      <time>2025-06-25T07:41:37Z</time>
    </rtept>
    <rtept lat="49.51551" lon="10.007858">
      <ele>251.03</ele>
      <time>2025-06-25T07:41:38Z</time>
    </rtept>
    <rtept lat="49.515403" lon="10.00788">
      <ele>254.39</ele>
      <time>2025-06-25T07:41:39Z</time>
    </rtept>
    <rtept lat="49.514502" lon="10.008116">
      <ele>260.16</ele>
      <time>2025-06-25T07:41:47Z</time>
    </rtept>
    <rtept lat="49.514437" lon="10.00818">
      <ele>259.68</ele>
      <time>2025-06-25T07:41:48Z</time>
    </rtept>
    <rtept lat="49.513665" lon="10.008738">
      <ele>258.24</ele>
      <time>2025-06-25T07:41:56Z</time>
    </rtept>
    <rtept lat="49.513364" lon="10.008974">
      <ele>261.6</ele>
      <time>2025-06-25T07:41:59Z</time>
    </rtept>
    <rtept lat="49.512442" lon="10.009832">
      <ele>253.91</ele>
      <time>2025-06-25T07:42:07Z</time>
    </rtept>
    <rtept lat="49.511304" lon="10.010541">
      <ele>259.68</ele>
      <time>2025-06-25T07:42:12Z</time>
    </rtept>
    <rtept lat="49.509953" lon="10.011227">
      <ele>256.32</ele>
      <time>2025-06-25T07:42:17Z</time>
    </rtept>
    <rtept lat="49.509695" lon="10.011463">
      <ele>260.16</ele>
      <time>2025-06-25T07:42:18Z</time>
    </rtept>
    <rtept lat="49.507549" lon="10.013566">
      <ele>262.08</ele>
      <time>2025-06-25T07:42:26Z</time>
    </rtept>
    <rtept lat="49.506348" lon="10.014832">
      <ele>269.29</ele>
      <time>2025-06-25T07:42:32Z</time>
    </rtept>
    <rtept lat="49.505962" lon="10.015154">
      <ele>269.29</ele>
      <time>2025-06-25T07:42:34Z</time>
    </rtept>
    <rtept lat="49.505747" lon="10.015304">
      <ele>270.73</ele>
      <time>2025-06-25T07:42:35Z</time>
    </rtept>
    <rtept lat="49.505532" lon="10.015433">
      <ele>270.73</ele>
      <time>2025-06-25T07:42:36Z</time>
    </rtept>
    <rtept lat="49.505296" lon="10.015497">
      <ele>269.77</ele>
      <time>2025-06-25T07:42:37Z</time>
    </rtept>
    <rtept lat="49.505082" lon="10.015562">
      <ele>269.29</ele>
      <time>2025-06-25T07:42:38Z</time>
    </rtept>
    <rtept lat="49.504781" lon="10.015562">
      <ele>269.77</ele>
      <time>2025-06-25T07:42:39Z</time>
    </rtept>
    <rtept lat="49.504502" lon="10.01554">
      <ele>268.33</ele>
      <time>2025-06-25T07:42:40Z</time>
    </rtept>
    <rtept lat="49.504202" lon="10.01554">
      <ele>268.33</ele>
      <time>2025-06-25T07:42:41Z</time>
    </rtept>
    <rtept lat="49.502228" lon="10.015605">
      <ele>266.41</ele>
      <time>2025-06-25T07:42:48Z</time>
    </rtept>
    <rtept lat="49.499739" lon="10.016635">
      <ele>258.24</ele>
      <time>2025-06-25T07:42:57Z</time>
    </rtept>
    <rtept lat="49.497893" lon="10.0176">
      <ele>258.72</ele>
      <time>2025-06-25T07:43:05Z</time>
    </rtept>
    <rtept lat="49.495898" lon="10.018501">
      <ele>259.68</ele>
      <time>2025-06-25T07:43:13Z</time>
    </rtept>
    <rtept lat="49.495018" lon="10.018523">
      <ele>260.64</ele>
      <time>2025-06-25T07:43:17Z</time>
    </rtept>
    <rtept lat="49.494846" lon="10.018437">
      <ele>261.12</ele>
      <time>2025-06-25T07:43:18Z</time>
    </rtept>
    <rtept lat="49.494653" lon="10.018308">
      <ele>263.04</ele>
      <time>2025-06-25T07:43:19Z</time>
    </rtept>
    <rtept lat="49.494482" lon="10.018158">
      <ele>262.56</ele>
      <time>2025-06-25T07:43:20Z</time>
    </rtept>
    <rtept lat="49.494331" lon="10.018051">
      <ele>261.12</ele>
      <time>2025-06-25T07:43:21Z</time>
    </rtept>
    <rtept lat="49.494031" lon="10.017922">
      <ele>261.6</ele>
      <time>2025-06-25T07:43:23Z</time>
    </rtept>
    <rtept lat="49.493902" lon="10.017858">
      <ele>259.68</ele>
      <time>2025-06-25T07:43:24Z</time>
    </rtept>
    <rtept lat="49.493774" lon="10.017836">
      <ele>260.16</ele>
      <time>2025-06-25T07:43:25Z</time>
    </rtept>
    <rtept lat="49.493387" lon="10.01775">
      <ele>260.16</ele>
      <time>2025-06-25T07:43:28Z</time>
    </rtept>
    <rtept lat="49.493259" lon="10.017665">
      <ele>260.64</ele>
      <time>2025-06-25T07:43:29Z</time>
    </rtept>
    <rtept lat="49.49313" lon="10.017579">
      <ele>261.12</ele>
      <time>2025-06-25T07:43:30Z</time>
    </rtept>
    <rtept lat="49.493001" lon="10.017493">
      <ele>261.12</ele>
      <time>2025-06-25T07:43:31Z</time>
    </rtept>
    <rtept lat="49.492872" lon="10.017407">
      <ele>261.12</ele>
      <time>2025-06-25T07:43:32Z</time>
    </rtept>
    <rtept lat="49.492465" lon="10.017128">
      <ele>261.6</ele>
      <time>2025-06-25T07:43:36Z</time>
    </rtept>
    <rtept lat="49.492336" lon="10.017107">
      <ele>262.56</ele>
      <time>2025-06-25T07:43:37Z</time>
    </rtept>
    <rtept lat="49.492229" lon="10.017085">
      <ele>263.04</ele>
      <time>2025-06-25T07:43:38Z</time>
    </rtept>
    <rtept lat="49.492121" lon="10.017064">
      <ele>263.04</ele>
      <time>2025-06-25T07:43:39Z</time>
    </rtept>
    <rtept lat="49.492014" lon="10.017064">
      <ele>264.49</ele>
      <time>2025-06-25T07:43:40Z</time>
    </rtept>
    <rtept lat="49.491885" lon="10.017085">
      <ele>265.45</ele>
      <time>2025-06-25T07:43:41Z</time>
    </rtept>
    <rtept lat="49.490877" lon="10.017579">
      <ele>263.53</ele>
      <time>2025-06-25T07:43:50Z</time>
    </rtept>
    <rtept lat="49.489632" lon="10.01863">
      <ele>265.45</ele>
      <time>2025-06-25T07:43:58Z</time>
    </rtept>
    <rtept lat="49.489246" lon="10.018866">
      <ele>265.93</ele>
      <time>2025-06-25T07:44:00Z</time>
    </rtept>
    <rtept lat="49.489053" lon="10.018931">
      <ele>266.41</ele>
      <time>2025-06-25T07:44:01Z</time>
    </rtept>
    <rtept lat="49.488838" lon="10.018952">
      <ele>264.49</ele>
      <time>2025-06-25T07:44:02Z</time>
    </rtept>
    <rtept lat="49.487916" lon="10.019145">
      <ele>265.93</ele>
      <time>2025-06-25T07:44:06Z</time>
    </rtept>
    <rtept lat="49.48768" lon="10.019295">
      <ele>265.93</ele>
      <time>2025-06-25T07:44:07Z</time>
    </rtept>
    <rtept lat="49.487465" lon="10.019488">
      <ele>266.41</ele>
      <time>2025-06-25T07:44:08Z</time>
    </rtept>
    <rtept lat="49.487229" lon="10.019724">
      <ele>267.37</ele>
      <time>2025-06-25T07:44:09Z</time>
    </rtept>
    <rtept lat="49.487014" lon="10.019918">
      <ele>268.33</ele>
      <time>2025-06-25T07:44:10Z</time>
    </rtept>
    <rtept lat="49.486542" lon="10.020239">
      <ele>269.29</ele>
      <time>2025-06-25T07:44:12Z</time>
    </rtept>
    <rtept lat="49.486285" lon="10.020347">
      <ele>268.81</ele>
      <time>2025-06-25T07:44:13Z</time>
    </rtept>
    <rtept lat="49.486006" lon="10.02039">
      <ele>267.85</ele>
      <time>2025-06-25T07:44:14Z</time>
    </rtept>
    <rtept lat="49.485727" lon="10.020433">
      <ele>266.89</ele>
      <time>2025-06-25T07:44:15Z</time>
    </rtept>
    <rtept lat="49.485448" lon="10.02039">
      <ele>266.41</ele>
      <time>2025-06-25T07:44:16Z</time>
    </rtept>
    <rtept lat="49.485126" lon="10.020325">
      <ele>266.89</ele>
      <time>2025-06-25T07:44:17Z</time>
    </rtept>
    <rtept lat="49.484804" lon="10.020239">
      <ele>265.45</ele>
      <time>2025-06-25T07:44:18Z</time>
    </rtept>
    <rtept lat="49.482637" lon="10.019746">
      <ele>266.41</ele>
      <time>2025-06-25T07:44:26Z</time>
    </rtept>
    <rtept lat="49.480985" lon="10.020003">
      <ele>266.41</ele>
      <time>2025-06-25T07:44:33Z</time>
    </rtept>
    <rtept lat="49.478582" lon="10.020905">
      <ele>268.33</ele>
      <time>2025-06-25T07:44:45Z</time>
    </rtept>
    <rtept lat="49.477423" lon="10.021892">
      <ele>269.29</ele>
      <time>2025-06-25T07:44:53Z</time>
    </rtept>
    <rtept lat="49.476114" lon="10.02348">
      <ele>274.58</ele>
      <time>2025-06-25T07:45:04Z</time>
    </rtept>
    <rtept lat="49.475127" lon="10.025175">
      <ele>283.71</ele>
      <time>2025-06-25T07:45:14Z</time>
    </rtept>
    <rtept lat="49.473904" lon="10.027213">
      <ele>279.87</ele>
      <time>2025-06-25T07:45:28Z</time>
    </rtept>
    <rtept lat="49.472767" lon="10.028801">
      <ele>279.87</ele>
      <time>2025-06-25T07:45:41Z</time>
    </rtept>
    <rtept lat="49.471801" lon="10.030282">
      <ele>286.12</ele>
      <time>2025-06-25T07:45:52Z</time>
    </rtept>
    <rtept lat="49.470792" lon="10.032299">
      <ele>287.56</ele>
      <time>2025-06-25T07:46:07Z</time>
    </rtept>
    <rtept lat="49.469891" lon="10.034015">
      <ele>287.08</ele>
      <time>2025-06-25T07:46:20Z</time>
    </rtept>
    <rtept lat="49.469011" lon="10.035775">
      <ele>286.12</ele>
      <time>2025-06-25T07:46:33Z</time>
    </rtept>
    <rtept lat="49.468346" lon="10.037985">
      <ele>291.88</ele>
      <time>2025-06-25T07:46:46Z</time>
    </rtept>
    <rtept lat="49.46796" lon="10.039809">
      <ele>295.25</ele>
      <time>2025-06-25T07:46:54Z</time>
    </rtept>
    <rtept lat="49.467381" lon="10.042298">
      <ele>300.06</ele>
      <time>2025-06-25T07:47:02Z</time>
    </rtept>
    <rtept lat="49.466372" lon="10.044594">
      <ele>301.98</ele>
      <time>2025-06-25T07:47:09Z</time>
    </rtept>
    <rtept lat="49.4656" lon="10.047276">
      <ele>296.21</ele>
      <time>2025-06-25T07:47:16Z</time>
    </rtept>
    <rtept lat="49.46502" lon="10.050302">
      <ele>290.92</ele>
      <time>2025-06-25T07:47:24Z</time>
    </rtept>
    <rtept lat="49.464355" lon="10.052018">
      <ele>289.48</ele>
      <time>2025-06-25T07:47:30Z</time>
    </rtept>
    <rtept lat="49.463711" lon="10.053048">
      <ele>286.6</ele>
      <time>2025-06-25T07:47:37Z</time>
    </rtept>
    <rtept lat="49.462939" lon="10.053992">
      <ele>282.75</ele>
      <time>2025-06-25T07:47:48Z</time>
    </rtept>
    <rtept lat="49.462789" lon="10.054357">
      <ele>284.67</ele>
      <time>2025-06-25T07:47:51Z</time>
    </rtept>
    <rtept lat="49.462746" lon="10.054486">
      <ele>284.67</ele>
      <time>2025-06-25T07:47:52Z</time>
    </rtept>
    <rtept lat="49.462703" lon="10.054593">
      <ele>285.15</ele>
      <time>2025-06-25T07:47:53Z</time>
    </rtept>
    <rtept lat="49.462574" lon="10.054979">
      <ele>286.6</ele>
      <time>2025-06-25T07:47:56Z</time>
    </rtept>
    <rtept lat="49.462531" lon="10.055108">
      <ele>287.56</ele>
      <time>2025-06-25T07:47:57Z</time>
    </rtept>
    <rtept lat="49.462467" lon="10.055237">
      <ele>287.56</ele>
      <time>2025-06-25T07:47:58Z</time>
    </rtept>
    <rtept lat="49.462381" lon="10.055344">
      <ele>290.44</ele>
      <time>2025-06-25T07:47:59Z</time>
    </rtept>
    <rtept lat="49.462317" lon="10.055452">
      <ele>292.36</ele>
      <time>2025-06-25T07:48:00Z</time>
    </rtept>
    <rtept lat="49.462231" lon="10.055559">
      <ele>294.29</ele>
      <time>2025-06-25T07:48:01Z</time>
    </rtept>
    <rtept lat="49.462145" lon="10.055666">
      <ele>294.77</ele>
      <time>2025-06-25T07:48:02Z</time>
    </rtept>
    <rtept lat="49.461995" lon="10.055881">
      <ele>292.85</ele>
      <time>2025-06-25T07:48:04Z</time>
    </rtept>
    <rtept lat="49.461909" lon="10.055966">
      <ele>291.88</ele>
      <time>2025-06-25T07:48:05Z</time>
    </rtept>
    <rtept lat="49.461823" lon="10.056095">
      <ele>291.4</ele>
      <time>2025-06-25T07:48:06Z</time>
    </rtept>
    <rtept lat="49.461737" lon="10.056203">
      <ele>290.92</ele>
      <time>2025-06-25T07:48:07Z</time>
    </rtept>
    <rtept lat="49.461673" lon="10.056353">
      <ele>293.33</ele>
      <time>2025-06-25T07:48:08Z</time>
    </rtept>
    <rtept lat="49.460772" lon="10.058112">
      <ele>300.06</ele>
      <time>2025-06-25T07:48:19Z</time>
    </rtept>
    <rtept lat="49.459634" lon="10.060086">
      <ele>297.17</ele>
      <time>2025-06-25T07:48:27Z</time>
    </rtept>
    <rtept lat="49.458111" lon="10.06206">
      <ele>298.13</ele>
      <time>2025-06-25T07:48:36Z</time>
    </rtept>
    <rtept lat="49.457017" lon="10.063713">
      <ele>296.69</ele>
      <time>2025-06-25T07:48:44Z</time>
    </rtept>
    <rtept lat="49.456287" lon="10.06573">
      <ele>297.17</ele>
      <time>2025-06-25T07:48:52Z</time>
    </rtept>
    <rtept lat="49.455708" lon="10.067704">
      <ele>296.69</ele>
      <time>2025-06-25T07:49:00Z</time>
    </rtept>
    <rtept lat="49.455064" lon="10.069184">
      <ele>294.29</ele>
      <time>2025-06-25T07:49:09Z</time>
    </rtept>
    <rtept lat="49.45442" lon="10.070171">
      <ele>289.0</ele>
      <time>2025-06-25T07:49:19Z</time>
    </rtept>
    <rtept lat="49.45412" lon="10.070493">
      <ele>289.48</ele>
      <time>2025-06-25T07:49:23Z</time>
    </rtept>
    <rtept lat="49.453948" lon="10.070686">
      <ele>287.56</ele>
      <time>2025-06-25T07:49:25Z</time>
    </rtept>
    <rtept lat="49.453712" lon="10.070922">
      <ele>288.52</ele>
      <time>2025-06-25T07:49:28Z</time>
    </rtept>
    <rtept lat="49.453648" lon="10.070987">
      <ele>289.48</ele>
      <time>2025-06-25T07:49:29Z</time>
    </rtept>
    <rtept lat="49.453605" lon="10.071051">
      <ele>289.0</ele>
      <time>2025-06-25T07:49:30Z</time>
    </rtept>
    <rtept lat="49.453519" lon="10.071201">
      <ele>292.85</ele>
      <time>2025-06-25T07:49:37Z</time>
    </rtept>
    <rtept lat="49.453455" lon="10.071309">
      <ele>292.85</ele>
      <time>2025-06-25T07:49:53Z</time>
    </rtept>
    <rtept lat="49.453176" lon="10.072081">
      <ele>292.85</ele>
      <time>2025-06-25T07:50:00Z</time>
    </rtept>
    <rtept lat="49.453068" lon="10.072339">
      <ele>292.36</ele>
      <time>2025-06-25T07:50:02Z</time>
    </rtept>
    <rtept lat="49.453025" lon="10.072489">
      <ele>292.36</ele>
      <time>2025-06-25T07:50:03Z</time>
    </rtept>
    <rtept lat="49.452618" lon="10.074098">
      <ele>291.4</ele>
      <time>2025-06-25T07:50:13Z</time>
    </rtept>
    <rtept lat="49.452296" lon="10.076308">
      <ele>300.54</ele>
      <time>2025-06-25T07:50:24Z</time>
    </rtept>
    <rtept lat="49.452253" lon="10.078433">
      <ele>304.38</ele>
      <time>2025-06-25T07:50:31Z</time>
    </rtept>
    <rtept lat="49.452232" lon="10.078755">
      <ele>304.86</ele>
      <time>2025-06-25T07:50:32Z</time>
    </rtept>
    <rtept lat="49.452189" lon="10.079076">
      <ele>304.86</ele>
      <time>2025-06-25T07:50:33Z</time>
    </rtept>
    <rtept lat="49.451652" lon="10.082832">
      <ele>312.55</ele>
      <time>2025-06-25T07:50:45Z</time>
    </rtept>
    <rtept lat="49.450944" lon="10.085514">
      <ele>317.36</ele>
      <time>2025-06-25T07:50:54Z</time>
    </rtept>
    <rtept lat="49.449893" lon="10.088475">
      <ele>313.03</ele>
      <time>2025-06-25T07:51:05Z</time>
    </rtept>
    <rtept lat="49.4497" lon="10.089269">
      <ele>312.07</ele>
      <time>2025-06-25T07:51:08Z</time>
    </rtept>
    <rtept lat="49.449678" lon="10.089548">
      <ele>310.63</ele>
      <time>2025-06-25T07:51:09Z</time>
    </rtept>
    <rtept lat="49.449657" lon="10.08987">
      <ele>310.15</ele>
      <time>2025-06-25T07:51:10Z</time>
    </rtept>
    <rtept lat="49.449356" lon="10.09238">
      <ele>308.23</ele>
      <time>2025-06-25T07:51:18Z</time>
    </rtept>
    <rtept lat="49.448948" lon="10.095277">
      <ele>315.44</ele>
      <time>2025-06-25T07:51:29Z</time>
    </rtept>
    <rtept lat="49.448798" lon="10.095792">
      <ele>317.36</ele>
      <time>2025-06-25T07:51:31Z</time>
    </rtept>
    <rtept lat="49.448712" lon="10.096007">
      <ele>317.84</ele>
      <time>2025-06-25T07:51:32Z</time>
    </rtept>
    <rtept lat="49.447747" lon="10.09841">
      <ele>313.99</ele>
      <time>2025-06-25T07:51:42Z</time>
    </rtept>
    <rtept lat="49.446824" lon="10.101264">
      <ele>314.47</ele>
      <time>2025-06-25T07:51:53Z</time>
    </rtept>
    <rtept lat="49.446717" lon="10.1015">
      <ele>313.51</ele>
      <time>2025-06-25T07:51:54Z</time>
    </rtept>
    <rtept lat="49.446202" lon="10.103259">
      <ele>304.86</ele>
      <time>2025-06-25T07:52:01Z</time>
    </rtept>
    <rtept lat="49.446116" lon="10.103753">
      <ele>302.46</ele>
      <time>2025-06-25T07:52:03Z</time>
    </rtept>
    <rtept lat="49.445944" lon="10.106821">
      <ele>301.02</ele>
      <time>2025-06-25T07:52:15Z</time>
    </rtept>
    <rtept lat="49.445987" lon="10.107036">
      <ele>300.06</ele>
      <time>2025-06-25T07:52:16Z</time>
    </rtept>
    <rtept lat="49.446073" lon="10.10725">
      <ele>298.61</ele>
      <time>2025-06-25T07:52:17Z</time>
    </rtept>
    <rtept lat="49.446138" lon="10.107465">
      <ele>297.17</ele>
      <time>2025-06-25T07:52:18Z</time>
    </rtept>
    <rtept lat="49.446266" lon="10.107658">
      <ele>296.21</ele>
      <time>2025-06-25T07:52:19Z</time>
    </rtept>
    <rtept lat="49.446374" lon="10.107851">
      <ele>297.17</ele>
      <time>2025-06-25T07:52:20Z</time>
    </rtept>
    <rtept lat="49.446695" lon="10.108345">
      <ele>299.57</ele>
      <time>2025-06-25T07:52:23Z</time>
    </rtept>
    <rtept lat="49.446824" lon="10.108495">
      <ele>300.06</ele>
      <time>2025-06-25T07:52:24Z</time>
    </rtept>
    <rtept lat="49.446953" lon="10.108624">
      <ele>300.06</ele>
      <time>2025-06-25T07:52:25Z</time>
    </rtept>
    <rtept lat="49.447747" lon="10.109739">
      <ele>300.06</ele>
      <time>2025-06-25T07:52:33Z</time>
    </rtept>
    <rtept lat="49.448197" lon="10.110984">
      <ele>300.06</ele>
      <time>2025-06-25T07:52:41Z</time>
    </rtept>
    <rtept lat="49.448283" lon="10.11137">
      <ele>301.02</ele>
      <time>2025-06-25T07:52:45Z</time>
    </rtept>
    <rtept lat="49.448283" lon="10.111477">
      <ele>301.02</ele>
      <time>2025-06-25T07:52:46Z</time>
    </rtept>
    <rtept lat="49.448262" lon="10.11152">
      <ele>301.02</ele>
      <time>2025-06-25T07:52:47Z</time>
    </rtept>
    <rtept lat="49.44824" lon="10.111606">
      <ele>300.54</ele>
      <time>2025-06-25T07:52:48Z</time>
    </rtept>
    <rtept lat="49.448197" lon="10.111735">
      <ele>300.54</ele>
      <time>2025-06-25T07:52:49Z</time>
    </rtept>
    <rtept lat="49.448133" lon="10.111885">
      <ele>311.11</ele>
      <time>2025-06-25T07:52:50Z</time>
    </rtept>
    <rtept lat="49.44809" lon="10.111992">
      <ele>314.96</ele>
      <time>2025-06-25T07:52:51Z</time>
    </rtept>
    <rtept lat="49.448069" lon="10.1121">
      <ele>315.44</ele>
      <time>2025-06-25T07:52:52Z</time>
    </rtept>
    <rtept lat="49.447597" lon="10.113344">
      <ele>312.55</ele>
      <time>2025-06-25T07:53:02Z</time>
    </rtept>
    <rtept lat="49.447232" lon="10.114718">
      <ele>305.82</ele>
      <time>2025-06-25T07:53:11Z</time>
    </rtept>
    <rtept lat="49.447125" lon="10.115962">
      <ele>307.26</ele>
      <time>2025-06-25T07:53:20Z</time>
    </rtept>
    <rtept lat="49.447146" lon="10.116069">
      <ele>304.38</ele>
      <time>2025-06-25T07:53:21Z</time>
    </rtept>
    <rtept lat="49.447189" lon="10.116198">
      <ele>301.5</ele>
      <time>2025-06-25T07:53:22Z</time>
    </rtept>
    <rtept lat="49.44721" lon="10.116305">
      <ele>300.54</ele>
      <time>2025-06-25T07:53:23Z</time>
    </rtept>
    <rtept lat="49.447253" lon="10.116413">
      <ele>299.09</ele>
      <time>2025-06-25T07:53:24Z</time>
    </rtept>
    <rtept lat="49.447296" lon="10.11652">
      <ele>299.09</ele>
      <time>2025-06-25T07:53:25Z</time>
    </rtept>
    <rtept lat="49.447318" lon="10.116606">
      <ele>301.02</ele>
      <time>2025-06-25T07:53:26Z</time>
    </rtept>
    <rtept lat="49.447318" lon="10.116735">
      <ele>302.46</ele>
      <time>2025-06-25T07:53:27Z</time>
    </rtept>
    <rtept lat="49.447318" lon="10.116906">
      <ele>300.54</ele>
      <time>2025-06-25T07:53:28Z</time>
    </rtept>
    <rtept lat="49.447318" lon="10.117056">
      <ele>299.57</ele>
      <time>2025-06-25T07:53:29Z</time>
    </rtept>
    <rtept lat="49.447339" lon="10.117571">
      <ele>307.26</ele>
      <time>2025-06-25T07:53:33Z</time>
    </rtept>
    <rtept lat="49.447361" lon="10.1177">
      <ele>307.26</ele>
      <time>2025-06-25T07:53:34Z</time>
    </rtept>
    <rtept lat="49.447404" lon="10.117936">
      <ele>307.26</ele>
      <time>2025-06-25T07:53:36Z</time>
    </rtept>
    <rtept lat="49.447404" lon="10.118644">
      <ele>305.82</ele>
      <time>2025-06-25T07:53:41Z</time>
    </rtept>
    <rtept lat="49.447382" lon="10.118773">
      <ele>304.86</ele>
      <time>2025-06-25T07:53:42Z</time>
    </rtept>
    <rtept lat="49.447361" lon="10.118923">
      <ele>304.86</ele>
      <time>2025-06-25T07:53:43Z</time>
    </rtept>
    <rtept lat="49.446931" lon="10.120919">
      <ele>303.42</ele>
      <time>2025-06-25T07:53:56Z</time>
    </rtept>
    <rtept lat="49.44618" lon="10.12285">
      <ele>311.59</ele>
      <time>2025-06-25T07:54:07Z</time>
    </rtept>
    <rtept lat="49.445408" lon="10.124481">
      <ele>312.55</ele>
      <time>2025-06-25T07:54:16Z</time>
    </rtept>
    <rtept lat="49.444764" lon="10.126069">
      <ele>324.57</ele>
      <time>2025-06-25T07:54:25Z</time>
    </rtept>
    <rtept lat="49.443734" lon="10.127699">
      <ele>324.09</ele>
      <time>2025-06-25T07:54:35Z</time>
    </rtept>
    <rtept lat="49.442618" lon="10.129459">
      <ele>320.72</ele>
      <time>2025-06-25T07:54:46Z</time>
    </rtept>
    <rtept lat="49.442168" lon="10.130167">
      <ele>316.4</ele>
      <time>2025-06-25T07:54:51Z</time>
    </rtept>
    <rtept lat="49.442103" lon="10.130339">
      <ele>315.44</ele>
      <time>2025-06-25T07:54:52Z</time>
    </rtept>
    <rtept lat="49.442061" lon="10.13051">
      <ele>313.51</ele>
      <time>2025-06-25T07:54:53Z</time>
    </rtept>
    <rtept lat="49.442018" lon="10.130746">
      <ele>312.07</ele>
      <time>2025-06-25T07:54:54Z</time>
    </rtept>
    <rtept lat="49.441996" lon="10.131025">
      <ele>311.59</ele>
      <time>2025-06-25T07:54:55Z</time>
    </rtept>
    <rtept lat="49.441975" lon="10.131261">
      <ele>309.67</ele>
      <time>2025-06-25T07:54:56Z</time>
    </rtept>
    <rtept lat="49.441889" lon="10.133536">
      <ele>306.78</ele>
      <time>2025-06-25T07:55:05Z</time>
    </rtept>
    <rtept lat="49.441653" lon="10.13566">
      <ele>318.32</ele>
      <time>2025-06-25T07:55:14Z</time>
    </rtept>
    <rtept lat="49.441438" lon="10.136261">
      <ele>318.32</ele>
      <time>2025-06-25T07:55:17Z</time>
    </rtept>
    <rtept lat="49.441352" lon="10.136433">
      <ele>316.4</ele>
      <time>2025-06-25T07:55:18Z</time>
    </rtept>
    <rtept lat="49.441267" lon="10.136583">
      <ele>317.84</ele>
      <time>2025-06-25T07:55:19Z</time>
    </rtept>
    <rtept lat="49.440816" lon="10.137141">
      <ele>312.55</ele>
      <time>2025-06-25T07:55:23Z</time>
    </rtept>
    <rtept lat="49.440666" lon="10.137227">
      <ele>313.03</ele>
      <time>2025-06-25T07:55:24Z</time>
    </rtept>
    <rtept lat="49.440537" lon="10.137313">
      <ele>312.55</ele>
      <time>2025-06-25T07:55:25Z</time>
    </rtept>
    <rtept lat="49.439765" lon="10.137763">
      <ele>308.23</ele>
      <time>2025-06-25T07:55:32Z</time>
    </rtept>
    <rtept lat="49.439207" lon="10.138149">
      <ele>310.15</ele>
      <time>2025-06-25T07:55:39Z</time>
    </rtept>
    <rtept lat="49.439164" lon="10.138235">
      <ele>311.11</ele>
      <time>2025-06-25T07:55:40Z</time>
    </rtept>
    <rtept lat="49.439121" lon="10.138321">
      <ele>310.63</ele>
      <time>2025-06-25T07:55:41Z</time>
    </rtept>
    <rtept lat="49.439056" lon="10.138428">
      <ele>311.11</ele>
      <time>2025-06-25T07:55:42Z</time>
    </rtept>
    <rtept lat="49.439014" lon="10.138514">
      <ele>311.59</ele>
      <time>2025-06-25T07:55:43Z</time>
    </rtept>
    <rtept lat="49.438971" lon="10.138621">
      <ele>312.07</ele>
      <time>2025-06-25T07:55:44Z</time>
    </rtept>
    <rtept lat="49.438949" lon="10.13875">
      <ele>313.03</ele>
      <time>2025-06-25T07:55:45Z</time>
    </rtept>
    <rtept lat="49.438799" lon="10.139094">
      <ele>318.32</ele>
      <time>2025-06-25T07:55:48Z</time>
    </rtept>
    <rtept lat="49.438778" lon="10.139115">
      <ele>318.32</ele>
      <time>2025-06-25T07:55:49Z</time>
    </rtept>
    <rtept lat="49.438649" lon="10.139158">
      <ele>314.47</ele>
      <time>2025-06-25T07:55:50Z</time>
    </rtept>
    <rtept lat="49.438542" lon="10.139179">
      <ele>312.55</ele>
      <time>2025-06-25T07:55:51Z</time>
    </rtept>
    <rtept lat="49.438434" lon="10.139201">
      <ele>311.11</ele>
      <time>2025-06-25T07:55:52Z</time>
    </rtept>
    <rtept lat="49.438069" lon="10.139201">
      <ele>313.03</ele>
      <time>2025-06-25T07:55:55Z</time>
    </rtept>
    <rtept lat="49.437962" lon="10.139222">
      <ele>312.55</ele>
      <time>2025-06-25T07:55:56Z</time>
    </rtept>
    <rtept lat="49.437855" lon="10.139244">
      <ele>313.99</ele>
      <time>2025-06-25T07:55:57Z</time>
    </rtept>
    <rtept lat="49.437748" lon="10.139265">
      <ele>315.44</ele>
      <time>2025-06-25T07:55:58Z</time>
    </rtept>
    <rtept lat="49.437662" lon="10.139308">
      <ele>318.8</ele>
      <time>2025-06-25T07:55:59Z</time>
    </rtept>
    <rtept lat="49.436739" lon="10.13993">
      <ele>323.61</ele>
      <time>2025-06-25T07:56:08Z</time>
    </rtept>
    <rtept lat="49.435709" lon="10.140553">
      <ele>324.09</ele>
      <time>2025-06-25T07:56:16Z</time>
    </rtept>
    <rtept lat="49.43558" lon="10.140703">
      <ele>323.61</ele>
      <time>2025-06-25T07:56:17Z</time>
    </rtept>
    <rtept lat="49.435409" lon="10.140875">
      <ele>322.65</ele>
      <time>2025-06-25T07:56:18Z</time>
    </rtept>
    <rtept lat="49.434229" lon="10.141969">
      <ele>323.13</ele>
      <time>2025-06-25T07:56:25Z</time>
    </rtept>
    <rtept lat="49.434035" lon="10.142033">
      <ele>323.61</ele>
      <time>2025-06-25T07:56:26Z</time>
    </rtept>
    <rtept lat="49.433821" lon="10.142076">
      <ele>324.09</ele>
      <time>2025-06-25T07:56:27Z</time>
    </rtept>
    <rtept lat="49.431975" lon="10.142527">
      <ele>318.8</ele>
      <time>2025-06-25T07:56:34Z</time>
    </rtept>
    <rtept lat="49.430044" lon="10.143106">
      <ele>318.8</ele>
      <time>2025-06-25T07:56:41Z</time>
    </rtept>
    <rtept lat="49.429143" lon="10.143428">
      <ele>319.28</ele>
      <time>2025-06-25T07:56:46Z</time>
    </rtept>
    <rtept lat="49.428971" lon="10.143557">
      <ele>318.32</ele>
      <time>2025-06-25T07:56:47Z</time>
    </rtept>
    <rtept lat="49.427791" lon="10.144394">
      <ele>317.84</ele>
      <time>2025-06-25T07:56:52Z</time>
    </rtept>
    <rtept lat="49.424873" lon="10.146496">
      <ele>325.53</ele>
      <time>2025-06-25T07:57:04Z</time>
    </rtept>
    <rtept lat="49.423435" lon="10.147698">
      <ele>323.61</ele>
      <time>2025-06-25T07:57:11Z</time>
    </rtept>
    <rtept lat="49.421976" lon="10.149737">
      <ele>321.2</ele>
      <time>2025-06-25T07:57:19Z</time>
    </rtept>
    <rtept lat="49.421418" lon="10.150659">
      <ele>323.13</ele>
      <time>2025-06-25T07:57:23Z</time>
    </rtept>
    <rtept lat="49.421032" lon="10.15096">
      <ele>322.17</ele>
      <time>2025-06-25T07:57:25Z</time>
    </rtept>
    <rtept lat="49.420839" lon="10.15111">
      <ele>323.61</ele>
      <time>2025-06-25T07:57:26Z</time>
    </rtept>
    <rtept lat="49.420667" lon="10.151239">
      <ele>324.09</ele>
      <time>2025-06-25T07:57:27Z</time>
    </rtept>
    <rtept lat="49.420431" lon="10.151281">
      <ele>323.61</ele>
      <time>2025-06-25T07:57:28Z</time>
    </rtept>
    <rtept lat="49.420217" lon="10.151346">
      <ele>320.24</ele>
      <time>2025-06-25T07:57:29Z</time>
    </rtept>
    <rtept lat="49.420024" lon="10.151346">
      <ele>317.84</ele>
      <time>2025-06-25T07:57:30Z</time>
    </rtept>
    <rtept lat="49.41983" lon="10.151324">
      <ele>316.88</ele>
      <time>2025-06-25T07:57:31Z</time>
    </rtept>
    <rtept lat="49.419659" lon="10.151281">
      <ele>315.92</ele>
      <time>2025-06-25T07:57:32Z</time>
    </rtept>
    <rtept lat="49.419466" lon="10.151239">
      <ele>315.92</ele>
      <time>2025-06-25T07:57:33Z</time>
    </rtept>
    <rtept lat="49.418328" lon="10.151024">
      <ele>318.32</ele>
      <time>2025-06-25T07:57:41Z</time>
    </rtept>
    <rtept lat="49.417148" lon="10.151196">
      <ele>319.76</ele>
      <time>2025-06-25T07:57:51Z</time>
    </rtept>
    <rtept lat="49.416032" lon="10.151711">
      <ele>325.53</ele>
      <time>2025-06-25T07:58:02Z</time>
    </rtept>
    <rtept lat="49.415711" lon="10.151818">
      <ele>322.65</ele>
      <time>2025-06-25T07:58:05Z</time>
    </rtept>
    <rtept lat="49.415582" lon="10.151882">
      <ele>320.24</ele>
      <time>2025-06-25T07:58:06Z</time>
    </rtept>
    <rtept lat="49.415496" lon="10.15199">
      <ele>318.32</ele>
      <time>2025-06-25T07:58:07Z</time>
    </rtept>
    <rtept lat="49.415389" lon="10.152118">
      <ele>317.84</ele>
      <time>2025-06-25T07:58:08Z</time>
    </rtept>
    <rtept lat="49.415281" lon="10.152226">
      <ele>317.84</ele>
      <time>2025-06-25T07:58:09Z</time>
    </rtept>
    <rtept lat="49.413951" lon="10.153878">
      <ele>320.24</ele>
      <time>2025-06-25T07:58:20Z</time>
    </rtept>
    <rtept lat="49.41335" lon="10.1545">
      <ele>321.68</ele>
      <time>2025-06-25T07:58:25Z</time>
    </rtept>
    <rtept lat="49.412492" lon="10.154951">
      <ele>324.57</ele>
      <time>2025-06-25T07:58:33Z</time>
    </rtept>
    <rtept lat="49.412385" lon="10.154929">
      <ele>324.09</ele>
      <time>2025-06-25T07:58:34Z</time>
    </rtept>
    <rtept lat="49.411097" lon="10.154736">
      <ele>321.68</ele>
      <time>2025-06-25T07:58:44Z</time>
    </rtept>
    <rtept lat="49.410711" lon="10.15465">
      <ele>319.76</ele>
      <time>2025-06-25T07:58:47Z</time>
    </rtept>
    <rtept lat="49.410604" lon="10.154564">
      <ele>320.24</ele>
      <time>2025-06-25T07:58:48Z</time>
    </rtept>
    <rtept lat="49.410475" lon="10.154457">
      <ele>320.72</ele>
      <time>2025-06-25T07:58:49Z</time>
    </rtept>
    <rtept lat="49.410346" lon="10.15435">
      <ele>320.72</ele>
      <time>2025-06-25T07:58:50Z</time>
    </rtept>
    <rtept lat="49.410217" lon="10.154243">
      <ele>321.68</ele>
      <time>2025-06-25T07:58:51Z</time>
    </rtept>
    <rtept lat="49.41011" lon="10.154114">
      <ele>323.13</ele>
      <time>2025-06-25T07:58:52Z</time>
    </rtept>
    <rtept lat="49.409252" lon="10.15347">
      <ele>327.45</ele>
      <time>2025-06-25T07:59:01Z</time>
    </rtept>
    <rtept lat="49.408651" lon="10.153363">
      <ele>328.89</ele>
      <time>2025-06-25T07:59:06Z</time>
    </rtept>
    <rtept lat="49.408544" lon="10.153406">
      <ele>329.37</ele>
      <time>2025-06-25T07:59:07Z</time>
    </rtept>
    <rtept lat="49.408436" lon="10.15347">
      <ele>329.86</ele>
      <time>2025-06-25T07:59:08Z</time>
    </rtept>
    <rtept lat="49.408308" lon="10.153535">
      <ele>329.86</ele>
      <time>2025-06-25T07:59:09Z</time>
    </rtept>
    <rtept lat="49.4082" lon="10.153599">
      <ele>329.37</ele>
      <time>2025-06-25T07:59:10Z</time>
    </rtept>
    <rtept lat="49.408093" lon="10.153685">
      <ele>329.37</ele>
      <time>2025-06-25T07:59:11Z</time>
    </rtept>
    <rtept lat="49.407986" lon="10.153792">
      <ele>329.37</ele>
      <time>2025-06-25T07:59:12Z</time>
    </rtept>
    <rtept lat="49.406505" lon="10.155101">
      <ele>330.82</ele>
      <time>2025-06-25T07:59:26Z</time>
    </rtept>
    <rtept lat="49.405175" lon="10.155873">
      <ele>331.78</ele>
      <time>2025-06-25T07:59:38Z</time>
    </rtept>
    <rtept lat="49.404102" lon="10.156925">
      <ele>328.41</ele>
      <time>2025-06-25T07:59:50Z</time>
    </rtept>
    <rtept lat="49.403244" lon="10.157418">
      <ele>325.53</ele>
      <time>2025-06-25T07:59:58Z</time>
    </rtept>
    <rtept lat="49.401956" lon="10.157547">
      <ele>325.05</ele>
      <time>2025-06-25T08:00:08Z</time>
    </rtept>
    <rtept lat="49.401076" lon="10.157976">
      <ele>329.37</ele>
      <time>2025-06-25T08:00:16Z</time>
    </rtept>
    <rtept lat="49.40084" lon="10.158105">
      <ele>329.37</ele>
      <time>2025-06-25T08:00:18Z</time>
    </rtept>
    <rtept lat="49.400733" lon="10.158148">
      <ele>329.37</ele>
      <time>2025-06-25T08:00:19Z</time>
    </rtept>
    <rtept lat="49.399918" lon="10.158577">
      <ele>326.49</ele>
      <time>2025-06-25T08:00:27Z</time>
    </rtept>
    <rtept lat="49.399832" lon="10.158663">
      <ele>327.45</ele>
      <time>2025-06-25T08:00:28Z</time>
    </rtept>
    <rtept lat="49.399746" lon="10.15877">
      <ele>327.45</ele>
      <time>2025-06-25T08:00:29Z</time>
    </rtept>
    <rtept lat="49.39966" lon="10.158877">
      <ele>327.93</ele>
      <time>2025-06-25T08:00:30Z</time>
    </rtept>
    <rtept lat="49.399596" lon="10.158985">
      <ele>326.49</ele>
      <time>2025-06-25T08:00:31Z</time>
    </rtept>
    <rtept lat="49.39951" lon="10.159135">
      <ele>326.49</ele>
      <time>2025-06-25T08:00:32Z</time>
    </rtept>
    <rtept lat="49.398952" lon="10.160744">
      <ele>337.55</ele>
      <time>2025-06-25T08:00:42Z</time>
    </rtept>
    <rtept lat="49.39848" lon="10.162525">
      <ele>338.03</ele>
      <time>2025-06-25T08:00:53Z</time>
    </rtept>
    <rtept lat="49.398223" lon="10.164821">
      <ele>341.39</ele>
      <time>2025-06-25T08:01:05Z</time>
    </rtept>
    <rtept lat="49.39775" lon="10.166216">
      <ele>340.91</ele>
      <time>2025-06-25T08:01:13Z</time>
    </rtept>
    <rtept lat="49.397429" lon="10.166645">
      <ele>339.47</ele>
      <time>2025-06-25T08:01:16Z</time>
    </rtept>
    <rtept lat="49.396313" lon="10.167503">
      <ele>331.3</ele>
      <time>2025-06-25T08:01:26Z</time>
    </rtept>
    <rtept lat="49.395197" lon="10.167782">
      <ele>332.26</ele>
      <time>2025-06-25T08:01:35Z</time>
    </rtept>
    <rtept lat="49.394618" lon="10.167718">
      <ele>329.37</ele>
      <time>2025-06-25T08:01:40Z</time>
    </rtept>
    <rtept lat="49.39451" lon="10.167675">
      <ele>329.86</ele>
      <time>2025-06-25T08:01:41Z</time>
    </rtept>
    <rtept lat="49.394382" lon="10.167611">
      <ele>330.34</ele>
      <time>2025-06-25T08:01:42Z</time>
    </rtept>
    <rtept lat="49.394253" lon="10.167546">
      <ele>330.82</ele>
      <time>2025-06-25T08:01:43Z</time>
    </rtept>
    <rtept lat="49.394146" lon="10.167461">
      <ele>330.34</ele>
      <time>2025-06-25T08:01:44Z</time>
    </rtept>
    <rtept lat="49.394017" lon="10.167396">
      <ele>330.34</ele>
      <time>2025-06-25T08:01:45Z</time>
    </rtept>
    <rtept lat="49.392729" lon="10.166431">
      <ele>332.26</ele>
      <time>2025-06-25T08:01:56Z</time>
    </rtept>
    <rtept lat="49.392279" lon="10.16613">
      <ele>334.66</ele>
      <time>2025-06-25T08:02:00Z</time>
    </rtept>
    <rtept lat="49.392193" lon="10.166066">
      <ele>334.18</ele>
      <time>2025-06-25T08:02:01Z</time>
    </rtept>
    <rtept lat="49.391764" lon="10.16598">
      <ele>334.18</ele>
      <time>2025-06-25T08:02:08Z</time>
    </rtept>
    <rtept lat="49.391227" lon="10.16613">
      <ele>335.62</ele>
      <time>2025-06-25T08:02:18Z</time>
    </rtept>
    <rtept lat="49.391163" lon="10.166195">
      <ele>335.62</ele>
      <time>2025-06-25T08:02:19Z</time>
    </rtept>
    <rtept lat="49.390927" lon="10.166366">
      <ele>332.74</ele>
      <time>2025-06-25T08:02:22Z</time>
    </rtept>
    <rtept lat="49.390777" lon="10.166409">
      <ele>332.26</ele>
      <time>2025-06-25T08:02:23Z</time>
    </rtept>
    <rtept lat="49.390605" lon="10.166474">
      <ele>334.18</ele>
      <time>2025-06-25T08:02:24Z</time>
    </rtept>
    <rtept lat="49.390433" lon="10.166559">
      <ele>335.62</ele>
      <time>2025-06-25T08:02:25Z</time>
    </rtept>
    <rtept lat="49.390197" lon="10.166645">
      <ele>338.99</ele>
      <time>2025-06-25T08:02:26Z</time>
    </rtept>
    <rtept lat="49.389983" lon="10.166774">
      <ele>338.99</ele>
      <time>2025-06-25T08:02:27Z</time>
    </rtept>
    <rtept lat="49.388545" lon="10.167611">
      <ele>340.91</ele>
      <time>2025-06-25T08:02:34Z</time>
    </rtept>
    <rtept lat="49.387773" lon="10.168276">
      <ele>347.64</ele>
      <time>2025-06-25T08:02:41Z</time>
    </rtept>
    <rtept lat="49.387708" lon="10.168405">
      <ele>347.64</ele>
      <time>2025-06-25T08:02:42Z</time>
    </rtept>
    <rtept lat="49.387622" lon="10.168555">
      <ele>348.12</ele>
      <time>2025-06-25T08:02:43Z</time>
    </rtept>
    <rtept lat="49.38758" lon="10.168705">
      <ele>349.56</ele>
      <time>2025-06-25T08:02:44Z</time>
    </rtept>
    <rtept lat="49.387515" lon="10.168877">
      <ele>351.97</ele>
      <time>2025-06-25T08:02:45Z</time>
    </rtept>
    <rtept lat="49.387344" lon="10.169134">
      <ele>356.29</ele>
      <time>2025-06-25T08:02:47Z</time>
    </rtept>
    <rtept lat="49.387258" lon="10.169263">
      <ele>356.77</ele>
      <time>2025-06-25T08:02:48Z</time>
    </rtept>
    <rtept lat="49.387172" lon="10.169327">
      <ele>355.33</ele>
      <time>2025-06-25T08:02:49Z</time>
    </rtept>
    <rtept lat="49.387065" lon="10.169392">
      <ele>355.81</ele>
      <time>2025-06-25T08:02:50Z</time>
    </rtept>
    <rtept lat="49.386979" lon="10.169413">
      <ele>355.81</ele>
      <time>2025-06-25T08:02:51Z</time>
    </rtept>
    <rtept lat="49.386871" lon="10.169413">
      <ele>356.29</ele>
      <time>2025-06-25T08:02:52Z</time>
    </rtept>
    <rtept lat="49.386764" lon="10.169435">
      <ele>356.29</ele>
      <time>2025-06-25T08:02:53Z</time>
    </rtept>
    <rtept lat="49.386528" lon="10.16937">
      <ele>358.69</ele>
      <time>2025-06-25T08:02:55Z</time>
    </rtept>
    <rtept lat="49.386421" lon="10.169327">
      <ele>359.66</ele>
      <time>2025-06-25T08:02:56Z</time>
    </rtept>
    <rtept lat="49.386314" lon="10.169306">
      <ele>360.62</ele>
      <time>2025-06-25T08:02:57Z</time>
    </rtept>
    <rtept lat="49.386185" lon="10.169263">
      <ele>361.1</ele>
      <time>2025-06-25T08:02:58Z</time>
    </rtept>
    <rtept lat="49.386078" lon="10.169199">
      <ele>362.54</ele>
      <time>2025-06-25T08:02:59Z</time>
    </rtept>
    <rtept lat="49.385992" lon="10.169156">
      <ele>363.98</ele>
      <time>2025-06-25T08:03:00Z</time>
    </rtept>
    <rtept lat="49.385863" lon="10.169156">
      <ele>365.42</ele>
      <time>2025-06-25T08:03:01Z</time>
    </rtept>
    <rtept lat="49.385756" lon="10.169199">
      <ele>365.42</ele>
      <time>2025-06-25T08:03:02Z</time>
    </rtept>
    <rtept lat="49.38567" lon="10.169284">
      <ele>364.94</ele>
      <time>2025-06-25T08:03:03Z</time>
    </rtept>
    <rtept lat="49.385584" lon="10.16937">
      <ele>363.02</ele>
      <time>2025-06-25T08:03:04Z</time>
    </rtept>
    <rtept lat="49.385498" lon="10.16952">
      <ele>362.54</ele>
      <time>2025-06-25T08:03:05Z</time>
    </rtept>
    <rtept lat="49.385455" lon="10.169649">
      <ele>363.02</ele>
      <time>2025-06-25T08:03:06Z</time>
    </rtept>
    <rtept lat="49.385455" lon="10.169821">
      <ele>363.5</ele>
      <time>2025-06-25T08:03:07Z</time>
    </rtept>
    <rtept lat="49.385477" lon="10.169993">
      <ele>363.5</ele>
      <time>2025-06-25T08:03:08Z</time>
    </rtept>
    <rtept lat="49.385541" lon="10.170164">
      <ele>363.98</ele>
      <time>2025-06-25T08:03:09Z</time>
    </rtept>
    <rtept lat="49.385648" lon="10.170336">
      <ele>364.46</ele>
      <time>2025-06-25T08:03:10Z</time>
    </rtept>
    <rtept lat="49.385777" lon="10.170422">
      <ele>364.46</ele>
      <time>2025-06-25T08:03:11Z</time>
    </rtept>
    <rtept lat="49.385927" lon="10.170508">
      <ele>365.9</ele>
      <time>2025-06-25T08:03:12Z</time>
    </rtept>
    <rtept lat="49.386142" lon="10.17055">
      <ele>366.87</ele>
      <time>2025-06-25T08:03:13Z</time>
    </rtept>
    <rtept lat="49.386314" lon="10.170593">
      <ele>367.83</ele>
      <time>2025-06-25T08:03:14Z</time>
    </rtept>
    <rtept lat="49.386936" lon="10.170786">
      <ele>374.08</ele>
      <time>2025-06-25T08:03:18Z</time>
    </rtept>
    <rtept lat="49.387065" lon="10.170872">
      <ele>376.48</ele>
      <time>2025-06-25T08:03:19Z</time>
    </rtept>
    <rtept lat="49.387129" lon="10.171001">
      <ele>377.44</ele>
      <time>2025-06-25T08:03:20Z</time>
    </rtept>
    <rtept lat="49.387193" lon="10.171173">
      <ele>378.4</ele>
      <time>2025-06-25T08:03:21Z</time>
    </rtept>
    <rtept lat="49.387215" lon="10.171323">
      <ele>379.84</ele>
      <time>2025-06-25T08:03:22Z</time>
    </rtept>
    <rtept lat="49.387236" lon="10.171452">
      <ele>381.77</ele>
      <time>2025-06-25T08:03:23Z</time>
    </rtept>
    <rtept lat="49.387193" lon="10.171709">
      <ele>381.29</ele>
      <time>2025-06-25T08:03:24Z</time>
    </rtept>
    <rtept lat="49.387107" lon="10.171924">
      <ele>378.88</ele>
      <time>2025-06-25T08:03:25Z</time>
    </rtept>
    <rtept lat="49.386979" lon="10.172074">
      <ele>372.63</ele>
      <time>2025-06-25T08:03:26Z</time>
    </rtept>
    <rtept lat="49.386829" lon="10.172181">
      <ele>371.19</ele>
      <time>2025-06-25T08:03:27Z</time>
    </rtept>
    <rtept lat="49.3867" lon="10.17216">
      <ele>374.56</ele>
      <time>2025-06-25T08:03:28Z</time>
    </rtept>
    <rtept lat="49.386571" lon="10.172117">
      <ele>375.52</ele>
      <time>2025-06-25T08:03:29Z</time>
    </rtept>
    <rtept lat="49.386421" lon="10.171967">
      <ele>375.52</ele>
      <time>2025-06-25T08:03:30Z</time>
    </rtept>
    <rtept lat="49.386249" lon="10.171795">
      <ele>375.52</ele>
      <time>2025-06-25T08:03:31Z</time>
    </rtept>
    <rtept lat="49.386056" lon="10.171623">
      <ele>378.4</ele>
      <time>2025-06-25T08:03:32Z</time>
    </rtept>
    <rtept lat="49.385734" lon="10.171366">
      <ele>382.25</ele>
      <time>2025-06-25T08:03:34Z</time>
    </rtept>
    <rtept lat="49.385541" lon="10.171259">
      <ele>384.17</ele>
      <time>2025-06-25T08:03:35Z</time>
    </rtept>
    <rtept lat="49.385369" lon="10.171151">
      <ele>385.13</ele>
      <time>2025-06-25T08:03:36Z</time>
    </rtept>
    <rtept lat="49.385219" lon="10.17113">
      <ele>388.01</ele>
      <time>2025-06-25T08:03:37Z</time>
    </rtept>
    <rtept lat="49.385112" lon="10.17113">
      <ele>389.46</ele>
      <time>2025-06-25T08:03:38Z</time>
    </rtept>
    <rtept lat="49.38494" lon="10.171237">
      <ele>394.74</ele>
      <time>2025-06-25T08:03:39Z</time>
    </rtept>
    <rtept lat="49.384812" lon="10.171344">
      <ele>396.67</ele>
      <time>2025-06-25T08:03:40Z</time>
    </rtept>
    <rtept lat="49.384683" lon="10.171516">
      <ele>396.67</ele>
      <time>2025-06-25T08:03:41Z</time>
    </rtept>
    <rtept lat="49.384554" lon="10.171709">
      <ele>397.15</ele>
      <time>2025-06-25T08:03:42Z</time>
    </rtept>
    <rtept lat="49.384404" lon="10.171924">
      <ele>398.11</ele>
      <time>2025-06-25T08:03:43Z</time>
    </rtept>
    <rtept lat="49.383116" lon="10.17334">
      <ele>407.72</ele>
      <time>2025-06-25T08:03:51Z</time>
    </rtept>
    <rtept lat="49.382709" lon="10.173748">
      <ele>407.72</ele>
      <time>2025-06-25T08:03:55Z</time>
    </rtept>
    <rtept lat="49.382644" lon="10.173855">
      <ele>406.76</ele>
      <time>2025-06-25T08:03:56Z</time>
    </rtept>
    <rtept lat="49.382601" lon="10.174005">
      <ele>404.84</ele>
      <time>2025-06-25T08:03:57Z</time>
    </rtept>
    <rtept lat="49.382558" lon="10.174155">
      <ele>404.36</ele>
      <time>2025-06-25T08:03:58Z</time>
    </rtept>
    <rtept lat="49.382537" lon="10.174284">
      <ele>403.88</ele>
      <time>2025-06-25T08:03:59Z</time>
    </rtept>
    <rtept lat="49.382537" lon="10.174456">
      <ele>405.32</ele>
      <time>2025-06-25T08:04:00Z</time>
    </rtept>
    <rtept lat="49.382537" lon="10.174627">
      <ele>408.2</ele>
      <time>2025-06-25T08:04:01Z</time>
    </rtept>
    <rtept lat="49.382494" lon="10.175207">
      <ele>412.05</ele>
      <time>2025-06-25T08:04:05Z</time>
    </rtept>
    <rtept lat="49.382473" lon="10.175336">
      <ele>413.01</ele>
      <time>2025-06-25T08:04:06Z</time>
    </rtept>
    <rtept lat="49.382451" lon="10.175486">
      <ele>414.45</ele>
      <time>2025-06-25T08:04:07Z</time>
    </rtept>
    <rtept lat="49.382387" lon="10.175572">
      <ele>415.41</ele>
      <time>2025-06-25T08:04:08Z</time>
    </rtept>
    <rtept lat="49.382322" lon="10.175657">
      <ele>415.89</ele>
      <time>2025-06-25T08:04:09Z</time>
    </rtept>
    <rtept lat="49.382258" lon="10.175743">
      <ele>418.78</ele>
      <time>2025-06-25T08:04:10Z</time>
    </rtept>
    <rtept lat="49.382151" lon="10.175765">
      <ele>419.74</ele>
      <time>2025-06-25T08:04:11Z</time>
    </rtept>
    <rtept lat="49.382065" lon="10.175765">
      <ele>420.22</ele>
      <time>2025-06-25T08:04:12Z</time>
    </rtept>
    <rtept lat="49.382001" lon="10.175765">
      <ele>419.74</ele>
      <time>2025-06-25T08:04:13Z</time>
    </rtept>
    <rtept lat="49.381915" lon="10.175786">
      <ele>418.3</ele>
      <time>2025-06-25T08:04:14Z</time>
    </rtept>
    <rtept lat="49.381679" lon="10.175829">
      <ele>416.37</ele>
      <time>2025-06-25T08:04:17Z</time>
    </rtept>
    <rtept lat="49.381593" lon="10.175851">
      <ele>417.33</ele>
      <time>2025-06-25T08:04:18Z</time>
    </rtept>
    <rtept lat="49.381035" lon="10.176065">
      <ele>419.26</ele>
      <time>2025-06-25T08:04:24Z</time>
    </rtept>
    <rtept lat="49.380971" lon="10.176129">
      <ele>420.22</ele>
      <time>2025-06-25T08:04:25Z</time>
    </rtept>
    <rtept lat="49.380906" lon="10.176237">
      <ele>419.74</ele>
      <time>2025-06-25T08:04:26Z</time>
    </rtept>
    <rtept lat="49.380863" lon="10.176301">
      <ele>418.78</ele>
      <time>2025-06-25T08:04:27Z</time>
    </rtept>
    <rtept lat="49.38082" lon="10.17643">
      <ele>420.22</ele>
      <time>2025-06-25T08:04:28Z</time>
    </rtept>
    <rtept lat="49.380777" lon="10.176537">
      <ele>420.7</ele>
      <time>2025-06-25T08:04:29Z</time>
    </rtept>
    <rtept lat="49.38052" lon="10.177996">
      <ele>428.87</ele>
      <time>2025-06-25T08:04:40Z</time>
    </rtept>
    <rtept lat="49.380563" lon="10.17967">
      <ele>434.16</ele>
      <time>2025-06-25T08:04:52Z</time>
    </rtept>
    <rtept lat="49.380606" lon="10.180421">
      <ele>434.64</ele>
      <time>2025-06-25T08:04:57Z</time>
    </rtept>
    <rtept lat="49.380627" lon="10.18055">
      <ele>434.64</ele>
      <time>2025-06-25T08:04:58Z</time>
    </rtept>
    <rtept lat="49.380649" lon="10.18085">
      <ele>437.04</ele>
      <time>2025-06-25T08:05:00Z</time>
    </rtept>
    <rtept lat="49.380928" lon="10.182996">
      <ele>439.93</ele>
      <time>2025-06-25T08:05:15Z</time>
    </rtept>
    <rtept lat="49.380992" lon="10.183575">
      <ele>442.33</ele>
      <time>2025-06-25T08:05:19Z</time>
    </rtept>
    <rtept lat="49.380992" lon="10.183704">
      <ele>441.85</ele>
      <time>2025-06-25T08:05:20Z</time>
    </rtept>
    <rtept lat="49.380971" lon="10.183811">
      <ele>442.33</ele>
      <time>2025-06-25T08:05:21Z</time>
    </rtept>
    <rtept lat="49.380928" lon="10.183897">
      <ele>441.85</ele>
      <time>2025-06-25T08:05:22Z</time>
    </rtept>
    <rtept lat="49.380842" lon="10.183962">
      <ele>440.41</ele>
      <time>2025-06-25T08:05:23Z</time>
    </rtept>
    <rtept lat="49.380756" lon="10.184026">
      <ele>440.89</ele>
      <time>2025-06-25T08:05:24Z</time>
    </rtept>
    <rtept lat="49.38067" lon="10.18409">
      <ele>440.41</ele>
      <time>2025-06-25T08:05:25Z</time>
    </rtept>
    <rtept lat="49.380563" lon="10.184155">
      <ele>440.89</ele>
      <time>2025-06-25T08:05:26Z</time>
    </rtept>
    <rtept lat="49.37979" lon="10.184541">
      <ele>444.73</ele>
      <time>2025-06-25T08:05:37Z</time>
    </rtept>
    <rtept lat="49.379769" lon="10.18467">
      <ele>441.85</ele>
      <time>2025-06-25T08:05:39Z</time>
    </rtept>
    <rtept lat="49.37979" lon="10.184777">
      <ele>439.93</ele>
      <time>2025-06-25T08:05:40Z</time>
    </rtept>
    <rtept lat="49.380091" lon="10.186086">
      <ele>447.62</ele>
      <time>2025-06-25T08:05:52Z</time>
    </rtept>
    <rtept lat="49.380155" lon="10.186365">
      <ele>445.69</ele>
      <time>2025-06-25T08:06:00Z</time>
    </rtept>
    <rtept lat="49.380155" lon="10.186386">
      <ele>448.1</ele>
      <time>2025-06-25T08:06:24Z</time>
    </rtept>
    <rtept lat="49.380241" lon="10.186772">
      <ele>446.17</ele>
      <time>2025-06-25T08:06:32Z</time>
    </rtept>
    <rtept lat="49.380262" lon="10.186837">
      <ele>446.65</ele>
      <time>2025-06-25T08:06:33Z</time>
    </rtept>
    <rtept lat="49.380584" lon="10.188103">
      <ele>445.69</ele>
      <time>2025-06-25T08:06:44Z</time>
    </rtept>
    <rtept lat="49.380777" lon="10.188789">
      <ele>448.1</ele>
      <time>2025-06-25T08:06:54Z</time>
    </rtept>
    <rtept lat="49.38082" lon="10.18894">
      <ele>445.21</ele>
      <time>2025-06-25T08:06:57Z</time>
    </rtept>
    <rtept lat="49.38082" lon="10.189004">
      <ele>444.73</ele>
      <time>2025-06-25T08:06:58Z</time>
    </rtept>
    <rtept lat="49.380842" lon="10.189047">
      <ele>445.21</ele>
      <time>2025-06-25T08:06:59Z</time>
    </rtept>
    <rtept lat="49.380863" lon="10.18909">
      <ele>445.69</ele>
      <time>2025-06-25T08:07:00Z</time>
    </rtept>
    <rtept lat="49.380863" lon="10.189111">
      <ele>445.21</ele>
      <time>2025-06-25T08:07:01Z</time>
    </rtept>
    <rtept lat="49.380863" lon="10.189111">
      <ele>444.73</ele>
      <time>2025-06-25T08:07:02Z</time>
    </rtept>
    <rtept lat="49.380863" lon="10.189111">
      <ele>444.73</ele>
      <time>2025-06-25T08:07:16Z</time>
    </rtept>
    <rtept lat="49.38082" lon="10.188961">
      <ele>443.77</ele>
      <time>2025-06-25T08:07:17Z</time>
    </rtept>
    <rtept lat="49.380885" lon="10.18894">
      <ele>443.29</ele>
      <time>2025-06-25T08:07:18Z</time>
    </rtept>
    <rtept lat="49.380885" lon="10.188918">
      <ele>443.29</ele>
      <time>2025-06-25T08:07:19Z</time>
    </rtept>
    <rtept lat="49.380799" lon="10.188875">
      <ele>443.29</ele>
      <time>2025-06-25T08:07:20Z</time>
    </rtept>
    <rtept lat="49.380777" lon="10.188789">
      <ele>443.77</ele>
      <time>2025-06-25T08:07:21Z</time>
    </rtept>
    <rtept lat="49.380477" lon="10.187652">
      <ele>449.06</ele>
      <time>2025-06-25T08:07:30Z</time>
    </rtept>
    <rtept lat="49.380305" lon="10.187008">
      <ele>449.06</ele>
      <time>2025-06-25T08:07:38Z</time>
    </rtept>
    <rtept lat="49.380262" lon="10.186858">
      <ele>445.69</ele>
      <time>2025-06-25T08:07:56Z</time>
    </rtept>
    <rtept lat="49.380262" lon="10.186837">
      <ele>445.21</ele>
      <time>2025-06-25T08:08:06Z</time>
    </rtept>
    <rtept lat="49.38022" lon="10.186708">
      <ele>442.81</ele>
      <time>2025-06-25T08:08:14Z</time>
    </rtept>
    <rtept lat="49.380198" lon="10.186622">
      <ele>442.81</ele>
      <time>2025-06-25T08:08:15Z</time>
    </rtept>
    <rtept lat="49.380155" lon="10.186665">
      <ele>442.81</ele>
      <time>2025-06-25T08:08:16Z</time>
    </rtept>
    <rtept lat="49.380091" lon="10.18673">
      <ele>442.33</ele>
      <time>2025-06-25T08:08:17Z</time>
    </rtept>
    <rtept lat="49.380026" lon="10.186794">
      <ele>441.85</ele>
      <time>2025-06-25T08:08:18Z</time>
    </rtept>
    <rtept lat="49.379168" lon="10.187245">
      <ele>440.41</ele>
      <time>2025-06-25T08:08:27Z</time>
    </rtept>
    <rtept lat="49.379104" lon="10.187309">
      <ele>439.44</ele>
      <time>2025-06-25T08:08:28Z</time>
    </rtept>
    <rtept lat="49.378954" lon="10.187438">
      <ele>439.93</ele>
      <time>2025-06-25T08:08:31Z</time>
    </rtept>
    <rtept lat="49.378911" lon="10.187481">
      <ele>439.93</ele>
      <time>2025-06-25T08:08:32Z</time>
    </rtept>
    <rtept lat="49.378911" lon="10.187481">
      <ele>439.44</ele>
      <time>2025-06-25T08:08:33Z</time>
    </rtept>
    <rtept lat="49.378889" lon="10.187523">
      <ele>439.44</ele>
      <time>2025-06-25T08:08:34Z</time>
    </rtept>
    <rtept lat="49.378846" lon="10.187545">
      <ele>439.93</ele>
      <time>2025-06-25T08:08:35Z</time>
    </rtept>
    <rtept lat="49.378825" lon="10.187588">
      <ele>439.93</ele>
      <time>2025-06-25T08:08:36Z</time>
    </rtept>
    <rtept lat="49.378803" lon="10.187631">
      <ele>439.93</ele>
      <time>2025-06-25T08:08:37Z</time>
    </rtept>
    <rtept lat="49.37861" lon="10.187845">
      <ele>442.33</ele>
      <time>2025-06-25T08:08:47Z</time>
    </rtept>
    <rtept lat="49.37861" lon="10.187845">
      <ele>442.33</ele>
      <time>2025-06-25T08:09:01Z</time>
    </rtept>
    <rtept lat="49.37861" lon="10.187845">
      <ele>442.33</ele>
      <time>2025-06-25T08:09:29Z</time>
    </rtept>
    <rtept lat="49.378567" lon="10.187674">
      <ele>441.85</ele>
      <time>2025-06-25T08:16:04Z</time>
    </rtept>
    <rtept lat="49.378567" lon="10.187717">
      <ele>447.62</ele>
      <time>2025-06-25T08:16:19Z</time>
    </rtept>
    <rtept lat="49.37861" lon="10.187738">
      <ele>444.25</ele>
      <time>2025-06-25T08:16:45Z</time>
    </rtept>
    <rtept lat="49.37861" lon="10.187738">
      <ele>444.25</ele>
      <time>2025-06-25T08:16:51Z</time>
    </rtept>
    <rtept lat="49.37861" lon="10.187845">
      <ele>440.89</ele>
      <time>2025-06-25T08:16:55Z</time>
    </rtept>
    <rtept lat="49.37861" lon="10.187845">
      <ele>438.48</ele>
      <time>2025-06-25T08:16:56Z</time>
    </rtept>
    <rtept lat="49.378567" lon="10.18791">
      <ele>436.08</ele>
      <time>2025-06-25T08:16:57Z</time>
    </rtept>
    <rtept lat="49.378503" lon="10.187996">
      <ele>434.64</ele>
      <time>2025-06-25T08:16:58Z</time>
    </rtept>
    <rtept lat="49.378439" lon="10.188081">
      <ele>432.72</ele>
      <time>2025-06-25T08:16:59Z</time>
    </rtept>
    <rtept lat="49.378095" lon="10.188618">
      <ele>429.35</ele>
      <time>2025-06-25T08:17:05Z</time>
    </rtept>
    <rtept lat="49.378074" lon="10.188661">
      <ele>429.35</ele>
      <time>2025-06-25T08:17:06Z</time>
    </rtept>
    <rtept lat="49.378052" lon="10.188704">
      <ele>429.35</ele>
      <time>2025-06-25T08:17:07Z</time>
    </rtept>
    <rtept lat="49.378031" lon="10.188725">
      <ele>430.31</ele>
      <time>2025-06-25T08:17:08Z</time>
    </rtept>
    <rtept lat="49.378009" lon="10.188747">
      <ele>431.75</ele>
      <time>2025-06-25T08:17:09Z</time>
    </rtept>
    <rtept lat="49.378009" lon="10.188747">
      <ele>431.75</ele>
      <time>2025-06-25T08:17:21Z</time>
    </rtept>
    <rtept lat="49.377838" lon="10.189047">
      <ele>433.2</ele>
      <time>2025-06-25T08:17:32Z</time>
    </rtept>
    <rtept lat="49.377108" lon="10.190163">
      <ele>436.56</ele>
      <time>2025-06-25T08:17:42Z</time>
    </rtept>
    <rtept lat="49.376958" lon="10.19042">
      <ele>436.08</ele>
      <time>2025-06-25T08:17:45Z</time>
    </rtept>
    <rtept lat="49.376958" lon="10.19042">
      <ele>435.6</ele>
      <time>2025-06-25T08:17:46Z</time>
    </rtept>
    <rtept lat="49.376894" lon="10.190334">
      <ele>437.04</ele>
      <time>2025-06-25T08:17:47Z</time>
    </rtept>
    <rtept lat="49.376829" lon="10.190249">
      <ele>437.04</ele>
      <time>2025-06-25T08:17:48Z</time>
    </rtept>
    <rtept lat="49.376765" lon="10.190163">
      <ele>439.44</ele>
      <time>2025-06-25T08:17:49Z</time>
    </rtept>
    <rtept lat="49.376679" lon="10.190055">
      <ele>438.96</ele>
      <time>2025-06-25T08:17:50Z</time>
    </rtept>
    <rtept lat="49.375821" lon="10.188983">
      <ele>429.83</ele>
      <time>2025-06-25T08:18:03Z</time>
    </rtept>
    <rtept lat="49.375778" lon="10.188961">
      <ele>426.47</ele>
      <time>2025-06-25T08:18:04Z</time>
    </rtept>
    <rtept lat="49.375735" lon="10.188983">
      <ele>426.47</ele>
      <time>2025-06-25T08:18:05Z</time>
    </rtept>
    <rtept lat="49.375671" lon="10.189026">
      <ele>426.47</ele>
      <time>2025-06-25T08:18:06Z</time>
    </rtept>
    <rtept lat="49.375628" lon="10.189111">
      <ele>427.43</ele>
      <time>2025-06-25T08:18:07Z</time>
    </rtept>
    <rtept lat="49.375585" lon="10.189197">
      <ele>427.43</ele>
      <time>2025-06-25T08:18:08Z</time>
    </rtept>
    <rtept lat="49.375542" lon="10.189283">
      <ele>428.39</ele>
      <time>2025-06-25T08:18:09Z</time>
    </rtept>
    <rtept lat="49.375542" lon="10.189412">
      <ele>426.95</ele>
      <time>2025-06-25T08:18:10Z</time>
    </rtept>
    <rtept lat="49.37552" lon="10.189519">
      <ele>425.51</ele>
      <time>2025-06-25T08:18:11Z</time>
    </rtept>
    <rtept lat="49.37552" lon="10.189648">
      <ele>426.47</ele>
      <time>2025-06-25T08:18:12Z</time>
    </rtept>
    <rtept lat="49.37552" lon="10.189777">
      <ele>427.43</ele>
      <time>2025-06-25T08:18:13Z</time>
    </rtept>
    <rtept lat="49.375477" lon="10.190463">
      <ele>430.31</ele>
      <time>2025-06-25T08:18:19Z</time>
    </rtept>
    <rtept lat="49.375477" lon="10.190549">
      <ele>430.31</ele>
      <time>2025-06-25T08:18:20Z</time>
    </rtept>
    <rtept lat="49.375434" lon="10.190935">
      <ele>427.91</ele>
      <time>2025-06-25T08:18:29Z</time>
    </rtept>
    <rtept lat="49.375434" lon="10.190935">
      <ele>427.91</ele>
      <time>2025-06-25T08:18:52Z</time>
    </rtept>
    <rtept lat="49.375434" lon="10.190935">
      <ele>427.43</ele>
      <time>2025-06-25T08:19:19Z</time>
    </rtept>
    <rtept lat="49.37537" lon="10.191193">
      <ele>427.91</ele>
      <time>2025-06-25T08:19:36Z</time>
    </rtept>
    <rtept lat="49.375327" lon="10.192309">
      <ele>428.87</ele>
      <time>2025-06-25T08:19:44Z</time>
    </rtept>
    <rtept lat="49.375692" lon="10.193639">
      <ele>430.31</ele>
      <time>2025-06-25T08:19:54Z</time>
    </rtept>
    <rtept lat="49.375971" lon="10.19424">
      <ele>430.31</ele>
      <time>2025-06-25T08:20:02Z</time>
    </rtept>
    <rtept lat="49.376293" lon="10.195098">
      <ele>431.75</ele>
      <time>2025-06-25T08:20:10Z</time>
    </rtept>
    <rtept lat="49.376443" lon="10.195699">
      <ele>425.51</ele>
      <time>2025-06-25T08:20:15Z</time>
    </rtept>
    <rtept lat="49.376464" lon="10.19557">
      <ele>424.06</ele>
      <time>2025-06-25T08:20:16Z</time>
    </rtept>
    <rtept lat="49.376507" lon="10.19557">
      <ele>424.54</ele>
      <time>2025-06-25T08:20:17Z</time>
    </rtept>
    <rtept lat="49.37655" lon="10.195549">
      <ele>424.06</ele>
      <time>2025-06-25T08:20:18Z</time>
    </rtept>
    <rtept lat="49.376422" lon="10.195613">
      <ele>423.1</ele>
      <time>2025-06-25T08:20:19Z</time>
    </rtept>
    <rtept lat="49.376422" lon="10.195613">
      <ele>421.66</ele>
      <time>2025-06-25T08:20:20Z</time>
    </rtept>
    <rtept lat="49.3764" lon="10.195527">
      <ele>423.58</ele>
      <time>2025-06-25T08:20:28Z</time>
    </rtept>
    <rtept lat="49.3764" lon="10.195506">
      <ele>423.1</ele>
      <time>2025-06-25T08:20:29Z</time>
    </rtept>
    <rtept lat="49.376379" lon="10.195463">
      <ele>421.66</ele>
      <time>2025-06-25T08:20:30Z</time>
    </rtept>
    <rtept lat="49.376379" lon="10.195398">
      <ele>422.14</ele>
      <time>2025-06-25T08:20:31Z</time>
    </rtept>
    <rtept lat="49.376336" lon="10.195291">
      <ele>422.14</ele>
      <time>2025-06-25T08:20:32Z</time>
    </rtept>
    <rtept lat="49.375907" lon="10.194111">
      <ele>422.14</ele>
      <time>2025-06-25T08:20:42Z</time>
    </rtept>
    <rtept lat="49.375628" lon="10.193489">
      <ele>431.75</ele>
      <time>2025-06-25T08:20:48Z</time>
    </rtept>
    <rtept lat="49.375606" lon="10.193403">
      <ele>432.72</ele>
      <time>2025-06-25T08:20:49Z</time>
    </rtept>
    <rtept lat="49.375606" lon="10.193403">
      <ele>429.35</ele>
      <time>2025-06-25T08:20:50Z</time>
    </rtept>
    <rtept lat="49.375735" lon="10.193467">
      <ele>424.06</ele>
      <time>2025-06-25T08:20:51Z</time>
    </rtept>
    <rtept lat="49.375778" lon="10.193446">
      <ele>425.99</ele>
      <time>2025-06-25T08:20:52Z</time>
    </rtept>
    <rtept lat="49.375821" lon="10.193424">
      <ele>428.87</ele>
      <time>2025-06-25T08:20:53Z</time>
    </rtept>
    <rtept lat="49.375821" lon="10.193424">
      <ele>430.31</ele>
      <time>2025-06-25T08:20:54Z</time>
    </rtept>
    <rtept lat="49.375864" lon="10.193403">
      <ele>431.27</ele>
      <time>2025-06-25T08:20:55Z</time>
    </rtept>
    <rtept lat="49.375907" lon="10.193381">
      <ele>431.75</ele>
      <time>2025-06-25T08:20:56Z</time>
    </rtept>
    <rtept lat="49.375971" lon="10.193339">
      <ele>436.56</ele>
      <time>2025-06-25T08:20:57Z</time>
    </rtept>
    <rtept lat="49.375971" lon="10.193339">
      <ele>433.68</ele>
      <time>2025-06-25T08:20:58Z</time>
    </rtept>
    <rtept lat="49.375971" lon="10.193339">
      <ele>432.72</ele>
      <time>2025-06-25T08:20:59Z</time>
    </rtept>
    <rtept lat="49.376014" lon="10.19351">
      <ele>432.72</ele>
      <time>2025-06-25T08:21:07Z</time>
    </rtept>
    <rtept lat="49.375971" lon="10.193489">
      <ele>430.31</ele>
      <time>2025-06-25T08:21:21Z</time>
    </rtept>
    <rtept lat="49.375971" lon="10.193489">
      <ele>430.79</ele>
      <time>2025-06-25T08:21:50Z</time>
    </rtept>
    <rtept lat="49.375971" lon="10.193489">
      <ele>431.75</ele>
      <time>2025-06-25T08:22:21Z</time>
    </rtept>
    <rtept lat="49.375971" lon="10.193489">
      <ele>431.27</ele>
      <time>2025-06-25T08:47:06Z</time>
    </rtept>
    <rtept lat="49.375864" lon="10.193424">
      <ele>440.89</ele>
      <time>2025-06-25T08:47:32Z</time>
    </rtept>
    <rtept lat="49.375821" lon="10.193424">
      <ele>435.6</ele>
      <time>2025-06-25T08:47:37Z</time>
    </rtept>
    <rtept lat="49.375821" lon="10.193424">
      <ele>434.16</ele>
      <time>2025-06-25T08:47:38Z</time>
    </rtept>
    <rtept lat="49.375821" lon="10.193424">
      <ele>432.24</ele>
      <time>2025-06-25T08:47:39Z</time>
    </rtept>
    <rtept lat="49.375821" lon="10.193403">
      <ele>429.35</ele>
      <time>2025-06-25T08:47:40Z</time>
    </rtept>
    <rtept lat="49.375799" lon="10.19336">
      <ele>429.83</ele>
      <time>2025-06-25T08:47:41Z</time>
    </rtept>
    <rtept lat="49.375799" lon="10.193446">
      <ele>429.35</ele>
      <time>2025-06-25T08:47:42Z</time>
    </rtept>
    <rtept lat="49.375778" lon="10.193446">
      <ele>428.87</ele>
      <time>2025-06-25T08:47:43Z</time>
    </rtept>
    <rtept lat="49.375735" lon="10.193467">
      <ele>428.87</ele>
      <time>2025-06-25T08:47:44Z</time>
    </rtept>
    <rtept lat="49.375713" lon="10.193489">
      <ele>428.87</ele>
      <time>2025-06-25T08:47:45Z</time>
    </rtept>
    <rtept lat="49.375692" lon="10.193489">
      <ele>428.87</ele>
      <time>2025-06-25T08:47:46Z</time>
    </rtept>
    <rtept lat="49.375628" lon="10.193467">
      <ele>428.87</ele>
      <time>2025-06-25T08:47:47Z</time>
    </rtept>
    <rtept lat="49.375649" lon="10.193532">
      <ele>426.47</ele>
      <time>2025-06-25T08:47:48Z</time>
    </rtept>
    <rtept lat="49.375692" lon="10.193617">
      <ele>425.03</ele>
      <time>2025-06-25T08:47:49Z</time>
    </rtept>
    <rtept lat="49.375713" lon="10.193703">
      <ele>425.51</ele>
      <time>2025-06-25T08:47:50Z</time>
    </rtept>
    <rtept lat="49.375756" lon="10.193768">
      <ele>425.51</ele>
      <time>2025-06-25T08:47:51Z</time>
    </rtept>
    <rtept lat="49.3761" lon="10.194583">
      <ele>427.43</ele>
      <time>2025-06-25T08:48:01Z</time>
    </rtept>
    <rtept lat="49.376314" lon="10.195184">
      <ele>426.95</ele>
      <time>2025-06-25T08:48:08Z</time>
    </rtept>
    <rtept lat="49.37655" lon="10.196407">
      <ele>423.58</ele>
      <time>2025-06-25T08:48:17Z</time>
    </rtept>
    <rtept lat="49.376615" lon="10.197201">
      <ele>423.1</ele>
      <time>2025-06-25T08:48:22Z</time>
    </rtept>
    <rtept lat="49.376701" lon="10.199089">
      <ele>416.37</ele>
      <time>2025-06-25T08:48:34Z</time>
    </rtept>
    <rtept lat="49.376722" lon="10.200999">
      <ele>413.97</ele>
      <time>2025-06-25T08:48:44Z</time>
    </rtept>
    <rtept lat="49.376701" lon="10.202994">
      <ele>412.53</ele>
      <time>2025-06-25T08:48:54Z</time>
    </rtept>
    <rtept lat="49.376701" lon="10.203252">
      <ele>410.61</ele>
      <time>2025-06-25T08:48:56Z</time>
    </rtept>
    <rtept lat="49.376572" lon="10.203359">
      <ele>409.64</ele>
      <time>2025-06-25T08:48:57Z</time>
    </rtept>
    <rtept lat="49.376529" lon="10.203531">
      <ele>406.76</ele>
      <time>2025-06-25T08:48:59Z</time>
    </rtept>
    <rtept lat="49.376572" lon="10.20366">
      <ele>406.28</ele>
      <time>2025-06-25T08:49:00Z</time>
    </rtept>
    <rtept lat="49.376572" lon="10.203703">
      <ele>409.16</ele>
      <time>2025-06-25T08:49:01Z</time>
    </rtept>
    <rtept lat="49.376679" lon="10.203982">
      <ele>410.12</ele>
      <time>2025-06-25T08:49:02Z</time>
    </rtept>
    <rtept lat="49.376679" lon="10.204175">
      <ele>409.64</ele>
      <time>2025-06-25T08:49:03Z</time>
    </rtept>
    <rtept lat="49.376658" lon="10.204389">
      <ele>409.16</ele>
      <time>2025-06-25T08:49:04Z</time>
    </rtept>
    <rtept lat="49.376658" lon="10.204625">
      <ele>408.68</ele>
      <time>2025-06-25T08:49:05Z</time>
    </rtept>
    <rtept lat="49.37655" lon="10.207458">
      <ele>403.4</ele>
      <time>2025-06-25T08:49:16Z</time>
    </rtept>
    <rtept lat="49.376422" lon="10.21059">
      <ele>394.74</ele>
      <time>2025-06-25T08:49:30Z</time>
    </rtept>
    <rtept lat="49.376314" lon="10.212822">
      <ele>394.26</ele>
      <time>2025-06-25T08:49:41Z</time>
    </rtept>
    <rtept lat="49.376293" lon="10.213037">
      <ele>399.55</ele>
      <time>2025-06-25T08:49:47Z</time>
    </rtept>
    <rtept lat="49.376293" lon="10.213101">
      <ele>401.95</ele>
      <time>2025-06-25T08:50:01Z</time>
    </rtept>
    <rtept lat="49.376271" lon="10.213359">
      <ele>400.99</ele>
      <time>2025-06-25T08:50:04Z</time>
    </rtept>
    <rtept lat="49.376271" lon="10.213423">
      <ele>396.19</ele>
      <time>2025-06-25T08:50:05Z</time>
    </rtept>
    <rtept lat="49.376379" lon="10.213337">
      <ele>394.26</ele>
      <time>2025-06-25T08:50:06Z</time>
    </rtept>
    <rtept lat="49.376422" lon="10.213359">
      <ele>394.26</ele>
      <time>2025-06-25T08:50:07Z</time>
    </rtept>
    <rtept lat="49.376486" lon="10.213359">
      <ele>394.74</ele>
      <time>2025-06-25T08:50:08Z</time>
    </rtept>
    <rtept lat="49.376572" lon="10.21338">
      <ele>394.74</ele>
      <time>2025-06-25T08:50:09Z</time>
    </rtept>
    <rtept lat="49.376808" lon="10.213444">
      <ele>399.55</ele>
      <time>2025-06-25T08:50:18Z</time>
    </rtept>
    <rtept lat="49.376808" lon="10.213444">
      <ele>399.55</ele>
      <time>2025-06-25T08:50:36Z</time>
    </rtept>
    <rtept lat="49.376808" lon="10.213444">
      <ele>399.55</ele>
      <time>2025-06-25T08:50:57Z</time>
    </rtept>
    <rtept lat="49.376808" lon="10.213444">
      <ele>399.55</ele>
      <time>2025-06-25T08:51:19Z</time>
    </rtept>
    <rtept lat="49.376808" lon="10.213444">
      <ele>399.55</ele>
      <time>2025-06-25T08:51:37Z</time>
    </rtept>
    <rtept lat="49.376808" lon="10.213444">
      <ele>400.03</ele>
      <time>2025-06-25T08:51:59Z</time>
    </rtept>
    <rtept lat="49.376808" lon="10.213444">
      <ele>400.03</ele>
      <time>2025-06-25T08:52:21Z</time>
    </rtept>
    <rtept lat="49.376808" lon="10.213444">
      <ele>400.51</ele>
      <time>2025-06-25T08:52:42Z</time>
    </rtept>
    <rtept lat="49.376808" lon="10.213509">
      <ele>400.03</ele>
      <time>2025-06-25T08:54:43Z</time>
    </rtept>
    <rtept lat="49.376915" lon="10.21338">
      <ele>418.78</ele>
      <time>2025-06-25T08:55:07Z</time>
    </rtept>
    <rtept lat="49.376894" lon="10.21338">
      <ele>416.85</ele>
      <time>2025-06-25T08:55:27Z</time>
    </rtept>
    <rtept lat="49.376937" lon="10.213466">
      <ele>409.16</ele>
      <time>2025-06-25T08:55:37Z</time>
    </rtept>
    <rtept lat="49.377151" lon="10.213616">
      <ele>406.76</ele>
      <time>2025-06-25T08:55:40Z</time>
    </rtept>
    <rtept lat="49.377151" lon="10.213616">
      <ele>402.92</ele>
      <time>2025-06-25T08:55:41Z</time>
    </rtept>
    <rtept lat="49.377215" lon="10.213831">
      <ele>399.55</ele>
      <time>2025-06-25T08:55:42Z</time>
    </rtept>
    <rtept lat="49.377258" lon="10.213981">
      <ele>399.07</ele>
      <time>2025-06-25T08:55:44Z</time>
    </rtept>
    <rtept lat="49.37728" lon="10.214324">
      <ele>397.63</ele>
      <time>2025-06-25T08:55:45Z</time>
    </rtept>
    <rtept lat="49.377237" lon="10.214517">
      <ele>398.59</ele>
      <time>2025-06-25T08:55:46Z</time>
    </rtept>
    <rtept lat="49.377173" lon="10.214667">
      <ele>399.07</ele>
      <time>2025-06-25T08:55:47Z</time>
    </rtept>
    <rtept lat="49.377087" lon="10.214775">
      <ele>399.55</ele>
      <time>2025-06-25T08:55:48Z</time>
    </rtept>
    <rtept lat="49.376979" lon="10.214861">
      <ele>400.51</ele>
      <time>2025-06-25T08:55:49Z</time>
    </rtept>
    <rtept lat="49.376915" lon="10.214882">
      <ele>401.95</ele>
      <time>2025-06-25T08:55:50Z</time>
    </rtept>
    <rtept lat="49.376701" lon="10.214839">
      <ele>401.95</ele>
      <time>2025-06-25T08:55:51Z</time>
    </rtept>
    <rtept lat="49.376529" lon="10.214818">
      <ele>399.55</ele>
      <time>2025-06-25T08:55:52Z</time>
    </rtept>
    <rtept lat="49.376336" lon="10.214775">
      <ele>397.15</ele>
      <time>2025-06-25T08:55:53Z</time>
    </rtept>
    <rtept lat="49.376164" lon="10.214667">
      <ele>395.71</ele>
      <time>2025-06-25T08:55:55Z</time>
    </rtept>
    <rtept lat="49.37434" lon="10.213852">
      <ele>397.63</ele>
      <time>2025-06-25T08:56:03Z</time>
    </rtept>
    <rtept lat="49.371679" lon="10.213058">
      <ele>393.78</ele>
      <time>2025-06-25T08:56:15Z</time>
    </rtept>
    <rtept lat="49.368826" lon="10.212779">
      <ele>397.63</ele>
      <time>2025-06-25T08:56:28Z</time>
    </rtept>
    <rtept lat="49.366572" lon="10.212929">
      <ele>404.36</ele>
      <time>2025-06-25T08:56:37Z</time>
    </rtept>
    <rtept lat="49.364126" lon="10.213509">
      <ele>405.8</ele>
      <time>2025-06-25T08:56:46Z</time>
    </rtept>
    <rtept lat="49.361723" lon="10.214496">
      <ele>408.68</ele>
      <time>2025-06-25T08:56:54Z</time>
    </rtept>
    <rtept lat="49.35844" lon="10.216642">
      <ele>406.28</ele>
      <time>2025-06-25T08:57:05Z</time>
    </rtept>
    <rtept lat="49.354427" lon="10.219689">
      <ele>392.82</ele>
      <time>2025-06-25T08:57:20Z</time>
    </rtept>
    <rtept lat="49.351252" lon="10.22147">
      <ele>389.46</ele>
      <time>2025-06-25T08:57:30Z</time>
    </rtept>
    <rtept lat="49.348183" lon="10.222263">
      <ele>394.26</ele>
      <time>2025-06-25T08:57:40Z</time>
    </rtept>
    <rtept lat="49.345222" lon="10.222328">
      <ele>405.8</ele>
      <time>2025-06-25T08:57:50Z</time>
    </rtept>
    <rtept lat="49.342347" lon="10.221834">
      <ele>415.41</ele>
      <time>2025-06-25T08:58:00Z</time>
    </rtept>
    <rtept lat="49.339514" lon="10.22074">
      <ele>425.03</ele>
      <time>2025-06-25T08:58:10Z</time>
    </rtept>
    <rtept lat="49.336403" lon="10.218787">
      <ele>430.79</ele>
      <time>2025-06-25T08:58:22Z</time>
    </rtept>
    <rtept lat="49.335051" lon="10.217693">
      <ele>432.72</ele>
      <time>2025-06-25T08:58:27Z</time>
    </rtept>
    <rtept lat="49.332734" lon="10.215333">
      <ele>429.83</ele>
      <time>2025-06-25T08:58:36Z</time>
    </rtept>
    <rtept lat="49.330116" lon="10.212071">
      <ele>427.91</ele>
      <time>2025-06-25T08:58:47Z</time>
    </rtept>
    <rtept lat="49.327455" lon="10.209046">
      <ele>422.14</ele>
      <time>2025-06-25T08:58:57Z</time>
    </rtept>
    <rtept lat="49.324945" lon="10.207071">
      <ele>418.78</ele>
      <time>2025-06-25T08:59:06Z</time>
    </rtept>
    <rtept lat="49.322477" lon="10.205741">
      <ele>415.89</ele>
      <time>2025-06-25T08:59:15Z</time>
    </rtept>
    <rtept lat="49.319881" lon="10.205033">
      <ele>417.33</ele>
      <time>2025-06-25T08:59:25Z</time>
    </rtept>
    <rtept lat="49.317284" lon="10.204883">
      <ele>425.03</ele>
      <time>2025-06-25T08:59:36Z</time>
    </rtept>
    <rtept lat="49.314151" lon="10.205376">
      <ele>430.31</ele>
      <time>2025-06-25T08:59:50Z</time>
    </rtept>
    <rtept lat="49.311812" lon="10.206127">
      <ele>436.56</ele>
      <time>2025-06-25T09:00:01Z</time>
    </rtept>
    <rtept lat="49.308315" lon="10.207522">
      <ele>436.56</ele>
      <time>2025-06-25T09:00:18Z</time>
    </rtept>
    <rtept lat="49.305053" lon="10.209131">
      <ele>430.31</ele>
      <time>2025-06-25T09:00:33Z</time>
    </rtept>
    <rtept lat="49.302414" lon="10.210612">
      <ele>425.51</ele>
      <time>2025-06-25T09:00:46Z</time>
    </rtept>
    <rtept lat="49.299346" lon="10.212565">
      <ele>418.3</ele>
      <time>2025-06-25T09:01:01Z</time>
    </rtept>
    <rtept lat="49.296771" lon="10.21441">
      <ele>416.85</ele>
      <time>2025-06-25T09:01:13Z</time>
    </rtept>
    <rtept lat="49.294217" lon="10.216406">
      <ele>415.41</ele>
      <time>2025-06-25T09:01:23Z</time>
    </rtept>
    <rtept lat="49.291535" lon="10.218723">
      <ele>417.33</ele>
      <time>2025-06-25T09:01:34Z</time>
    </rtept>
    <rtept lat="49.288188" lon="10.222006">
      <ele>425.03</ele>
      <time>2025-06-25T09:01:47Z</time>
    </rtept>
    <rtept lat="49.285162" lon="10.225203">
      <ele>438.0</ele>
      <time>2025-06-25T09:01:59Z</time>
    </rtept>
    <rtept lat="49.281729" lon="10.228937">
      <ele>456.27</ele>
      <time>2025-06-25T09:02:13Z</time>
    </rtept>
    <rtept lat="49.278939" lon="10.231812">
      <ele>469.25</ele>
      <time>2025-06-25T09:02:25Z</time>
    </rtept>
    <rtept lat="49.275914" lon="10.234323">
      <ele>476.46</ele>
      <time>2025-06-25T09:02:37Z</time>
    </rtept>
    <rtept lat="49.273511" lon="10.235653">
      <ele>480.78</ele>
      <time>2025-06-25T09:02:46Z</time>
    </rtept>
    <rtept lat="49.271064" lon="10.236232">
      <ele>481.74</ele>
      <time>2025-06-25T09:02:55Z</time>
    </rtept>
    <rtept lat="49.268447" lon="10.236104">
      <ele>476.46</ele>
      <time>2025-06-25T09:03:04Z</time>
    </rtept>
    <rtept lat="49.265571" lon="10.235245">
      <ele>473.57</ele>
      <time>2025-06-25T09:03:14Z</time>
    </rtept>
    <rtept lat="49.262846" lon="10.233894">
      <ele>471.65</ele>
      <time>2025-06-25T09:03:24Z</time>
    </rtept>
    <rtept lat="49.260743" lon="10.232606">
      <ele>472.13</ele>
      <time>2025-06-25T09:03:31Z</time>
    </rtept>
    <rtept lat="49.258769" lon="10.23119">
      <ele>471.65</ele>
      <time>2025-06-25T09:03:38Z</time>
    </rtept>
    <rtept lat="49.255701" lon="10.228636">
      <ele>476.94</ele>
      <time>2025-06-25T09:03:50Z</time>
    </rtept>
    <rtept lat="49.253126" lon="10.226126">
      <ele>477.9</ele>
      <time>2025-06-25T09:04:00Z</time>
    </rtept>
    <rtept lat="49.250315" lon="10.223229">
      <ele>481.74</ele>
      <time>2025-06-25T09:04:12Z</time>
    </rtept>
    <rtept lat="49.246517" lon="10.219624">
      <ele>485.11</ele>
      <time>2025-06-25T09:04:28Z</time>
    </rtept>
    <rtept lat="49.243255" lon="10.217006">
      <ele>487.51</ele>
      <time>2025-06-25T09:04:41Z</time>
    </rtept>
    <rtept lat="49.239886" lon="10.214732">
      <ele>484.63</ele>
      <time>2025-06-25T09:04:54Z</time>
    </rtept>
    <rtept lat="49.237118" lon="10.213359">
      <ele>482.22</ele>
      <time>2025-06-25T09:05:04Z</time>
    </rtept>
    <rtept lat="49.234372" lon="10.212543">
      <ele>475.49</ele>
      <time>2025-06-25T09:05:13Z</time>
    </rtept>
    <rtept lat="49.232119" lon="10.21235">
      <ele>472.61</ele>
      <time>2025-06-25T09:05:20Z</time>
    </rtept>
    <rtept lat="49.229415" lon="10.212672">
      <ele>469.25</ele>
      <time>2025-06-25T09:05:29Z</time>
    </rtept>
    <rtept lat="49.226668" lon="10.21368">
      <ele>466.36</ele>
      <time>2025-06-25T09:05:38Z</time>
    </rtept>
    <rtept lat="49.223986" lon="10.215376">
      <ele>464.44</ele>
      <time>2025-06-25T09:05:47Z</time>
    </rtept>
    <rtept lat="49.222355" lon="10.216856">
      <ele>463.48</ele>
      <time>2025-06-25T09:05:54Z</time>
    </rtept>
    <rtept lat="49.219738" lon="10.219667">
      <ele>462.52</ele>
      <time>2025-06-25T09:06:06Z</time>
    </rtept>
    <rtept lat="49.217978" lon="10.221706">
      <ele>463.0</ele>
      <time>2025-06-25T09:06:15Z</time>
    </rtept>
    <rtept lat="49.216176" lon="10.223765">
      <ele>466.36</ele>
      <time>2025-06-25T09:06:26Z</time>
    </rtept>
    <rtept lat="49.214073" lon="10.225954">
      <ele>471.65</ele>
      <time>2025-06-25T09:06:38Z</time>
    </rtept>
    <rtept lat="49.211734" lon="10.228078">
      <ele>474.05</ele>
      <time>2025-06-25T09:06:51Z</time>
    </rtept>
    <rtept lat="49.209438" lon="10.229902">
      <ele>473.57</ele>
      <time>2025-06-25T09:07:04Z</time>
    </rtept>
    <rtept lat="49.207357" lon="10.231125">
      <ele>474.05</ele>
      <time>2025-06-25T09:07:14Z</time>
    </rtept>
    <rtept lat="49.204138" lon="10.232992">
      <ele>473.57</ele>
      <time>2025-06-25T09:07:28Z</time>
    </rtept>
    <rtept lat="49.201756" lon="10.234022">
      <ele>473.57</ele>
      <time>2025-06-25T09:07:39Z</time>
    </rtept>
    <rtept lat="49.199997" lon="10.234945">
      <ele>473.09</ele>
      <time>2025-06-25T09:07:49Z</time>
    </rtept>
    <rtept lat="49.197422" lon="10.235717">
      <ele>470.69</ele>
      <time>2025-06-25T09:08:03Z</time>
    </rtept>
    <rtept lat="49.195083" lon="10.236189">
      <ele>468.77</ele>
      <time>2025-06-25T09:08:15Z</time>
    </rtept>
    <rtept lat="49.192186" lon="10.236662">
      <ele>466.36</ele>
      <time>2025-06-25T09:08:29Z</time>
    </rtept>
    <rtept lat="49.189654" lon="10.237026">
      <ele>463.48</ele>
      <time>2025-06-25T09:08:40Z</time>
    </rtept>
    <rtept lat="49.186628" lon="10.237606">
      <ele>460.59</ele>
      <time>2025-06-25T09:08:52Z</time>
    </rtept>
    <rtept lat="49.18459" lon="10.238249">
      <ele>458.19</ele>
      <time>2025-06-25T09:08:59Z</time>
    </rtept>
    <rtept lat="49.181843" lon="10.239494">
      <ele>461.07</ele>
      <time>2025-06-25T09:09:09Z</time>
    </rtept>
    <rtept lat="49.178947" lon="10.241339">
      <ele>458.67</ele>
      <time>2025-06-25T09:09:20Z</time>
    </rtept>
    <rtept lat="49.176393" lon="10.243571">
      <ele>453.38</ele>
      <time>2025-06-25T09:09:31Z</time>
    </rtept>
    <rtept lat="49.174719" lon="10.245288">
      <ele>449.54</ele>
      <time>2025-06-25T09:09:40Z</time>
    </rtept>
    <rtept lat="49.173024" lon="10.247347">
      <ele>450.98</ele>
      <time>2025-06-25T09:09:51Z</time>
    </rtept>
    <rtept lat="49.170814" lon="10.250459">
      <ele>451.46</ele>
      <time>2025-06-25T09:10:05Z</time>
    </rtept>
    <rtept lat="49.169334" lon="10.252605">
      <ele>453.86</ele>
      <time>2025-06-25T09:10:16Z</time>
    </rtept>
    <rtept lat="49.168218" lon="10.254214">
      <ele>454.83</ele>
      <time>2025-06-25T09:10:25Z</time>
    </rtept>
    <rtept lat="49.16708" lon="10.255802">
      <ele>456.75</ele>
      <time>2025-06-25T09:10:34Z</time>
    </rtept>
    <rtept lat="49.165493" lon="10.257883">
      <ele>458.19</ele>
      <time>2025-06-25T09:10:44Z</time>
    </rtept>
    <rtept lat="49.163282" lon="10.260329">
      <ele>456.75</ele>
      <time>2025-06-25T09:10:56Z</time>
    </rtept>
    <rtept lat="49.160922" lon="10.262346">
      <ele>455.31</ele>
      <time>2025-06-25T09:11:08Z</time>
    </rtept>
    <rtept lat="49.158476" lon="10.263913">
      <ele>455.31</ele>
      <time>2025-06-25T09:11:20Z</time>
    </rtept>
    <rtept lat="49.155837" lon="10.264986">
      <ele>455.79</ele>
      <time>2025-06-25T09:11:32Z</time>
    </rtept>
    <rtept lat="49.153691" lon="10.265479">
      <ele>453.86</ele>
      <time>2025-06-25T09:11:42Z</time>
    </rtept>
    <rtept lat="49.152017" lon="10.265694">
      <ele>454.83</ele>
      <time>2025-06-25T09:11:51Z</time>
    </rtept>
    <rtept lat="49.149399" lon="10.265629">
      <ele>453.38</ele>
      <time>2025-06-25T09:12:04Z</time>
    </rtept>
    <rtept lat="49.146803" lon="10.265072">
      <ele>455.79</ele>
      <time>2025-06-25T09:12:17Z</time>
    </rtept>
    <rtept lat="49.14455" lon="10.264213">
      <ele>459.63</ele>
      <time>2025-06-25T09:12:28Z</time>
    </rtept>
    <rtept lat="49.142469" lon="10.263162">
      <ele>465.88</ele>
      <time>2025-06-25T09:12:39Z</time>
    </rtept>
    <rtept lat="49.139636" lon="10.261746">
      <ele>476.46</ele>
      <time>2025-06-25T09:12:53Z</time>
    </rtept>
    <rtept lat="49.137169" lon="10.260866">
      <ele>479.82</ele>
      <time>2025-06-25T09:13:05Z</time>
    </rtept>
    <rtept lat="49.134873" lon="10.260565">
      <ele>481.26</ele>
      <time>2025-06-25T09:13:16Z</time>
    </rtept>
    <rtept lat="49.132877" lon="10.260544">
      <ele>477.42</ele>
      <time>2025-06-25T09:13:26Z</time>
    </rtept>
    <rtept lat="49.131289" lon="10.260501">
      <ele>478.38</ele>
      <time>2025-06-25T09:13:33Z</time>
    </rtept>
    <rtept lat="49.129294" lon="10.259986">
      <ele>475.49</ele>
      <time>2025-06-25T09:13:40Z</time>
    </rtept>
    <rtept lat="49.127341" lon="10.258784">
      <ele>472.61</ele>
      <time>2025-06-25T09:13:47Z</time>
    </rtept>
    <rtept lat="49.125732" lon="10.257046">
      <ele>468.77</ele>
      <time>2025-06-25T09:13:53Z</time>
    </rtept>
    <rtept lat="49.124337" lon="10.254493">
      <ele>466.84</ele>
      <time>2025-06-25T09:14:00Z</time>
    </rtept>
    <rtept lat="49.123328" lon="10.251403">
      <ele>466.84</ele>
      <time>2025-06-25T09:14:07Z</time>
    </rtept>
    <rtept lat="49.122813" lon="10.248013">
      <ele>465.4</ele>
      <time>2025-06-25T09:14:14Z</time>
    </rtept>
    <rtept lat="49.122341" lon="10.243743">
      <ele>462.04</ele>
      <time>2025-06-25T09:14:23Z</time>
    </rtept>
    <rtept lat="49.121676" lon="10.240867">
      <ele>459.15</ele>
      <time>2025-06-25T09:14:30Z</time>
    </rtept>
    <rtept lat="49.120432" lon="10.238056">
      <ele>457.71</ele>
      <time>2025-06-25T09:14:38Z</time>
    </rtept>
    <rtept lat="49.119101" lon="10.236104">
      <ele>460.11</ele>
      <time>2025-06-25T09:14:44Z</time>
    </rtept>
    <rtept lat="49.117148" lon="10.234366">
      <ele>466.36</ele>
      <time>2025-06-25T09:14:52Z</time>
    </rtept>
    <rtept lat="49.114552" lon="10.232735">
      <ele>465.88</ele>
      <time>2025-06-25T09:15:08Z</time>
    </rtept>
    <rtept lat="49.110132" lon="10.228744">
      <ele>464.44</ele>
      <time>2025-06-25T09:15:17Z</time>
    </rtept>
    <rtept lat="49.108437" lon="10.225954">
      <ele>468.28</ele>
      <time>2025-06-25T09:15:25Z</time>
    </rtept>
    <rtept lat="49.10702" lon="10.223014">
      <ele>471.65</ele>
      <time>2025-06-25T09:15:33Z</time>
    </rtept>
    <rtept lat="49.105282" lon="10.219517">
      <ele>473.57</ele>
      <time>2025-06-25T09:15:43Z</time>
    </rtept>
    <rtept lat="49.103416" lon="10.216706">
      <ele>479.82</ele>
      <time>2025-06-25T09:15:52Z</time>
    </rtept>
    <rtept lat="49.10127" lon="10.214281">
      <ele>483.67</ele>
      <time>2025-06-25T09:16:01Z</time>
    </rtept>
    <rtept lat="49.098781" lon="10.212307">
      <ele>491.36</ele>
      <time>2025-06-25T09:16:10Z</time>
    </rtept>
    <rtept lat="49.096399" lon="10.211041">
      <ele>497.6</ele>
      <time>2025-06-25T09:16:18Z</time>
    </rtept>
    <rtept lat="49.093888" lon="10.210097">
      <ele>500.97</ele>
      <time>2025-06-25T09:16:27Z</time>
    </rtept>
    <rtept lat="49.093052" lon="10.209861">
      <ele>504.33</ele>
      <time>2025-06-25T09:16:38Z</time>
    </rtept>
    <rtept lat="49.089983" lon="10.208938">
      <ele>513.47</ele>
      <time>2025-06-25T09:16:51Z</time>
    </rtept>
    <rtept lat="49.08449" lon="10.207114">
      <ele>517.79</ele>
      <time>2025-06-25T09:17:04Z</time>
    </rtept>
    <rtept lat="49.082065" lon="10.20572">
      <ele>518.27</ele>
      <time>2025-06-25T09:17:13Z</time>
    </rtept>
    <rtept lat="49.079726" lon="10.203703">
      <ele>510.58</ele>
      <time>2025-06-25T09:17:23Z</time>
    </rtept>
    <rtept lat="49.077473" lon="10.201192">
      <ele>506.74</ele>
      <time>2025-06-25T09:17:33Z</time>
    </rtept>
    <rtept lat="49.074963" lon="10.198124">
      <ele>492.8</ele>
      <time>2025-06-25T09:17:44Z</time>
    </rtept>
    <rtept lat="49.072559" lon="10.195119">
      <ele>489.43</ele>
      <time>2025-06-25T09:17:56Z</time>
    </rtept>
    <rtept lat="49.0708" lon="10.192952">
      <ele>490.39</ele>
      <time>2025-06-25T09:18:06Z</time>
    </rtept>
    <rtept lat="49.069555" lon="10.191386">
      <ele>484.63</ele>
      <time>2025-06-25T09:18:14Z</time>
    </rtept>
    <rtept lat="49.067817" lon="10.18924">
      <ele>485.11</ele>
      <time>2025-06-25T09:18:26Z</time>
    </rtept>
    <rtept lat="49.066015" lon="10.187008">
      <ele>480.78</ele>
      <time>2025-06-25T09:18:38Z</time>
    </rtept>
    <rtept lat="49.064384" lon="10.184991">
      <ele>474.05</ele>
      <time>2025-06-25T09:18:48Z</time>
    </rtept>
    <rtept lat="49.062818" lon="10.183082">
      <ele>472.61</ele>
      <time>2025-06-25T09:18:59Z</time>
    </rtept>
    <rtept lat="49.061101" lon="10.181193">
      <ele>475.97</ele>
      <time>2025-06-25T09:19:10Z</time>
    </rtept>
    <rtept lat="49.059513" lon="10.179799">
      <ele>473.57</ele>
      <time>2025-06-25T09:19:21Z</time>
    </rtept>
    <rtept lat="49.057925" lon="10.178726">
      <ele>476.94</ele>
      <time>2025-06-25T09:19:32Z</time>
    </rtept>
    <rtept lat="49.056209" lon="10.177868">
      <ele>478.38</ele>
      <time>2025-06-25T09:19:42Z</time>
    </rtept>
    <rtept lat="49.054514" lon="10.177353">
      <ele>482.22</ele>
      <time>2025-06-25T09:19:50Z</time>
    </rtept>
    <rtept lat="49.05211" lon="10.177074">
      <ele>488.47</ele>
      <time>2025-06-25T09:20:01Z</time>
    </rtept>
    <rtept lat="49.0496" lon="10.177395">
      <ele>496.64</ele>
      <time>2025-06-25T09:20:11Z</time>
    </rtept>
    <rtept lat="49.047647" lon="10.178082">
      <ele>499.53</ele>
      <time>2025-06-25T09:20:19Z</time>
    </rtept>
    <rtept lat="49.045072" lon="10.179477">
      <ele>503.85</ele>
      <time>2025-06-25T09:20:31Z</time>
    </rtept>
    <rtept lat="49.042669" lon="10.181279">
      <ele>502.41</ele>
      <time>2025-06-25T09:20:41Z</time>
    </rtept>
    <rtept lat="49.04033" lon="10.183339">
      <ele>505.29</ele>
      <time>2025-06-25T09:20:51Z</time>
    </rtept>
    <rtept lat="49.038227" lon="10.18527">
      <ele>505.78</ele>
      <time>2025-06-25T09:21:00Z</time>
    </rtept>
    <rtept lat="49.03591" lon="10.187395">
      <ele>506.74</ele>
      <time>2025-06-25T09:21:12Z</time>
    </rtept>
    <rtept lat="49.033764" lon="10.189369">
      <ele>509.14</ele>
      <time>2025-06-25T09:21:23Z</time>
    </rtept>
    <rtept lat="49.031232" lon="10.1916">
      <ele>512.99</ele>
      <time>2025-06-25T09:21:34Z</time>
    </rtept>
    <rtept lat="49.028807" lon="10.193446">
      <ele>517.79</ele>
      <time>2025-06-25T09:21:51Z</time>
    </rtept>
    <rtept lat="49.025138" lon="10.195441">
      <ele>524.52</ele>
      <time>2025-06-25T09:22:07Z</time>
    </rtept>
    <rtept lat="49.016834" lon="10.197072">
      <ele>529.81</ele>
      <time>2025-06-25T09:22:46Z</time>
    </rtept>
    <rtept lat="49.01207" lon="10.196343">
      <ele>517.31</ele>
      <time>2025-06-25T09:23:05Z</time>
    </rtept>
    <rtept lat="49.007221" lon="10.194712">
      <ele>511.06</ele>
      <time>2025-06-25T09:23:19Z</time>
    </rtept>
    <rtept lat="49.004109" lon="10.193896">
      <ele>507.22</ele>
      <time>2025-06-25T09:23:31Z</time>
    </rtept>
    <rtept lat="49.001148" lon="10.193575">
      <ele>502.41</ele>
      <time>2025-06-25T09:23:43Z</time>
    </rtept>
    <rtept lat="48.998573" lon="10.193725">
      <ele>502.41</ele>
      <time>2025-06-25T09:23:54Z</time>
    </rtept>
    <rtept lat="48.995591" lon="10.194261">
      <ele>505.29</ele>
      <time>2025-06-25T09:24:08Z</time>
    </rtept>
    <rtept lat="48.992351" lon="10.194948">
      <ele>512.5</ele>
      <time>2025-06-25T09:24:23Z</time>
    </rtept>
    <rtept lat="48.989132" lon="10.195334">
      <ele>522.12</ele>
      <time>2025-06-25T09:24:38Z</time>
    </rtept>
    <rtept lat="48.986664" lon="10.19527">
      <ele>528.85</ele>
      <time>2025-06-25T09:24:57Z</time>
    </rtept>
    <rtept lat="48.982266" lon="10.19424">
      <ele>525.48</ele>
      <time>2025-06-25T09:25:09Z</time>
    </rtept>
    <rtept lat="48.979776" lon="10.193124">
      <ele>525.48</ele>
      <time>2025-06-25T09:25:21Z</time>
    </rtept>
    <rtept lat="48.977159" lon="10.191536">
      <ele>517.79</ele>
      <time>2025-06-25T09:25:34Z</time>
    </rtept>
    <rtept lat="48.974155" lon="10.189433">
      <ele>503.85</ele>
      <time>2025-06-25T09:25:49Z</time>
    </rtept>
    <rtept lat="48.971494" lon="10.187631">
      <ele>498.57</ele>
      <time>2025-06-25T09:26:03Z</time>
    </rtept>
    <rtept lat="48.96864" lon="10.18615">
      <ele>502.41</ele>
      <time>2025-06-25T09:26:17Z</time>
    </rtept>
    <rtept lat="48.966258" lon="10.185335">
      <ele>504.33</ele>
      <time>2025-06-25T09:26:29Z</time>
    </rtept>
    <rtept lat="48.963576" lon="10.184841">
      <ele>508.18</ele>
      <time>2025-06-25T09:26:42Z</time>
    </rtept>
    <rtept lat="48.961173" lon="10.184798">
      <ele>509.14</ele>
      <time>2025-06-25T09:26:54Z</time>
    </rtept>
    <rtept lat="48.958147" lon="10.185185">
      <ele>508.18</ele>
      <time>2025-06-25T09:27:09Z</time>
    </rtept>
    <rtept lat="48.956001" lon="10.185828">
      <ele>505.78</ele>
      <time>2025-06-25T09:27:20Z</time>
    </rtept>
    <rtept lat="48.954049" lon="10.186622">
      <ele>500.49</ele>
      <time>2025-06-25T09:27:37Z</time>
    </rtept>
    <rtept lat="48.948985" lon="10.189176">
      <ele>498.57</ele>
      <time>2025-06-25T09:27:51Z</time>
    </rtept>
    <rtept lat="48.946839" lon="10.190249">
      <ele>495.2</ele>
      <time>2025-06-25T09:28:01Z</time>
    </rtept>
    <rtept lat="48.943942" lon="10.191472">
      <ele>489.91</ele>
      <time>2025-06-25T09:28:15Z</time>
    </rtept>
    <rtept lat="48.940917" lon="10.192502">
      <ele>484.63</ele>
      <time>2025-06-25T09:28:29Z</time>
    </rtept>
    <rtept lat="48.937827" lon="10.193381">
      <ele>481.26</ele>
      <time>2025-06-25T09:28:43Z</time>
    </rtept>
    <rtept lat="48.935509" lon="10.193875">
      <ele>479.34</ele>
      <time>2025-06-25T09:28:52Z</time>
    </rtept>
    <rtept lat="48.932999" lon="10.194326">
      <ele>477.9</ele>
      <time>2025-06-25T09:29:02Z</time>
    </rtept>
    <rtept lat="48.930145" lon="10.194605">
      <ele>475.01</ele>
      <time>2025-06-25T09:29:15Z</time>
    </rtept>
    <rtept lat="48.926368" lon="10.19469">
      <ele>470.69</ele>
      <time>2025-06-25T09:29:32Z</time>
    </rtept>
    <rtept lat="48.922463" lon="10.194368">
      <ele>468.28</ele>
      <time>2025-06-25T09:29:49Z</time>
    </rtept>
    <rtept lat="48.919352" lon="10.193746">
      <ele>464.92</ele>
      <time>2025-06-25T09:30:03Z</time>
    </rtept>
    <rtept lat="48.916219" lon="10.192716">
      <ele>466.36</ele>
      <time>2025-06-25T09:30:17Z</time>
    </rtept>
    <rtept lat="48.912786" lon="10.191128">
      <ele>471.65</ele>
      <time>2025-06-25T09:30:33Z</time>
    </rtept>
    <rtept lat="48.909824" lon="10.189369">
      <ele>475.49</ele>
      <time>2025-06-25T09:30:47Z</time>
    </rtept>
    <rtept lat="48.907056" lon="10.187373">
      <ele>475.97</ele>
      <time>2025-06-25T09:31:00Z</time>
    </rtept>
    <rtept lat="48.904331" lon="10.18497">
      <ele>473.57</ele>
      <time>2025-06-25T09:31:14Z</time>
    </rtept>
    <rtept lat="48.901907" lon="10.182524">
      <ele>467.8</ele>
      <time>2025-06-25T09:31:26Z</time>
    </rtept>
    <rtept lat="48.899761" lon="10.179992">
      <ele>466.84</ele>
      <time>2025-06-25T09:31:38Z</time>
    </rtept>
    <rtept lat="48.897465" lon="10.176945">
      <ele>472.61</ele>
      <time>2025-06-25T09:31:52Z</time>
    </rtept>
    <rtept lat="48.894783" lon="10.173125">
      <ele>479.82</ele>
      <time>2025-06-25T09:32:09Z</time>
    </rtept>
    <rtept lat="48.892594" lon="10.170272">
      <ele>486.07</ele>
      <time>2025-06-25T09:32:22Z</time>
    </rtept>
    <rtept lat="48.890513" lon="10.168147">
      <ele>491.36</ele>
      <time>2025-06-25T09:32:33Z</time>
    </rtept>
    <rtept lat="48.889075" lon="10.167031">
      <ele>502.89</ele>
      <time>2025-06-25T09:32:48Z</time>
    </rtept>
    <rtept lat="48.884547" lon="10.165014">
      <ele>513.47</ele>
      <time>2025-06-25T09:33:01Z</time>
    </rtept>
    <rtept lat="48.882037" lon="10.164714">
      <ele>524.04</ele>
      <time>2025-06-25T09:33:12Z</time>
    </rtept>
    <rtept lat="48.881114" lon="10.164735">
      <ele>534.13</ele>
      <time>2025-06-25T09:33:24Z</time>
    </rtept>
    <rtept lat="48.879011" lon="10.1651">
      <ele>544.71</ele>
      <time>2025-06-25T09:33:33Z</time>
    </rtept>
    <rtept lat="48.87708" lon="10.165765">
      <ele>547.59</ele>
      <time>2025-06-25T09:33:41Z</time>
    </rtept>
    <rtept lat="48.871844" lon="10.169585">
      <ele>574.99</ele>
      <time>2025-06-25T09:34:19Z</time>
    </rtept>
    <rtept lat="48.867403" lon="10.177074">
      <ele>578.35</ele>
      <time>2025-06-25T09:34:28Z</time>
    </rtept>
    <rtept lat="48.867167" lon="10.177696">
      <ele>587.01</ele>
      <time>2025-06-25T09:34:36Z</time>
    </rtept>
    <rtept lat="48.86427" lon="10.188124">
      <ele>609.6</ele>
      <time>2025-06-25T09:34:57Z</time>
    </rtept>
    <rtept lat="48.863154" lon="10.191043">
      <ele>619.69</ele>
      <time>2025-06-25T09:35:05Z</time>
    </rtept>
    <rtept lat="48.861802" lon="10.193424">
      <ele>628.82</ele>
      <time>2025-06-25T09:35:12Z</time>
    </rtept>
    <rtept lat="48.859957" lon="10.195506">
      <ele>637.48</ele>
      <time>2025-06-25T09:35:20Z</time>
    </rtept>
    <rtept lat="48.857747" lon="10.197029">
      <ele>644.2</ele>
      <time>2025-06-25T09:35:28Z</time>
    </rtept>
    <rtept lat="48.855708" lon="10.197716">
      <ele>646.13</ele>
      <time>2025-06-25T09:35:35Z</time>
    </rtept>
    <rtept lat="48.853648" lon="10.19778">
      <ele>647.09</ele>
      <time>2025-06-25T09:35:42Z</time>
    </rtept>
    <rtept lat="48.850387" lon="10.197458">
      <ele>649.49</ele>
      <time>2025-06-25T09:35:53Z</time>
    </rtept>
    <rtept lat="48.84764" lon="10.197287">
      <ele>648.53</ele>
      <time>2025-06-25T09:36:02Z</time>
    </rtept>
    <rtept lat="48.844829" lon="10.19763">
      <ele>646.13</ele>
      <time>2025-06-25T09:36:11Z</time>
    </rtept>
    <rtept lat="48.841911" lon="10.198746">
      <ele>639.88</ele>
      <time>2025-06-25T09:36:21Z</time>
    </rtept>
    <rtept lat="48.839315" lon="10.200441">
      <ele>636.51</ele>
      <time>2025-06-25T09:36:30Z</time>
    </rtept>
    <rtept lat="48.836997" lon="10.202651">
      <ele>636.03</ele>
      <time>2025-06-25T09:36:39Z</time>
    </rtept>
    <rtept lat="48.834766" lon="10.205591">
      <ele>629.78</ele>
      <time>2025-06-25T09:36:49Z</time>
    </rtept>
    <rtept lat="48.83204" lon="10.209732">
      <ele>624.98</ele>
      <time>2025-06-25T09:37:02Z</time>
    </rtept>
    <rtept lat="48.829616" lon="10.212629">
      <ele>624.98</ele>
      <time>2025-06-25T09:37:12Z</time>
    </rtept>
    <rtept lat="48.82762" lon="10.214281">
      <ele>624.02</ele>
      <time>2025-06-25T09:37:20Z</time>
    </rtept>
    <rtept lat="48.825174" lon="10.21559">
      <ele>622.09</ele>
      <time>2025-06-25T09:37:29Z</time>
    </rtept>
    <rtept lat="48.823264" lon="10.216234">
      <ele>618.25</ele>
      <time>2025-06-25T09:37:36Z</time>
    </rtept>
    <rtept lat="48.820668" lon="10.216491">
      <ele>612.0</ele>
      <time>2025-06-25T09:37:45Z</time>
    </rtept>
    <rtept lat="48.8179" lon="10.216084">
      <ele>603.35</ele>
      <time>2025-06-25T09:37:54Z</time>
    </rtept>
    <rtept lat="48.815775" lon="10.215268">
      <ele>598.54</ele>
      <time>2025-06-25T09:38:02Z</time>
    </rtept>
    <rtept lat="48.812492" lon="10.213487">
      <ele>590.85</ele>
      <time>2025-06-25T09:38:15Z</time>
    </rtept>
    <rtept lat="48.810111" lon="10.212286">
      <ele>586.04</ele>
      <time>2025-06-25T09:38:25Z</time>
    </rtept>
    <rtept lat="48.807257" lon="10.211041">
      <ele>585.08</ele>
      <time>2025-06-25T09:38:36Z</time>
    </rtept>
    <rtept lat="48.804639" lon="10.210269">
      <ele>581.72</ele>
      <time>2025-06-25T09:38:46Z</time>
    </rtept>
    <rtept lat="48.801764" lon="10.209797">
      <ele>577.87</ele>
      <time>2025-06-25T09:38:57Z</time>
    </rtept>
    <rtept lat="48.798802" lon="10.209625">
      <ele>576.91</ele>
      <time>2025-06-25T09:39:07Z</time>
    </rtept>
    <rtept lat="48.795627" lon="10.209904">
      <ele>577.39</ele>
      <time>2025-06-25T09:39:18Z</time>
    </rtept>
    <rtept lat="48.792687" lon="10.21044">
      <ele>587.49</ele>
      <time>2025-06-25T09:39:28Z</time>
    </rtept>
    <rtept lat="48.789597" lon="10.211105">
      <ele>586.04</ele>
      <time>2025-06-25T09:39:39Z</time>
    </rtept>
    <rtept lat="48.78655" lon="10.211706">
      <ele>591.33</ele>
      <time>2025-06-25T09:39:50Z</time>
    </rtept>
    <rtept lat="48.783503" lon="10.212093">
      <ele>599.02</ele>
      <time>2025-06-25T09:40:00Z</time>
    </rtept>
    <rtept lat="48.780199" lon="10.212135">
      <ele>606.71</ele>
      <time>2025-06-25T09:40:11Z</time>
    </rtept>
    <rtept lat="48.777044" lon="10.211814">
      <ele>613.92</ele>
      <time>2025-06-25T09:40:21Z</time>
    </rtept>
    <rtept lat="48.774276" lon="10.211234">
      <ele>619.69</ele>
      <time>2025-06-25T09:40:30Z</time>
    </rtept>
    <rtept lat="48.770586" lon="10.210118">
      <ele>620.65</ele>
      <time>2025-06-25T09:40:42Z</time>
    </rtept>
    <rtept lat="48.766916" lon="10.208466">
      <ele>619.21</ele>
      <time>2025-06-25T09:40:54Z</time>
    </rtept>
    <rtept lat="48.763805" lon="10.206664">
      <ele>618.25</ele>
      <time>2025-06-25T09:41:05Z</time>
    </rtept>
    <rtept lat="48.760672" lon="10.204582">
      <ele>611.04</ele>
      <time>2025-06-25T09:41:16Z</time>
    </rtept>
    <rtept lat="48.758441" lon="10.203037">
      <ele>612.0</ele>
      <time>2025-06-25T09:41:24Z</time>
    </rtept>
    <rtept lat="48.755909" lon="10.201321">
      <ele>613.44</ele>
      <time>2025-06-25T09:41:34Z</time>
    </rtept>
    <rtept lat="48.752819" lon="10.199475">
      <ele>609.12</ele>
      <time>2025-06-25T09:41:46Z</time>
    </rtept>
    <rtept lat="48.7496" lon="10.197909">
      <ele>604.79</ele>
      <time>2025-06-25T09:41:59Z</time>
    </rtept>
    <rtept lat="48.746617" lon="10.196986">
      <ele>602.39</ele>
      <time>2025-06-25T09:42:10Z</time>
    </rtept>
    <rtept lat="48.743377" lon="10.196428">
      <ele>606.71</ele>
      <time>2025-06-25T09:42:21Z</time>
    </rtept>
    <rtept lat="48.740781" lon="10.196364">
      <ele>607.67</ele>
      <time>2025-06-25T09:42:30Z</time>
    </rtept>
    <rtept lat="48.737712" lon="10.196729">
      <ele>609.12</ele>
      <time>2025-06-25T09:42:41Z</time>
    </rtept>
    <rtept lat="48.734923" lon="10.197437">
      <ele>607.67</ele>
      <time>2025-06-25T09:42:51Z</time>
    </rtept>
    <rtept lat="48.732176" lon="10.19851">
      <ele>609.12</ele>
      <time>2025-06-25T09:43:02Z</time>
    </rtept>
    <rtept lat="48.729559" lon="10.19984">
      <ele>606.71</ele>
      <time>2025-06-25T09:43:13Z</time>
    </rtept>
    <rtept lat="48.726361" lon="10.201771">
      <ele>599.98</ele>
      <time>2025-06-25T09:43:26Z</time>
    </rtept>
    <rtept lat="48.724323" lon="10.203166">
      <ele>597.58</ele>
      <time>2025-06-25T09:43:35Z</time>
    </rtept>
    <rtept lat="48.721812" lon="10.204926">
      <ele>596.62</ele>
      <time>2025-06-25T09:43:46Z</time>
    </rtept>
    <rtept lat="48.718765" lon="10.207071">
      <ele>590.85</ele>
      <time>2025-06-25T09:43:58Z</time>
    </rtept>
    <rtept lat="48.715697" lon="10.209196">
      <ele>589.41</ele>
      <time>2025-06-25T09:44:09Z</time>
    </rtept>
    <rtept lat="48.712285" lon="10.21132">
      <ele>590.85</ele>
      <time>2025-06-25T09:44:22Z</time>
    </rtept>
    <rtept lat="48.709388" lon="10.212865">
      <ele>592.77</ele>
      <time>2025-06-25T09:44:32Z</time>
    </rtept>
    <rtept lat="48.707071" lon="10.213809">
      <ele>592.77</ele>
      <time>2025-06-25T09:44:40Z</time>
    </rtept>
    <rtept lat="48.703981" lon="10.214667">
      <ele>587.01</ele>
      <time>2025-06-25T09:44:50Z</time>
    </rtept>
    <rtept lat="48.700934" lon="10.215054">
      <ele>579.32</ele>
      <time>2025-06-25T09:45:00Z</time>
    </rtept>
    <rtept lat="48.697072" lon="10.214968">
      <ele>567.3</ele>
      <time>2025-06-25T09:45:13Z</time>
    </rtept>
    <rtept lat="48.693059" lon="10.214517">
      <ele>567.3</ele>
      <time>2025-06-25T09:45:26Z</time>
    </rtept>
    <rtept lat="48.689175" lon="10.214303">
      <ele>577.87</ele>
      <time>2025-06-25T09:45:39Z</time>
    </rtept>
    <rtept lat="48.686643" lon="10.214517">
      <ele>584.12</ele>
      <time>2025-06-25T09:45:48Z</time>
    </rtept>
    <rtept lat="48.683746" lon="10.215182">
      <ele>588.45</ele>
      <time>2025-06-25T09:45:58Z</time>
    </rtept>
    <rtept lat="48.681107" lon="10.216363">
      <ele>592.77</ele>
      <time>2025-06-25T09:46:07Z</time>
    </rtept>
    <rtept lat="48.678253" lon="10.218272">
      <ele>593.25</ele>
      <time>2025-06-25T09:46:17Z</time>
    </rtept>
    <rtept lat="48.675249" lon="10.220912">
      <ele>587.49</ele>
      <time>2025-06-25T09:46:29Z</time>
    </rtept>
    <rtept lat="48.672267" lon="10.223658">
      <ele>582.2</ele>
      <time>2025-06-25T09:46:41Z</time>
    </rtept>
    <rtept lat="48.669456" lon="10.226233">
      <ele>581.24</ele>
      <time>2025-06-25T09:46:53Z</time>
    </rtept>
    <rtept lat="48.666602" lon="10.228872">
      <ele>574.99</ele>
      <time>2025-06-25T09:47:05Z</time>
    </rtept>
    <rtept lat="48.66349" lon="10.231383">
      <ele>567.78</ele>
      <time>2025-06-25T09:47:17Z</time>
    </rtept>
    <rtept lat="48.661173" lon="10.232477">
      <ele>560.57</ele>
      <time>2025-06-25T09:47:25Z</time>
    </rtept>
    <rtept lat="48.659177" lon="10.232778">
      <ele>558.17</ele>
      <time>2025-06-25T09:47:32Z</time>
    </rtept>
    <rtept lat="48.657482" lon="10.232563">
      <ele>550.96</ele>
      <time>2025-06-25T09:47:39Z</time>
    </rtept>
    <rtept lat="48.655744" lon="10.231919">
      <ele>543.27</ele>
      <time>2025-06-25T09:47:48Z</time>
    </rtept>
    <rtept lat="48.654028" lon="10.230761">
      <ele>538.46</ele>
      <time>2025-06-25T09:47:58Z</time>
    </rtept>
    <rtept lat="48.652611" lon="10.229323">
      <ele>534.13</ele>
      <time>2025-06-25T09:48:08Z</time>
    </rtept>
    <rtept lat="48.651388" lon="10.227692">
      <ele>529.81</ele>
      <time>2025-06-25T09:48:17Z</time>
    </rtept>
    <rtept lat="48.650144" lon="10.225332">
      <ele>524.04</ele>
      <time>2025-06-25T09:48:28Z</time>
    </rtept>
    <rtept lat="48.649242" lon="10.223422">
      <ele>521.16</ele>
      <time>2025-06-25T09:48:36Z</time>
    </rtept>
    <rtept lat="48.648127" lon="10.221384">
      <ele>518.75</ele>
      <time>2025-06-25T09:48:43Z</time>
    </rtept>
    <rtept lat="48.646582" lon="10.21941">
      <ele>516.83</ele>
      <time>2025-06-25T09:48:50Z</time>
    </rtept>
    <rtept lat="48.644779" lon="10.2178">
      <ele>517.79</ele>
      <time>2025-06-25T09:48:57Z</time>
    </rtept>
    <rtept lat="48.642483" lon="10.216599">
      <ele>521.16</ele>
      <time>2025-06-25T09:49:05Z</time>
    </rtept>
    <rtept lat="48.640123" lon="10.216191">
      <ele>522.6</ele>
      <time>2025-06-25T09:49:13Z</time>
    </rtept>
    <rtept lat="48.637655" lon="10.216577">
      <ele>523.08</ele>
      <time>2025-06-25T09:49:21Z</time>
    </rtept>
    <rtept lat="48.635724" lon="10.217457">
      <ele>520.68</ele>
      <time>2025-06-25T09:49:28Z</time>
    </rtept>
    <rtept lat="48.633986" lon="10.218594">
      <ele>515.39</ele>
      <time>2025-06-25T09:49:36Z</time>
    </rtept>
    <rtept lat="48.632055" lon="10.219646">
      <ele>507.7</ele>
      <time>2025-06-25T09:49:46Z</time>
    </rtept>
    <rtept lat="48.630124" lon="10.220204">
      <ele>504.33</ele>
      <time>2025-06-25T09:49:56Z</time>
    </rtept>
    <rtept lat="48.628429" lon="10.220375">
      <ele>505.29</ele>
      <time>2025-06-25T09:50:05Z</time>
    </rtept>
    <rtept lat="48.626304" lon="10.220118">
      <ele>502.89</ele>
      <time>2025-06-25T09:50:16Z</time>
    </rtept>
    <rtept lat="48.623987" lon="10.219216">
      <ele>499.05</ele>
      <time>2025-06-25T09:50:29Z</time>
    </rtept>
    <rtept lat="48.622099" lon="10.217993">
      <ele>494.24</ele>
      <time>2025-06-25T09:50:40Z</time>
    </rtept>
    <rtept lat="48.620253" lon="10.216191">
      <ele>495.2</ele>
      <time>2025-06-25T09:50:52Z</time>
    </rtept>
    <rtept lat="48.618558" lon="10.21411">
      <ele>500.01</ele>
      <time>2025-06-25T09:51:04Z</time>
    </rtept>
    <rtept lat="48.617142" lon="10.212307">
      <ele>505.29</ele>
      <time>2025-06-25T09:51:12Z</time>
    </rtept>
    <rtept lat="48.615082" lon="10.209668">
      <ele>511.54</ele>
      <time>2025-06-25T09:51:23Z</time>
    </rtept>
    <rtept lat="48.612464" lon="10.206299">
      <ele>518.75</ele>
      <time>2025-06-25T09:51:37Z</time>
    </rtept>
    <rtept lat="48.609825" lon="10.203016">
      <ele>518.27</ele>
      <time>2025-06-25T09:51:50Z</time>
    </rtept>
    <rtept lat="48.607443" lon="10.200098">
      <ele>514.43</ele>
      <time>2025-06-25T09:52:01Z</time>
    </rtept>
    <rtept lat="48.604589" lon="10.196815">
      <ele>513.47</ele>
      <time>2025-06-25T09:52:13Z</time>
    </rtept>
    <rtept lat="48.602293" lon="10.194605">
      <ele>515.87</ele>
      <time>2025-06-25T09:52:23Z</time>
    </rtept>
    <rtept lat="48.599246" lon="10.192137">
      <ele>520.68</ele>
      <time>2025-06-25T09:52:35Z</time>
    </rtept>
    <rtept lat="48.595684" lon="10.189369">
      <ele>523.56</ele>
      <time>2025-06-25T09:52:48Z</time>
    </rtept>
    <rtept lat="48.593045" lon="10.18718">
      <ele>525.96</ele>
      <time>2025-06-25T09:52:58Z</time>
    </rtept>
    <rtept lat="48.589912" lon="10.184176">
      <ele>531.25</ele>
      <time>2025-06-25T09:53:11Z</time>
    </rtept>
    <rtept lat="48.586758" lon="10.180614">
      <ele>536.54</ele>
      <time>2025-06-25T09:53:24Z</time>
    </rtept>
    <rtept lat="48.583861" lon="10.176838">
      <ele>539.9</ele>
      <time>2025-06-25T09:53:36Z</time>
    </rtept>
    <rtept lat="48.582101" lon="10.174284">
      <ele>538.94</ele>
      <time>2025-06-25T09:53:44Z</time>
    </rtept>
    <rtept lat="48.580299" lon="10.171344">
      <ele>538.46</ele>
      <time>2025-06-25T09:53:53Z</time>
    </rtept>
    <rtept lat="48.578089" lon="10.167418">
      <ele>534.13</ele>
      <time>2025-06-25T09:54:05Z</time>
    </rtept>
    <rtept lat="48.575707" lon="10.162783">
      <ele>534.13</ele>
      <time>2025-06-25T09:54:18Z</time>
    </rtept>
    <rtept lat="48.573819" lon="10.159092">
      <ele>535.58</ele>
      <time>2025-06-25T09:54:29Z</time>
    </rtept>
    <rtept lat="48.571694" lon="10.154972">
      <ele>537.5</ele>
      <time>2025-06-25T09:54:42Z</time>
    </rtept>
    <rtept lat="48.570428" lon="10.15244">
      <ele>537.5</ele>
      <time>2025-06-25T09:54:51Z</time>
    </rtept>
    <rtept lat="48.568669" lon="10.14905">
      <ele>538.46</ele>
      <time>2025-06-25T09:55:04Z</time>
    </rtept>
    <rtept lat="48.566416" lon="10.144608">
      <ele>541.82</ele>
      <time>2025-06-25T09:55:18Z</time>
    </rtept>
    <rtept lat="48.564227" lon="10.140188">
      <ele>537.02</ele>
      <time>2025-06-25T09:55:31Z</time>
    </rtept>
    <rtept lat="48.562403" lon="10.136519">
      <ele>533.65</ele>
      <time>2025-06-25T09:55:41Z</time>
    </rtept>
    <rtept lat="48.560386" lon="10.132291">
      <ele>520.2</ele>
      <time>2025-06-25T09:55:52Z</time>
    </rtept>
    <rtept lat="48.558584" lon="10.128193">
      <ele>511.06</ele>
      <time>2025-06-25T09:56:02Z</time>
    </rtept>
    <rtept lat="48.556824" lon="10.124159">
      <ele>511.54</ele>
      <time>2025-06-25T09:56:13Z</time>
    </rtept>
    <rtept lat="48.555344" lon="10.120683">
      <ele>516.35</ele>
      <time>2025-06-25T09:56:22Z</time>
    </rtept>
    <rtept lat="48.553627" lon="10.116713">
      <ele>521.64</ele>
      <time>2025-06-25T09:56:33Z</time>
    </rtept>
    <rtept lat="48.551782" lon="10.112701">
      <ele>520.2</ele>
      <time>2025-06-25T09:56:44Z</time>
    </rtept>
    <rtept lat="48.549164" lon="10.107851">
      <ele>512.99</ele>
      <time>2025-06-25T09:56:58Z</time>
    </rtept>
    <rtept lat="48.547018" lon="10.104332">
      <ele>506.26</ele>
      <time>2025-06-25T09:57:09Z</time>
    </rtept>
    <rtept lat="48.544615" lon="10.100877">
      <ele>503.85</ele>
      <time>2025-06-25T09:57:21Z</time>
    </rtept>
    <rtept lat="48.54189" lon="10.09738">
      <ele>500.97</ele>
      <time>2025-06-25T09:57:34Z</time>
    </rtept>
    <rtept lat="48.5388" lon="10.094011">
      <ele>504.81</ele>
      <time>2025-06-25T09:57:46Z</time>
    </rtept>
    <rtept lat="48.53644" lon="10.091715">
      <ele>508.18</ele>
      <time>2025-06-25T09:57:55Z</time>
    </rtept>
    <rtept lat="48.533457" lon="10.089183">
      <ele>512.5</ele>
      <time>2025-06-25T09:58:06Z</time>
    </rtept>
    <rtept lat="48.530903" lon="10.087295">
      <ele>519.71</ele>
      <time>2025-06-25T09:58:15Z</time>
    </rtept>
    <rtept lat="48.528092" lon="10.085514">
      <ele>521.64</ele>
      <time>2025-06-25T09:58:25Z</time>
    </rtept>
    <rtept lat="48.525732" lon="10.084248">
      <ele>524.04</ele>
      <time>2025-06-25T09:58:35Z</time>
    </rtept>
    <rtept lat="48.523179" lon="10.083068">
      <ele>530.77</ele>
      <time>2025-06-25T09:58:46Z</time>
    </rtept>
    <rtept lat="48.520239" lon="10.082038">
      <ele>527.41</ele>
      <time>2025-06-25T09:58:57Z</time>
    </rtept>
    <rtept lat="48.517643" lon="10.081415">
      <ele>525.0</ele>
      <time>2025-06-25T09:59:08Z</time>
    </rtept>
    <rtept lat="48.514875" lon="10.081029">
      <ele>531.73</ele>
      <time>2025-06-25T09:59:21Z</time>
    </rtept>
    <rtept lat="48.512858" lon="10.080965">
      <ele>528.85</ele>
      <time>2025-06-25T09:59:30Z</time>
    </rtept>
    <rtept lat="48.510175" lon="10.081051">
      <ele>519.23</ele>
      <time>2025-06-25T09:59:40Z</time>
    </rtept>
    <rtept lat="48.507536" lon="10.081415">
      <ele>512.5</ele>
      <time>2025-06-25T09:59:49Z</time>
    </rtept>
    <rtept lat="48.503931" lon="10.082317">
      <ele>496.16</ele>
      <time>2025-06-25T10:00:02Z</time>
    </rtept>
    <rtept lat="48.501549" lon="10.083196">
      <ele>487.99</ele>
      <time>2025-06-25T10:00:11Z</time>
    </rtept>
    <rtept lat="48.499511" lon="10.08414">
      <ele>487.03</ele>
      <time>2025-06-25T10:00:18Z</time>
    </rtept>
    <rtept lat="48.497065" lon="10.085535">
      <ele>483.67</ele>
      <time>2025-06-25T10:00:26Z</time>
    </rtept>
    <rtept lat="48.49464" lon="10.087209">
      <ele>480.78</ele>
      <time>2025-06-25T10:00:35Z</time>
    </rtept>
    <rtept lat="48.491486" lon="10.089784">
      <ele>481.26</ele>
      <time>2025-06-25T10:00:48Z</time>
    </rtept>
    <rtept lat="48.48904" lon="10.092187">
      <ele>474.05</ele>
      <time>2025-06-25T10:00:58Z</time>
    </rtept>
    <rtept lat="48.48625" lon="10.095513">
      <ele>469.73</ele>
      <time>2025-06-25T10:01:10Z</time>
    </rtept>
    <rtept lat="48.483997" lon="10.098517">
      <ele>471.17</ele>
      <time>2025-06-25T10:01:21Z</time>
    </rtept>
    <rtept lat="48.482195" lon="10.101028">
      <ele>470.21</ele>
      <time>2025-06-25T10:01:29Z</time>
    </rtept>
    <rtept lat="48.480478" lon="10.103409">
      <ele>468.28</ele>
      <time>2025-06-25T10:01:37Z</time>
    </rtept>
    <rtept lat="48.477688" lon="10.106778">
      <ele>469.73</ele>
      <time>2025-06-25T10:01:50Z</time>
    </rtept>
    <rtept lat="48.475478" lon="10.109031">
      <ele>468.28</ele>
      <time>2025-06-25T10:01:59Z</time>
    </rtept>
    <rtept lat="48.472882" lon="10.111177">
      <ele>467.8</ele>
      <time>2025-06-25T10:02:09Z</time>
    </rtept>
    <rtept lat="48.470629" lon="10.112765">
      <ele>467.8</ele>
      <time>2025-06-25T10:02:18Z</time>
    </rtept>
    <rtept lat="48.468183" lon="10.114203">
      <ele>458.67</ele>
      <time>2025-06-25T10:02:28Z</time>
    </rtept>
    <rtept lat="48.464814" lon="10.115662">
      <ele>463.0</ele>
      <time>2025-06-25T10:02:38Z</time>
    </rtept>
    <rtept lat="48.461466" lon="10.116606">
      <ele>462.52</ele>
      <time>2025-06-25T10:02:48Z</time>
    </rtept>
    <rtept lat="48.459406" lon="10.116949">
      <ele>463.96</ele>
      <time>2025-06-25T10:02:55Z</time>
    </rtept>
    <rtept lat="48.455737" lon="10.117121">
      <ele>460.59</ele>
      <time>2025-06-25T10:03:08Z</time>
    </rtept>
    <rtept lat="48.452476" lon="10.116756">
      <ele>461.07</ele>
      <time>2025-06-25T10:03:19Z</time>
    </rtept>
    <rtept lat="48.449214" lon="10.115984">
      <ele>462.52</ele>
      <time>2025-06-25T10:03:30Z</time>
    </rtept>
    <rtept lat="48.446446" lon="10.114889">
      <ele>462.52</ele>
      <time>2025-06-25T10:03:39Z</time>
    </rtept>
    <rtept lat="48.443721" lon="10.113516">
      <ele>465.4</ele>
      <time>2025-06-25T10:03:48Z</time>
    </rtept>
    <rtept lat="48.440781" lon="10.111606">
      <ele>468.28</ele>
      <time>2025-06-25T10:03:59Z</time>
    </rtept>
    <rtept lat="48.437691" lon="10.109031">
      <ele>466.36</ele>
      <time>2025-06-25T10:04:11Z</time>
    </rtept>
    <rtept lat="48.435395" lon="10.106778">
      <ele>464.44</ele>
      <time>2025-06-25T10:04:21Z</time>
    </rtept>
    <rtept lat="48.433292" lon="10.10459">
      <ele>461.07</ele>
      <time>2025-06-25T10:04:32Z</time>
    </rtept>
    <rtept lat="48.431683" lon="10.102916">
      <ele>459.63</ele>
      <time>2025-06-25T10:04:42Z</time>
    </rtept>
    <rtept lat="48.429151" lon="10.100534">
      <ele>460.59</ele>
      <time>2025-06-25T10:04:55Z</time>
    </rtept>
    <rtept lat="48.427005" lon="10.098796">
      <ele>464.92</ele>
      <time>2025-06-25T10:05:05Z</time>
    </rtept>
    <rtept lat="48.424602" lon="10.09723">
      <ele>467.32</ele>
      <time>2025-06-25T10:05:16Z</time>
    </rtept>
    <rtept lat="48.422006" lon="10.095921">
      <ele>468.28</ele>
      <time>2025-06-25T10:05:27Z</time>
    </rtept>
    <rtept lat="48.418744" lon="10.094762">
      <ele>469.73</ele>
      <time>2025-06-25T10:05:41Z</time>
    </rtept>
    <rtept lat="48.416126" lon="10.094247">
      <ele>469.73</ele>
      <time>2025-06-25T10:05:50Z</time>
    </rtept>
    <rtept lat="48.412607" lon="10.093882">
      <ele>467.8</ele>
      <time>2025-06-25T10:06:03Z</time>
    </rtept>
    <rtept lat="48.408959" lon="10.093603">
      <ele>466.84</ele>
      <time>2025-06-25T10:06:16Z</time>
    </rtept>
    <rtept lat="48.405676" lon="10.093088">
      <ele>465.88</ele>
      <time>2025-06-25T10:06:28Z</time>
    </rtept>
    <rtept lat="48.402351" lon="10.092144">
      <ele>467.32</ele>
      <time>2025-06-25T10:06:40Z</time>
    </rtept>
    <rtept lat="48.39866" lon="10.090492">
      <ele>471.17</ele>
      <time>2025-06-25T10:06:53Z</time>
    </rtept>
    <rtept lat="48.395827" lon="10.089054">
      <ele>473.57</ele>
      <time>2025-06-25T10:07:04Z</time>
    </rtept>
    <rtept lat="48.392544" lon="10.087552">
      <ele>477.9</ele>
      <time>2025-06-25T10:07:17Z</time>
    </rtept>
    <rtept lat="48.390055" lon="10.086672">
      <ele>480.78</ele>
      <time>2025-06-25T10:07:28Z</time>
    </rtept>
    <rtept lat="48.386837" lon="10.085943">
      <ele>483.18</ele>
      <time>2025-06-25T10:07:43Z</time>
    </rtept>
    <rtept lat="48.383833" lon="10.085642">
      <ele>486.07</ele>
      <time>2025-06-25T10:07:57Z</time>
    </rtept>
    <rtept lat="48.380464" lon="10.085471">
      <ele>490.88</ele>
      <time>2025-06-25T10:08:13Z</time>
    </rtept>
    <rtept lat="48.378275" lon="10.085321">
      <ele>493.28</ele>
      <time>2025-06-25T10:08:22Z</time>
    </rtept>
    <rtept lat="48.375786" lon="10.084956">
      <ele>497.12</ele>
      <time>2025-06-25T10:08:30Z</time>
    </rtept>
    <rtept lat="48.372589" lon="10.084098">
      <ele>502.41</ele>
      <time>2025-06-25T10:08:41Z</time>
    </rtept>
    <rtept lat="48.369585" lon="10.083089">
      <ele>504.81</ele>
      <time>2025-06-25T10:08:51Z</time>
    </rtept>
    <rtept lat="48.366173" lon="10.08208">
      <ele>512.02</ele>
      <time>2025-06-25T10:09:03Z</time>
    </rtept>
    <rtept lat="48.36289" lon="10.081501">
      <ele>514.43</ele>
      <time>2025-06-25T10:09:14Z</time>
    </rtept>
    <rtept lat="48.360057" lon="10.081372">
      <ele>516.35</ele>
      <time>2025-06-25T10:09:23Z</time>
    </rtept>
    <rtept lat="48.35686" lon="10.081651">
      <ele>515.39</ele>
      <time>2025-06-25T10:09:34Z</time>
    </rtept>
    <rtept lat="48.353427" lon="10.082359">
      <ele>515.87</ele>
      <time>2025-06-25T10:09:45Z</time>
    </rtept>
    <rtept lat="48.349822" lon="10.083475">
      <ele>515.39</ele>
      <time>2025-06-25T10:09:58Z</time>
    </rtept>
    <rtept lat="48.347033" lon="10.084462">
      <ele>511.54</ele>
      <time>2025-06-25T10:10:08Z</time>
    </rtept>
    <rtept lat="48.343986" lon="10.085557">
      <ele>511.54</ele>
      <time>2025-06-25T10:10:18Z</time>
    </rtept>
    <rtept lat="48.340746" lon="10.08663">
      <ele>513.47</ele>
      <time>2025-06-25T10:10:28Z</time>
    </rtept>
    <rtept lat="48.337527" lon="10.087488">
      <ele>519.23</ele>
      <time>2025-06-25T10:10:39Z</time>
    </rtept>
    <rtept lat="48.334072" lon="10.088046">
      <ele>523.56</ele>
      <time>2025-06-25T10:10:50Z</time>
    </rtept>
    <rtept lat="48.330682" lon="10.088346">
      <ele>525.48</ele>
      <time>2025-06-25T10:11:02Z</time>
    </rtept>
    <rtept lat="48.327571" lon="10.088582">
      <ele>529.81</ele>
      <time>2025-06-25T10:11:13Z</time>
    </rtept>
    <rtept lat="48.323236" lon="10.089204">
      <ele>531.25</ele>
      <time>2025-06-25T10:11:28Z</time>
    </rtept>
    <rtept lat="48.320447" lon="10.089934">
      <ele>526.92</ele>
      <time>2025-06-25T10:11:37Z</time>
    </rtept>
    <rtept lat="48.316842" lon="10.091543">
      <ele>524.52</ele>
      <time>2025-06-25T10:11:49Z</time>
    </rtept>
    <rtept lat="48.313923" lon="10.093475">
      <ele>528.37</ele>
      <time>2025-06-25T10:11:59Z</time>
    </rtept>
    <rtept lat="48.311349" lon="10.09562">
      <ele>533.65</ele>
      <time>2025-06-25T10:12:09Z</time>
    </rtept>
    <rtept lat="48.308859" lon="10.098195">
      <ele>537.02</ele>
      <time>2025-06-25T10:12:19Z</time>
    </rtept>
    <rtept lat="48.306113" lon="10.101328">
      <ele>536.54</ele>
      <time>2025-06-25T10:12:30Z</time>
    </rtept>
    <rtept lat="48.304697" lon="10.103002">
      <ele>535.58</ele>
      <time>2025-06-25T10:12:37Z</time>
    </rtept>
    <rtept lat="48.302529" lon="10.105534">
      <ele>534.13</ele>
      <time>2025-06-25T10:12:49Z</time>
    </rtept>
    <rtept lat="48.299847" lon="10.108366">
      <ele>530.29</ele>
      <time>2025-06-25T10:13:04Z</time>
    </rtept>
    <rtept lat="48.297873" lon="10.110147">
      <ele>530.29</ele>
      <time>2025-06-25T10:13:14Z</time>
    </rtept>
    <rtept lat="48.295727" lon="10.111714">
      <ele>534.13</ele>
      <time>2025-06-25T10:13:22Z</time>
    </rtept>
    <rtept lat="48.292552" lon="10.113409">
      <ele>535.58</ele>
      <time>2025-06-25T10:13:32Z</time>
    </rtept>
    <rtept lat="48.29017" lon="10.114224">
      <ele>538.94</ele>
      <time>2025-06-25T10:13:40Z</time>
    </rtept>
    <rtept lat="48.287252" lon="10.114696">
      <ele>540.38</ele>
      <time>2025-06-25T10:13:50Z</time>
    </rtept>
    <rtept lat="48.28414" lon="10.114632">
      <ele>541.82</ele>
      <time>2025-06-25T10:14:00Z</time>
    </rtept>
    <rtept lat="48.280686" lon="10.114052">
      <ele>545.19</ele>
      <time>2025-06-25T10:14:12Z</time>
    </rtept>
    <rtept lat="48.278111" lon="10.113602">
      <ele>549.03</ele>
      <time>2025-06-25T10:14:21Z</time>
    </rtept>
    <rtept lat="48.274892" lon="10.113473">
      <ele>549.03</ele>
      <time>2025-06-25T10:14:32Z</time>
    </rtept>
    <rtept lat="48.27163" lon="10.113924">
      <ele>544.71</ele>
      <time>2025-06-25T10:14:43Z</time>
    </rtept>
    <rtept lat="48.267425" lon="10.114718">
      <ele>530.29</ele>
      <time>2025-06-25T10:14:57Z</time>
    </rtept>
    <rtept lat="48.264013" lon="10.114803">
      <ele>527.89</ele>
      <time>2025-06-25T10:15:08Z</time>
    </rtept>
    <rtept lat="48.260429" lon="10.11431">
      <ele>535.58</ele>
      <time>2025-06-25T10:15:20Z</time>
    </rtept>
    <rtept lat="48.256503" lon="10.113645">
      <ele>542.31</ele>
      <time>2025-06-25T10:15:33Z</time>
    </rtept>
    <rtept lat="48.253177" lon="10.113731">
      <ele>542.31</ele>
      <time>2025-06-25T10:15:44Z</time>
    </rtept>
    <rtept lat="48.250173" lon="10.114439">
      <ele>535.1</ele>
      <time>2025-06-25T10:15:54Z</time>
    </rtept>
    <rtept lat="48.247576" lon="10.115533">
      <ele>528.37</ele>
      <time>2025-06-25T10:16:03Z</time>
    </rtept>
    <rtept lat="48.244165" lon="10.117529">
      <ele>525.96</ele>
      <time>2025-06-25T10:16:14Z</time>
    </rtept>
    <rtept lat="48.24116" lon="10.119481">
      <ele>521.64</ele>
      <time>2025-06-25T10:16:24Z</time>
    </rtept>
    <rtept lat="48.237298" lon="10.121777">
      <ele>520.68</ele>
      <time>2025-06-25T10:16:37Z</time>
    </rtept>
    <rtept lat="48.234037" lon="10.123236">
      <ele>518.75</ele>
      <time>2025-06-25T10:16:48Z</time>
    </rtept>
    <rtept lat="48.230732" lon="10.124374">
      <ele>519.23</ele>
      <time>2025-06-25T10:16:59Z</time>
    </rtept>
    <rtept lat="48.227106" lon="10.125125">
      <ele>521.16</ele>
      <time>2025-06-25T10:17:12Z</time>
    </rtept>
    <rtept lat="48.223351" lon="10.125511">
      <ele>523.56</ele>
      <time>2025-06-25T10:17:25Z</time>
    </rtept>
    <rtept lat="48.219467" lon="10.125361">
      <ele>525.48</ele>
      <time>2025-06-25T10:17:38Z</time>
    </rtept>
    <rtept lat="48.216248" lon="10.124867">
      <ele>526.92</ele>
      <time>2025-06-25T10:17:50Z</time>
    </rtept>
    <rtept lat="48.213394" lon="10.124245">
      <ele>529.33</ele>
      <time>2025-06-25T10:18:00Z</time>
    </rtept>
    <rtept lat="48.209639" lon="10.123387">
      <ele>532.21</ele>
      <time>2025-06-25T10:18:13Z</time>
    </rtept>
    <rtept lat="48.206506" lon="10.122764">
      <ele>535.58</ele>
      <time>2025-06-25T10:18:23Z</time>
    </rtept>
    <rtept lat="48.202987" lon="10.122399">
      <ele>537.5</ele>
      <time>2025-06-25T10:18:34Z</time>
    </rtept>
    <rtept lat="48.199769" lon="10.122442">
      <ele>540.86</ele>
      <time>2025-06-25T10:18:44Z</time>
    </rtept>
    <rtept lat="48.197129" lon="10.122786">
      <ele>541.34</ele>
      <time>2025-06-25T10:18:53Z</time>
    </rtept>
    <rtept lat="48.195198" lon="10.123258">
      <ele>542.31</ele>
      <time>2025-06-25T10:19:01Z</time>
    </rtept>
    <rtept lat="48.192001" lon="10.124202">
      <ele>544.71</ele>
      <time>2025-06-25T10:19:15Z</time>
    </rtept>
    <rtept lat="48.189126" lon="10.125125">
      <ele>548.55</ele>
      <time>2025-06-25T10:19:29Z</time>
    </rtept>
    <rtept lat="48.187645" lon="10.125532">
      <ele>550.96</ele>
      <time>2025-06-25T10:19:37Z</time>
    </rtept>
    <rtept lat="48.185628" lon="10.12609">
      <ele>554.8</ele>
      <time>2025-06-25T10:19:49Z</time>
    </rtept>
    <rtept lat="48.183418" lon="10.126584">
      <ele>556.24</ele>
      <time>2025-06-25T10:20:04Z</time>
    </rtept>
    <rtept lat="48.181744" lon="10.12697">
      <ele>558.65</ele>
      <time>2025-06-25T10:20:13Z</time>
    </rtept>
    <rtept lat="48.180028" lon="10.127421">
      <ele>561.05</ele>
      <time>2025-06-25T10:20:19Z</time>
    </rtept>
    <rtept lat="48.177689" lon="10.128236">
      <ele>564.42</ele>
      <time>2025-06-25T10:20:27Z</time>
    </rtept>
    <rtept lat="48.174599" lon="10.129652">
      <ele>570.66</ele>
      <time>2025-06-25T10:20:38Z</time>
    </rtept>
    <rtept lat="48.171895" lon="10.13094">
      <ele>572.11</ele>
      <time>2025-06-25T10:20:48Z</time>
    </rtept>
    <rtept lat="48.169599" lon="10.131648">
      <ele>576.43</ele>
      <time>2025-06-25T10:20:56Z</time>
    </rtept>
    <rtept lat="48.166874" lon="10.131927">
      <ele>581.24</ele>
      <time>2025-06-25T10:21:05Z</time>
    </rtept>
    <rtept lat="48.164213" lon="10.13154">
      <ele>581.72</ele>
      <time>2025-06-25T10:21:14Z</time>
    </rtept>
    <rtept lat="48.162604" lon="10.13109">
      <ele>583.16</ele>
      <time>2025-06-25T10:21:21Z</time>
    </rtept>
    <rtept lat="48.160844" lon="10.130382">
      <ele>584.12</ele>
      <time>2025-06-25T10:21:30Z</time>
    </rtept>
    <rtept lat="48.158227" lon="10.129008">
      <ele>581.24</ele>
      <time>2025-06-25T10:21:41Z</time>
    </rtept>
    <rtept lat="48.156059" lon="10.127528">
      <ele>576.91</ele>
      <time>2025-06-25T10:21:50Z</time>
    </rtept>
    <rtept lat="48.153635" lon="10.125489">
      <ele>567.3</ele>
      <time>2025-06-25T10:22:00Z</time>
    </rtept>
    <rtept lat="48.150952" lon="10.122657">
      <ele>552.4</ele>
      <time>2025-06-25T10:22:12Z</time>
    </rtept>
    <rtept lat="48.148356" lon="10.119803">
      <ele>542.31</ele>
      <time>2025-06-25T10:22:23Z</time>
    </rtept>
    <rtept lat="48.145416" lon="10.116713">
      <ele>536.54</ele>
      <time>2025-06-25T10:22:34Z</time>
    </rtept>
    <rtept lat="48.143356" lon="10.114825">
      <ele>533.65</ele>
      <time>2025-06-25T10:22:42Z</time>
    </rtept>
    <rtept lat="48.141468" lon="10.113473">
      <ele>535.1</ele>
      <time>2025-06-25T10:22:50Z</time>
    </rtept>
    <rtept lat="48.139387" lon="10.112229">
      <ele>535.1</ele>
      <time>2025-06-25T10:22:57Z</time>
    </rtept>
    <rtept lat="48.136812" lon="10.111091">
      <ele>537.5</ele>
      <time>2025-06-25T10:23:05Z</time>
    </rtept>
    <rtept lat="48.133958" lon="10.110319">
      <ele>541.82</ele>
      <time>2025-06-25T10:23:15Z</time>
    </rtept>
    <rtept lat="48.130825" lon="10.109933">
      <ele>541.82</ele>
      <time>2025-06-25T10:23:26Z</time>
    </rtept>
    <rtept lat="48.12737" lon="10.11019">
      <ele>537.5</ele>
      <time>2025-06-25T10:23:37Z</time>
    </rtept>
    <rtept lat="48.124388" lon="10.110941">
      <ele>537.02</ele>
      <time>2025-06-25T10:23:47Z</time>
    </rtept>
    <rtept lat="48.121276" lon="10.112271">
      <ele>537.5</ele>
      <time>2025-06-25T10:23:58Z</time>
    </rtept>
    <rtept lat="48.118702" lon="10.113838">
      <ele>538.94</ele>
      <time>2025-06-25T10:24:08Z</time>
    </rtept>
    <rtept lat="48.116642" lon="10.115469">
      <ele>536.54</ele>
      <time>2025-06-25T10:24:17Z</time>
    </rtept>
    <rtept lat="48.114603" lon="10.117378">
      <ele>539.9</ele>
      <time>2025-06-25T10:24:28Z</time>
    </rtept>
    <rtept lat="48.112286" lon="10.120039">
      <ele>541.34</ele>
      <time>2025-06-25T10:24:39Z</time>
    </rtept>
    <rtept lat="48.110247" lon="10.122657">
      <ele>541.82</ele>
      <time>2025-06-25T10:24:48Z</time>
    </rtept>
    <rtept lat="48.107737" lon="10.125811">
      <ele>543.27</ele>
      <time>2025-06-25T10:25:00Z</time>
    </rtept>
    <rtept lat="48.10587" lon="10.127785">
      <ele>543.75</ele>
      <time>2025-06-25T10:25:09Z</time>
    </rtept>
    <rtept lat="48.103831" lon="10.129545">
      <ele>543.27</ele>
      <time>2025-06-25T10:25:17Z</time>
    </rtept>
    <rtept lat="48.100634" lon="10.131648">
      <ele>544.71</ele>
      <time>2025-06-25T10:25:28Z</time>
    </rtept>
    <rtept lat="48.097394" lon="10.133128">
      <ele>544.71</ele>
      <time>2025-06-25T10:25:40Z</time>
    </rtept>
    <rtept lat="48.093596" lon="10.134351">
      <ele>545.67</ele>
      <time>2025-06-25T10:25:54Z</time>
    </rtept>
    <rtept lat="48.091364" lon="10.134995">
      <ele>547.59</ele>
      <time>2025-06-25T10:26:04Z</time>
    </rtept>
    <rtept lat="48.088489" lon="10.135725">
      <ele>549.03</ele>
      <time>2025-06-25T10:26:15Z</time>
    </rtept>
    <rtept lat="48.08467" lon="10.136626">
      <ele>549.52</ele>
      <time>2025-06-25T10:26:30Z</time>
    </rtept>
    <rtept lat="48.081365" lon="10.13727">
      <ele>548.07</ele>
      <time>2025-06-25T10:26:42Z</time>
    </rtept>
    <rtept lat="48.07834" lon="10.137785">
      <ele>551.92</ele>
      <time>2025-06-25T10:26:54Z</time>
    </rtept>
    <rtept lat="48.075722" lon="10.138214">
      <ele>552.88</ele>
      <time>2025-06-25T10:27:04Z</time>
    </rtept>
    <rtept lat="48.07231" lon="10.138643">
      <ele>557.69</ele>
      <time>2025-06-25T10:27:16Z</time>
    </rtept>
    <rtept lat="48.068383" lon="10.139029">
      <ele>556.72</ele>
      <time>2025-06-25T10:27:30Z</time>
    </rtept>
    <rtept lat="48.064929" lon="10.139179">
      <ele>554.32</ele>
      <time>2025-06-25T10:27:42Z</time>
    </rtept>
    <rtept lat="48.061238" lon="10.139094">
      <ele>557.21</ele>
      <time>2025-06-25T10:27:55Z</time>
    </rtept>
    <rtept lat="48.057354" lon="10.138557">
      <ele>557.21</ele>
      <time>2025-06-25T10:28:09Z</time>
    </rtept>
    <rtept lat="48.054371" lon="10.137849">
      <ele>558.17</ele>
      <time>2025-06-25T10:28:20Z</time>
    </rtept>
    <rtept lat="48.051432" lon="10.136883">
      <ele>559.13</ele>
      <time>2025-06-25T10:28:30Z</time>
    </rtept>
    <rtept lat="48.049028" lon="10.135982">
      <ele>559.61</ele>
      <time>2025-06-25T10:28:39Z</time>
    </rtept>
    <rtept lat="48.045273" lon="10.134502">
      <ele>560.09</ele>
      <time>2025-06-25T10:28:54Z</time>
    </rtept>
    <rtept lat="48.041819" lon="10.133236">
      <ele>562.49</ele>
      <time>2025-06-25T10:29:08Z</time>
    </rtept>
    <rtept lat="48.03845" lon="10.132249">
      <ele>563.45</ele>
      <time>2025-06-25T10:29:22Z</time>
    </rtept>
    <rtept lat="48.035832" lon="10.131734">
      <ele>564.9</ele>
      <time>2025-06-25T10:29:33Z</time>
    </rtept>
    <rtept lat="48.033107" lon="10.131455">
      <ele>564.42</ele>
      <time>2025-06-25T10:29:45Z</time>
    </rtept>
    <rtept lat="48.029566" lon="10.131326">
      <ele>568.26</ele>
      <time>2025-06-25T10:29:59Z</time>
    </rtept>
    <rtept lat="48.026133" lon="10.131562">
      <ele>572.59</ele>
      <time>2025-06-25T10:30:12Z</time>
    </rtept>
    <rtept lat="48.023751" lon="10.132034">
      <ele>573.55</ele>
      <time>2025-06-25T10:30:21Z</time>
    </rtept>
    <rtept lat="48.020855" lon="10.133064">
      <ele>573.55</ele>
      <time>2025-06-25T10:30:32Z</time>
    </rtept>
    <rtept lat="48.017915" lon="10.134652">
      <ele>573.55</ele>
      <time>2025-06-25T10:30:43Z</time>
    </rtept>
    <rtept lat="48.015469" lon="10.136433">
      <ele>574.99</ele>
      <time>2025-06-25T10:30:53Z</time>
    </rtept>
    <rtept lat="48.013173" lon="10.138536">
      <ele>574.99</ele>
      <time>2025-06-25T10:31:03Z</time>
    </rtept>
    <rtept lat="48.010512" lon="10.141454">
      <ele>579.8</ele>
      <time>2025-06-25T10:31:15Z</time>
    </rtept>
    <rtept lat="48.007358" lon="10.144866">
      <ele>589.89</ele>
      <time>2025-06-25T10:31:28Z</time>
    </rtept>
    <rtept lat="48.004568" lon="10.147269">
      <ele>591.33</ele>
      <time>2025-06-25T10:31:39Z</time>
    </rtept>
    <rtept lat="48.002036" lon="10.148857">
      <ele>593.25</ele>
      <time>2025-06-25T10:31:48Z</time>
    </rtept>
    <rtept lat="47.998882" lon="10.150101">
      <ele>595.18</ele>
      <time>2025-06-25T10:31:59Z</time>
    </rtept>
    <rtept lat="47.99547" lon="10.150659">
      <ele>596.62</ele>
      <time>2025-06-25T10:32:10Z</time>
    </rtept>
    <rtept lat="47.992251" lon="10.150552">
      <ele>599.98</ele>
      <time>2025-06-25T10:32:21Z</time>
    </rtept>
    <rtept lat="47.988711" lon="10.150402">
      <ele>602.87</ele>
      <time>2025-06-25T10:32:33Z</time>
    </rtept>
    <rtept lat="47.985771" lon="10.150874">
      <ele>603.35</ele>
      <time>2025-06-25T10:32:42Z</time>
    </rtept>
    <rtept lat="47.983025" lon="10.15199">
      <ele>607.67</ele>
      <time>2025-06-25T10:32:51Z</time>
    </rtept>
    <rtept lat="47.980364" lon="10.153813">
      <ele>610.56</ele>
      <time>2025-06-25T10:33:01Z</time>
    </rtept>
    <rtept lat="47.978025" lon="10.156131">
      <ele>614.4</ele>
      <time>2025-06-25T10:33:10Z</time>
    </rtept>
    <rtept lat="47.975922" lon="10.158985">
      <ele>619.21</ele>
      <time>2025-06-25T10:33:19Z</time>
    </rtept>
    <rtept lat="47.974141" lon="10.162375">
      <ele>621.61</ele>
      <time>2025-06-25T10:33:28Z</time>
    </rtept>
    <rtept lat="47.972768" lon="10.165765">
      <ele>622.09</ele>
      <time>2025-06-25T10:33:37Z</time>
    </rtept>
    <rtept lat="47.970815" lon="10.170679">
      <ele>624.5</ele>
      <time>2025-06-25T10:33:50Z</time>
    </rtept>
    <rtept lat="47.968627" lon="10.175164">
      <ele>626.9</ele>
      <time>2025-06-25T10:34:02Z</time>
    </rtept>
    <rtept lat="47.965751" lon="10.179734">
      <ele>621.61</ele>
      <time>2025-06-25T10:34:16Z</time>
    </rtept>
    <rtept lat="47.963756" lon="10.182524">
      <ele>616.33</ele>
      <time>2025-06-25T10:34:25Z</time>
    </rtept>
    <rtept lat="47.962146" lon="10.184541">
      <ele>610.56</ele>
      <time>2025-06-25T10:34:33Z</time>
    </rtept>
    <rtept lat="47.959786" lon="10.187137">
      <ele>611.52</ele>
      <time>2025-06-25T10:34:44Z</time>
    </rtept>
    <rtept lat="47.957233" lon="10.189562">
      <ele>614.88</ele>
      <time>2025-06-25T10:34:55Z</time>
    </rtept>
    <rtept lat="47.953928" lon="10.192244">
      <ele>616.33</ele>
      <time>2025-06-25T10:35:08Z</time>
    </rtept>
    <rtept lat="47.951761" lon="10.193703">
      <ele>615.85</ele>
      <time>2025-06-25T10:35:17Z</time>
    </rtept>
    <rtept lat="47.948864" lon="10.195377">
      <ele>616.33</ele>
      <time>2025-06-25T10:35:29Z</time>
    </rtept>
    <rtept lat="47.946139" lon="10.19675">
      <ele>619.21</ele>
      <time>2025-06-25T10:35:39Z</time>
    </rtept>
    <rtept lat="47.942856" lon="10.198338">
      <ele>619.69</ele>
      <time>2025-06-25T10:35:50Z</time>
    </rtept>
    <rtept lat="47.939337" lon="10.200141">
      <ele>621.13</ele>
      <time>2025-06-25T10:36:02Z</time>
    </rtept>
    <rtept lat="47.936268" lon="10.202115">
      <ele>624.5</ele>
      <time>2025-06-25T10:36:13Z</time>
    </rtept>
    <rtept lat="47.933822" lon="10.204089">
      <ele>626.42</ele>
      <time>2025-06-25T10:36:23Z</time>
    </rtept>
    <rtept lat="47.930968" lon="10.206707">
      <ele>629.3</ele>
      <time>2025-06-25T10:36:35Z</time>
    </rtept>
    <rtept lat="47.928801" lon="10.20911">
      <ele>631.23</ele>
      <time>2025-06-25T10:36:45Z</time>
    </rtept>
    <rtept lat="47.926462" lon="10.21205">
      <ele>632.67</ele>
      <time>2025-06-25T10:36:55Z</time>
    </rtept>
    <rtept lat="47.924038" lon="10.215483">
      <ele>635.55</ele>
      <time>2025-06-25T10:37:06Z</time>
    </rtept>
    <rtept lat="47.921613" lon="10.219388">
      <ele>638.92</ele>
      <time>2025-06-25T10:37:18Z</time>
    </rtept>
    <rtept lat="47.919338" lon="10.223186">
      <ele>642.28</ele>
      <time>2025-06-25T10:37:28Z</time>
    </rtept>
    <rtept lat="47.916871" lon="10.22737">
      <ele>646.13</ele>
      <time>2025-06-25T10:37:39Z</time>
    </rtept>
    <rtept lat="47.914017" lon="10.231919">
      <ele>648.05</ele>
      <time>2025-06-25T10:37:52Z</time>
    </rtept>
    <rtept lat="47.911592" lon="10.235009">
      <ele>650.45</ele>
      <time>2025-06-25T10:38:02Z</time>
    </rtept>
    <rtept lat="47.908738" lon="10.238013">
      <ele>654.3</ele>
      <time>2025-06-25T10:38:14Z</time>
    </rtept>
    <rtept lat="47.906142" lon="10.240138">
      <ele>656.7</ele>
      <time>2025-06-25T10:38:24Z</time>
    </rtept>
    <rtept lat="47.903631" lon="10.241833">
      <ele>659.59</ele>
      <time>2025-06-25T10:38:33Z</time>
    </rtept>
    <rtept lat="47.901872" lon="10.242756">
      <ele>661.51</ele>
      <time>2025-06-25T10:38:40Z</time>
    </rtept>
    <rtept lat="47.90052" lon="10.243356">
      <ele>663.91</ele>
      <time>2025-06-25T10:38:45Z</time>
    </rtept>
    <rtept lat="47.897838" lon="10.244279">
      <ele>668.72</ele>
      <time>2025-06-25T10:38:54Z</time>
    </rtept>
    <rtept lat="47.894576" lon="10.244966">
      <ele>671.6</ele>
      <time>2025-06-25T10:39:04Z</time>
    </rtept>
    <rtept lat="47.892087" lon="10.245266">
      <ele>674.0</ele>
      <time>2025-06-25T10:39:12Z</time>
    </rtept>
    <rtept lat="47.88771" lon="10.245674">
      <ele>680.25</ele>
      <time>2025-06-25T10:39:27Z</time>
    </rtept>
    <rtept lat="47.885156" lon="10.24591">
      <ele>681.21</ele>
      <time>2025-06-25T10:39:36Z</time>
    </rtept>
    <rtept lat="47.881981" lon="10.246318">
      <ele>680.25</ele>
      <time>2025-06-25T10:39:47Z</time>
    </rtept>
    <rtept lat="47.879191" lon="10.247026">
      <ele>681.7</ele>
      <time>2025-06-25T10:39:57Z</time>
    </rtept>
    <rtept lat="47.876831" lon="10.248184">
      <ele>682.66</ele>
      <time>2025-06-25T10:40:05Z</time>
    </rtept>
    <rtept lat="47.875329" lon="10.2493">
      <ele>681.21</ele>
      <time>2025-06-25T10:40:11Z</time>
    </rtept>
    <rtept lat="47.873269" lon="10.251424">
      <ele>684.1</ele>
      <time>2025-06-25T10:40:20Z</time>
    </rtept>
    <rtept lat="47.871359" lon="10.254192">
      <ele>688.42</ele>
      <time>2025-06-25T10:40:29Z</time>
    </rtept>
    <rtept lat="47.869857" lon="10.257325">
      <ele>695.63</ele>
      <time>2025-06-25T10:40:38Z</time>
    </rtept>
    <rtept lat="47.868484" lon="10.260973">
      <ele>703.32</ele>
      <time>2025-06-25T10:40:48Z</time>
    </rtept>
    <rtept lat="47.866767" lon="10.265844">
      <ele>715.82</ele>
      <time>2025-06-25T10:41:01Z</time>
    </rtept>
    <rtept lat="47.865093" lon="10.269985">
      <ele>724.95</ele>
      <time>2025-06-25T10:41:12Z</time>
    </rtept>
    <rtept lat="47.863226" lon="10.27314">
      <ele>731.2</ele>
      <time>2025-06-25T10:41:21Z</time>
    </rtept>
    <rtept lat="47.861167" lon="10.275715">
      <ele>735.53</ele>
      <time>2025-06-25T10:41:30Z</time>
    </rtept>
    <rtept lat="47.858935" lon="10.277796">
      <ele>736.97</ele>
      <time>2025-06-25T10:41:40Z</time>
    </rtept>
    <rtept lat="47.856274" lon="10.27947">
      <ele>735.05</ele>
      <time>2025-06-25T10:41:50Z</time>
    </rtept>
    <rtept lat="47.854043" lon="10.280414">
      <ele>733.13</ele>
      <time>2025-06-25T10:41:59Z</time>
    </rtept>
    <rtept lat="47.850953" lon="10.281294">
      <ele>730.72</ele>
      <time>2025-06-25T10:42:11Z</time>
    </rtept>
    <rtept lat="47.847434" lon="10.282023">
      <ele>726.88</ele>
      <time>2025-06-25T10:42:24Z</time>
    </rtept>
    <rtept lat="47.843743" lon="10.282753">
      <ele>718.23</ele>
      <time>2025-06-25T10:42:37Z</time>
    </rtept>
    <rtept lat="47.84061" lon="10.283439">
      <ele>714.86</ele>
      <time>2025-06-25T10:42:48Z</time>
    </rtept>
    <rtept lat="47.837005" lon="10.284448">
      <ele>710.05</ele>
      <time>2025-06-25T10:43:00Z</time>
    </rtept>
    <rtept lat="47.832478" lon="10.2861">
      <ele>708.61</ele>
      <time>2025-06-25T10:43:15Z</time>
    </rtept>
    <rtept lat="47.828315" lon="10.288053">
      <ele>707.17</ele>
      <time>2025-06-25T10:43:29Z</time>
    </rtept>
    <rtept lat="47.824345" lon="10.290327">
      <ele>712.94</ele>
      <time>2025-06-25T10:43:43Z</time>
    </rtept>
    <rtept lat="47.82029" lon="10.293095">
      <ele>711.98</ele>
      <time>2025-06-25T10:43:58Z</time>
    </rtept>
    <rtept lat="47.816856" lon="10.295863">
      <ele>700.44</ele>
      <time>2025-06-25T10:44:11Z</time>
    </rtept>
    <rtept lat="47.812994" lon="10.299447">
      <ele>690.35</ele>
      <time>2025-06-25T10:44:26Z</time>
    </rtept>
    <rtept lat="47.809496" lon="10.30318">
      <ele>693.71</ele>
      <time>2025-06-25T10:44:40Z</time>
    </rtept>
    <rtept lat="47.805505" lon="10.307837">
      <ele>695.63</ele>
      <time>2025-06-25T10:44:56Z</time>
    </rtept>
    <rtept lat="47.801686" lon="10.312429">
      <ele>699.96</ele>
      <time>2025-06-25T10:45:12Z</time>
    </rtept>
    <rtept lat="47.798961" lon="10.315712">
      <ele>700.92</ele>
      <time>2025-06-25T10:45:23Z</time>
    </rtept>
    <rtept lat="47.796214" lon="10.31893">
      <ele>702.84</ele>
      <time>2025-06-25T10:45:35Z</time>
    </rtept>
    <rtept lat="47.794219" lon="10.320969">
      <ele>703.32</ele>
      <time>2025-06-25T10:45:43Z</time>
    </rtept>
    <rtept lat="47.7913" lon="10.323308">
      <ele>699.96</ele>
      <time>2025-06-25T10:45:54Z</time>
    </rtept>
    <rtept lat="47.787996" lon="10.325196">
      <ele>700.44</ele>
      <time>2025-06-25T10:46:05Z</time>
    </rtept>
    <rtept lat="47.785142" lon="10.32629">
      <ele>701.4</ele>
      <time>2025-06-25T10:46:14Z</time>
    </rtept>
    <rtept lat="47.782996" lon="10.326762">
      <ele>702.84</ele>
      <time>2025-06-25T10:46:21Z</time>
    </rtept>
    <rtept lat="47.779799" lon="10.326998">
      <ele>704.29</ele>
      <time>2025-06-25T10:46:32Z</time>
    </rtept>
    <rtept lat="47.776881" lon="10.326762">
      <ele>704.29</ele>
      <time>2025-06-25T10:46:42Z</time>
    </rtept>
    <rtept lat="47.773491" lon="10.325925">
      <ele>700.92</ele>
      <time>2025-06-25T10:46:53Z</time>
    </rtept>
    <rtept lat="47.769499" lon="10.325067">
      <ele>692.27</ele>
      <time>2025-06-25T10:47:07Z</time>
    </rtept>
    <rtept lat="47.766882" lon="10.325217">
      <ele>689.39</ele>
      <time>2025-06-25T10:47:16Z</time>
    </rtept>
    <rtept lat="47.764628" lon="10.325883">
      <ele>690.35</ele>
      <time>2025-06-25T10:47:24Z</time>
    </rtept>
    <rtept lat="47.759736" lon="10.327642">
      <ele>696.6</ele>
      <time>2025-06-25T10:47:42Z</time>
    </rtept>
    <rtept lat="47.756217" lon="10.328994">
      <ele>700.44</ele>
      <time>2025-06-25T10:47:54Z</time>
    </rtept>
    <rtept lat="47.75317" lon="10.330474">
      <ele>703.81</ele>
      <time>2025-06-25T10:48:05Z</time>
    </rtept>
    <rtept lat="47.75081" lon="10.331998">
      <ele>706.69</ele>
      <time>2025-06-25T10:48:14Z</time>
    </rtept>
    <rtept lat="47.748085" lon="10.334144">
      <ele>710.53</ele>
      <time>2025-06-25T10:48:24Z</time>
    </rtept>
    <rtept lat="47.744673" lon="10.337191">
      <ele>717.74</ele>
      <time>2025-06-25T10:48:38Z</time>
    </rtept>
    <rtept lat="47.741519" lon="10.340045">
      <ele>722.55</ele>
      <time>2025-06-25T10:48:50Z</time>
    </rtept>
    <rtept lat="47.737892" lon="10.343371">
      <ele>728.32</ele>
      <time>2025-06-25T10:49:04Z</time>
    </rtept>
    <rtept lat="47.735468" lon="10.345559">
      <ele>731.68</ele>
      <time>2025-06-25T10:49:14Z</time>
    </rtept>
    <rtept lat="47.7333" lon="10.347512">
      <ele>734.09</ele>
      <time>2025-06-25T10:49:21Z</time>
    </rtept>
    <rtept lat="47.730532" lon="10.350022">
      <ele>735.53</ele>
      <time>2025-06-25T10:49:32Z</time>
    </rtept>
    <rtept lat="47.72755" lon="10.352919">
      <ele>731.2</ele>
      <time>2025-06-25T10:49:44Z</time>
    </rtept>
    <rtept lat="47.72594" lon="10.354807">
      <ele>732.16</ele>
      <time>2025-06-25T10:49:51Z</time>
    </rtept>
    <rtept lat="47.724095" lon="10.357039">
      <ele>729.28</ele>
      <time>2025-06-25T10:49:59Z</time>
    </rtept>
    <rtept lat="47.722314" lon="10.358884">
      <ele>727.36</ele>
      <time>2025-06-25T10:50:06Z</time>
    </rtept>
    <rtept lat="47.720404" lon="10.360215">
      <ele>731.2</ele>
      <time>2025-06-25T10:50:14Z</time>
    </rtept>
    <rtept lat="47.718301" lon="10.36103">
      <ele>735.53</ele>
      <time>2025-06-25T10:50:22Z</time>
    </rtept>
    <rtept lat="47.716156" lon="10.361309">
      <ele>741.3</ele>
      <time>2025-06-25T10:50:30Z</time>
    </rtept>
    <rtept lat="47.713667" lon="10.361803">
      <ele>748.99</ele>
      <time>2025-06-25T10:50:40Z</time>
    </rtept>
    <rtept lat="47.711585" lon="10.362768">
      <ele>754.75</ele>
      <time>2025-06-25T10:50:48Z</time>
    </rtept>
    <rtept lat="47.709053" lon="10.364463">
      <ele>761.48</ele>
      <time>2025-06-25T10:50:58Z</time>
    </rtept>
    <rtept lat="47.707165" lon="10.365687">
      <ele>768.21</ele>
      <time>2025-06-25T10:51:04Z</time>
    </rtept>
    <rtept lat="47.70459" lon="10.366695">
      <ele>776.38</ele>
      <time>2025-06-25T10:51:11Z</time>
    </rtept>
    <rtept lat="47.702423" lon="10.366759">
      <ele>781.67</ele>
      <time>2025-06-25T10:51:18Z</time>
    </rtept>
    <rtept lat="47.700148" lon="10.366352">
      <ele>784.56</ele>
      <time>2025-06-25T10:51:24Z</time>
    </rtept>
    <rtept lat="47.698002" lon="10.366073">
      <ele>787.44</ele>
      <time>2025-06-25T10:51:31Z</time>
    </rtept>
    <rtept lat="47.694934" lon="10.36603">
      <ele>789.36</ele>
      <time>2025-06-25T10:51:41Z</time>
    </rtept>
    <rtept lat="47.69193" lon="10.366395">
      <ele>789.84</ele>
      <time>2025-06-25T10:51:51Z</time>
    </rtept>
    <rtept lat="47.689548" lon="10.367017">
      <ele>791.28</ele>
      <time>2025-06-25T10:51:58Z</time>
    </rtept>
    <rtept lat="47.686909" lon="10.368025">
      <ele>793.69</ele>
      <time>2025-06-25T10:52:06Z</time>
    </rtept>
    <rtept lat="47.683454" lon="10.369892">
      <ele>794.65</ele>
      <time>2025-06-25T10:52:17Z</time>
    </rtept>
    <rtept lat="47.680235" lon="10.372317">
      <ele>797.53</ele>
      <time>2025-06-25T10:52:28Z</time>
    </rtept>
    <rtept lat="47.677811" lon="10.374763">
      <ele>798.98</ele>
      <time>2025-06-25T10:52:37Z</time>
    </rtept>
    <rtept lat="47.676373" lon="10.377038">
      <ele>805.7</ele>
      <time>2025-06-25T10:52:44Z</time>
    </rtept>
    <rtept lat="47.675171" lon="10.380063">
      <ele>816.28</ele>
      <time>2025-06-25T10:52:52Z</time>
    </rtept>
    <rtept lat="47.674592" lon="10.382981">
      <ele>825.41</ele>
      <time>2025-06-25T10:52:59Z</time>
    </rtept>
    <rtept lat="47.674485" lon="10.385857">
      <ele>832.14</ele>
      <time>2025-06-25T10:53:05Z</time>
    </rtept>
    <rtept lat="47.674807" lon="10.388796">
      <ele>839.83</ele>
      <time>2025-06-25T10:53:11Z</time>
    </rtept>
    <rtept lat="47.675536" lon="10.391586">
      <ele>846.08</ele>
      <time>2025-06-25T10:53:17Z</time>
    </rtept>
    <rtept lat="47.67648" lon="10.395126">
      <ele>860.98</ele>
      <time>2025-06-25T10:53:25Z</time>
    </rtept>
    <rtept lat="47.676781" lon="10.398109">
      <ele>870.59</ele>
      <time>2025-06-25T10:53:32Z</time>
    </rtept>
    <rtept lat="47.676631" lon="10.401242">
      <ele>874.44</ele>
      <time>2025-06-25T10:53:39Z</time>
    </rtept>
    <rtept lat="47.676094" lon="10.404225">
      <ele>880.69</ele>
      <time>2025-06-25T10:53:46Z</time>
    </rtept>
    <rtept lat="47.675021" lon="10.407057">
      <ele>885.49</ele>
      <time>2025-06-25T10:53:53Z</time>
    </rtept>
    <rtept lat="47.673605" lon="10.409482">
      <ele>889.82</ele>
      <time>2025-06-25T10:54:00Z</time>
    </rtept>
    <rtept lat="47.671888" lon="10.411327">
      <ele>893.66</ele>
      <time>2025-06-25T10:54:07Z</time>
    </rtept>
    <rtept lat="47.669979" lon="10.412722">
      <ele>893.66</ele>
      <time>2025-06-25T10:54:14Z</time>
    </rtept>
    <rtept lat="47.667125" lon="10.414524">
      <ele>895.11</ele>
      <time>2025-06-25T10:54:25Z</time>
    </rtept>
    <rtept lat="47.664335" lon="10.416842">
      <ele>897.51</ele>
      <time>2025-06-25T10:54:36Z</time>
    </rtept>
    <rtept lat="47.661954" lon="10.419502">
      <ele>899.43</ele>
      <time>2025-06-25T10:54:46Z</time>
    </rtept>
    <rtept lat="47.659808" lon="10.422657">
      <ele>898.47</ele>
      <time>2025-06-25T10:54:56Z</time>
    </rtept>
    <rtept lat="47.65822" lon="10.425575">
      <ele>896.55</ele>
      <time>2025-06-25T10:55:04Z</time>
    </rtept>
    <rtept lat="47.656739" lon="10.429158">
      <ele>894.15</ele>
      <time>2025-06-25T10:55:12Z</time>
    </rtept>
    <rtept lat="47.655473" lon="10.433321">
      <ele>891.26</ele>
      <time>2025-06-25T10:55:20Z</time>
    </rtept>
    <rtept lat="47.654636" lon="10.43757">
      <ele>889.82</ele>
      <time>2025-06-25T10:55:28Z</time>
    </rtept>
    <rtept lat="47.654164" lon="10.442033">
      <ele>886.94</ele>
      <time>2025-06-25T10:55:36Z</time>
    </rtept>
    <rtept lat="47.654079" lon="10.445016">
      <ele>883.09</ele>
      <time>2025-06-25T10:55:42Z</time>
    </rtept>
    <rtept lat="47.654079" lon="10.449243">
      <ele>882.61</ele>
      <time>2025-06-25T10:55:51Z</time>
    </rtept>
    <rtept lat="47.6541" lon="10.452354">
      <ele>878.76</ele>
      <time>2025-06-25T10:55:59Z</time>
    </rtept>
    <rtept lat="47.6541" lon="10.456517">
      <ele>876.36</ele>
      <time>2025-06-25T10:56:09Z</time>
    </rtept>
    <rtept lat="47.654014" lon="10.459457">
      <ele>874.92</ele>
      <time>2025-06-25T10:56:16Z</time>
    </rtept>
    <rtept lat="47.653864" lon="10.461602">
      <ele>873.0</ele>
      <time>2025-06-25T10:56:23Z</time>
    </rtept>
    <rtept lat="47.653843" lon="10.46186">
      <ele>873.0</ele>
      <time>2025-06-25T10:56:24Z</time>
    </rtept>
    <rtept lat="47.653821" lon="10.462096">
      <ele>873.48</ele>
      <time>2025-06-25T10:56:25Z</time>
    </rtept>
    <rtept lat="47.653521" lon="10.461989">
      <ele>873.96</ele>
      <time>2025-06-25T10:56:26Z</time>
    </rtept>
    <rtept lat="47.653328" lon="10.462203">
      <ele>876.84</ele>
      <time>2025-06-25T10:56:27Z</time>
    </rtept>
    <rtept lat="47.653156" lon="10.462375">
      <ele>879.24</ele>
      <time>2025-06-25T10:56:28Z</time>
    </rtept>
    <rtept lat="47.653027" lon="10.462589">
      <ele>877.8</ele>
      <time>2025-06-25T10:56:29Z</time>
    </rtept>
    <rtept lat="47.652941" lon="10.462783">
      <ele>876.36</ele>
      <time>2025-06-25T10:56:30Z</time>
    </rtept>
    <rtept lat="47.652855" lon="10.463061">
      <ele>875.88</ele>
      <time>2025-06-25T10:56:31Z</time>
    </rtept>
    <rtept lat="47.652791" lon="10.463297">
      <ele>875.88</ele>
      <time>2025-06-25T10:56:32Z</time>
    </rtept>
    <rtept lat="47.652748" lon="10.463491">
      <ele>876.36</ele>
      <time>2025-06-25T10:56:33Z</time>
    </rtept>
    <rtept lat="47.652684" lon="10.463662">
      <ele>877.8</ele>
      <time>2025-06-25T10:56:34Z</time>
    </rtept>
    <rtept lat="47.652448" lon="10.464392">
      <ele>884.53</ele>
      <time>2025-06-25T10:56:39Z</time>
    </rtept>
    <rtept lat="47.652448" lon="10.464435">
      <ele>885.01</ele>
      <time>2025-06-25T10:56:40Z</time>
    </rtept>
    <rtept lat="47.652426" lon="10.464478">
      <ele>884.53</ele>
      <time>2025-06-25T10:56:41Z</time>
    </rtept>
    <rtept lat="47.652383" lon="10.464456">
      <ele>883.57</ele>
      <time>2025-06-25T10:56:42Z</time>
    </rtept>
    <rtept lat="47.652319" lon="10.464435">
      <ele>882.61</ele>
      <time>2025-06-25T10:56:47Z</time>
    </rtept>
    <rtept lat="47.652255" lon="10.46437">
      <ele>881.65</ele>
      <time>2025-06-25T10:56:48Z</time>
    </rtept>
    <rtept lat="47.652147" lon="10.464306">
      <ele>881.17</ele>
      <time>2025-06-25T10:56:49Z</time>
    </rtept>
    <rtept lat="47.651074" lon="10.463662">
      <ele>878.28</ele>
      <time>2025-06-25T10:56:56Z</time>
    </rtept>
    <rtept lat="47.64953" lon="10.463469">
      <ele>884.05</ele>
      <time>2025-06-25T10:57:04Z</time>
    </rtept>
    <rtept lat="47.648178" lon="10.463898">
      <ele>886.45</ele>
      <time>2025-06-25T10:57:11Z</time>
    </rtept>
    <rtept lat="47.646483" lon="10.465272">
      <ele>888.86</ele>
      <time>2025-06-25T10:57:20Z</time>
    </rtept>
    <rtept lat="47.644122" lon="10.467353">
      <ele>890.3</ele>
      <time>2025-06-25T10:57:32Z</time>
    </rtept>
    <rtept lat="47.641934" lon="10.468941">
      <ele>893.18</ele>
      <time>2025-06-25T10:57:42Z</time>
    </rtept>
    <rtept lat="47.640024" lon="10.469391">
      <ele>896.55</ele>
      <time>2025-06-25T10:57:50Z</time>
    </rtept>
    <rtept lat="47.638372" lon="10.469134">
      <ele>902.8</ele>
      <time>2025-06-25T10:57:57Z</time>
    </rtept>
    <rtept lat="47.637277" lon="10.468576">
      <ele>907.12</ele>
      <time>2025-06-25T10:58:03Z</time>
    </rtept>
    <rtept lat="47.636569" lon="10.468083">
      <ele>906.16</ele>
      <time>2025-06-25T10:58:10Z</time>
    </rtept>
    <rtept lat="47.63644" lon="10.467975">
      <ele>907.6</ele>
      <time>2025-06-25T10:58:16Z</time>
    </rtept>
    <rtept lat="47.636397" lon="10.467932">
      <ele>907.12</ele>
      <time>2025-06-25T10:58:17Z</time>
    </rtept>
    <rtept lat="47.636376" lon="10.467911">
      <ele>907.6</ele>
      <time>2025-06-25T10:58:18Z</time>
    </rtept>
    <rtept lat="47.636397" lon="10.467761">
      <ele>909.53</ele>
      <time>2025-06-25T10:58:19Z</time>
    </rtept>
    <rtept lat="47.636355" lon="10.46761">
      <ele>910.49</ele>
      <time>2025-06-25T10:58:20Z</time>
    </rtept>
    <rtept lat="47.636312" lon="10.467525">
      <ele>909.53</ele>
      <time>2025-06-25T10:58:21Z</time>
    </rtept>
    <rtept lat="47.636247" lon="10.46746">
      <ele>908.56</ele>
      <time>2025-06-25T10:58:22Z</time>
    </rtept>
    <rtept lat="47.636183" lon="10.46746">
      <ele>906.64</ele>
      <time>2025-06-25T10:58:23Z</time>
    </rtept>
    <rtept lat="47.636161" lon="10.46746">
      <ele>906.64</ele>
      <time>2025-06-25T10:58:24Z</time>
    </rtept>
    <rtept lat="47.635968" lon="10.467525">
      <ele>907.12</ele>
      <time>2025-06-25T10:58:25Z</time>
    </rtept>
    <rtept lat="47.635904" lon="10.46746">
      <ele>907.6</ele>
      <time>2025-06-25T10:58:26Z</time>
    </rtept>
    <rtept lat="47.635797" lon="10.467332">
      <ele>908.08</ele>
      <time>2025-06-25T10:58:27Z</time>
    </rtept>
    <rtept lat="47.635389" lon="10.466795">
      <ele>908.08</ele>
      <time>2025-06-25T10:58:30Z</time>
    </rtept>
    <rtept lat="47.634938" lon="10.465915">
      <ele>906.64</ele>
      <time>2025-06-25T10:58:33Z</time>
    </rtept>
    <rtept lat="47.63481" lon="10.465551">
      <ele>907.6</ele>
      <time>2025-06-25T10:58:34Z</time>
    </rtept>
    <rtept lat="47.634702" lon="10.465229">
      <ele>908.08</ele>
      <time>2025-06-25T10:58:35Z</time>
    </rtept>
    <rtept lat="47.634595" lon="10.464907">
      <ele>906.64</ele>
      <time>2025-06-25T10:58:36Z</time>
    </rtept>
    <rtept lat="47.634531" lon="10.464521">
      <ele>906.16</ele>
      <time>2025-06-25T10:58:37Z</time>
    </rtept>
    <rtept lat="47.634488" lon="10.464156">
      <ele>906.16</ele>
      <time>2025-06-25T10:58:38Z</time>
    </rtept>
    <rtept lat="47.634423" lon="10.463791">
      <ele>902.32</ele>
      <time>2025-06-25T10:58:39Z</time>
    </rtept>
    <rtept lat="47.634402" lon="10.463426">
      <ele>901.35</ele>
      <time>2025-06-25T10:58:40Z</time>
    </rtept>
    <rtept lat="47.63438" lon="10.463083">
      <ele>900.87</ele>
      <time>2025-06-25T10:58:41Z</time>
    </rtept>
    <rtept lat="47.634016" lon="10.460401">
      <ele>898.95</ele>
      <time>2025-06-25T10:58:49Z</time>
    </rtept>
    <rtept lat="47.633265" lon="10.458899">
      <ele>895.11</ele>
      <time>2025-06-25T10:58:55Z</time>
    </rtept>
    <rtept lat="47.63305" lon="10.458233">
      <ele>899.43</ele>
      <time>2025-06-25T10:58:59Z</time>
    </rtept>
    <rtept lat="47.633007" lon="10.458105">
      <ele>899.43</ele>
      <time>2025-06-25T10:59:00Z</time>
    </rtept>
    <rtept lat="47.632878" lon="10.457997">
      <ele>899.91</ele>
      <time>2025-06-25T10:59:01Z</time>
    </rtept>
    <rtept lat="47.632857" lon="10.457997">
      <ele>899.43</ele>
      <time>2025-06-25T10:59:02Z</time>
    </rtept>
    <rtept lat="47.632857" lon="10.457997">
      <ele>898.47</ele>
      <time>2025-06-25T10:59:03Z</time>
    </rtept>
    <rtept lat="47.632557" lon="10.458019">
      <ele>897.99</ele>
      <time>2025-06-25T10:59:04Z</time>
    </rtept>
    <rtept lat="47.632471" lon="10.457912">
      <ele>897.03</ele>
      <time>2025-06-25T10:59:05Z</time>
    </rtept>
    <rtept lat="47.632342" lon="10.457761">
      <ele>897.03</ele>
      <time>2025-06-25T10:59:06Z</time>
    </rtept>
    <rtept lat="47.632213" lon="10.45759">
      <ele>896.55</ele>
      <time>2025-06-25T10:59:07Z</time>
    </rtept>
    <rtept lat="47.630926" lon="10.456066">
      <ele>891.74</ele>
      <time>2025-06-25T10:59:15Z</time>
    </rtept>
    <rtept lat="47.629037" lon="10.453706">
      <ele>892.7</ele>
      <time>2025-06-25T10:59:26Z</time>
    </rtept>
    <rtept lat="47.62775" lon="10.45156">
      <ele>892.7</ele>
      <time>2025-06-25T10:59:33Z</time>
    </rtept>
    <rtept lat="47.626463" lon="10.448685">
      <ele>892.22</ele>
      <time>2025-06-25T10:59:41Z</time>
    </rtept>
    <rtept lat="47.625647" lon="10.447097">
      <ele>894.15</ele>
      <time>2025-06-25T10:59:47Z</time>
    </rtept>
    <rtept lat="47.624145" lon="10.444672">
      <ele>896.07</ele>
      <time>2025-06-25T10:59:57Z</time>
    </rtept>
    <rtept lat="47.621999" lon="10.441668">
      <ele>897.03</ele>
      <time>2025-06-25T11:00:10Z</time>
    </rtept>
    <rtept lat="47.620175" lon="10.439458">
      <ele>893.66</ele>
      <time>2025-06-25T11:00:19Z</time>
    </rtept>
    <rtept lat="47.617171" lon="10.436411">
      <ele>885.97</ele>
      <time>2025-06-25T11:00:32Z</time>
    </rtept>
    <rtept lat="47.613631" lon="10.433579">
      <ele>884.53</ele>
      <time>2025-06-25T11:00:46Z</time>
    </rtept>
    <rtept lat="47.611914" lon="10.43227">
      <ele>887.42</ele>
      <time>2025-06-25T11:00:54Z</time>
    </rtept>
    <rtept lat="47.609296" lon="10.429845">
      <ele>889.34</ele>
      <time>2025-06-25T11:01:06Z</time>
    </rtept>
    <rtept lat="47.607322" lon="10.427613">
      <ele>888.86</ele>
      <time>2025-06-25T11:01:16Z</time>
    </rtept>
    <rtept lat="47.60479" lon="10.424373">
      <ele>888.86</ele>
      <time>2025-06-25T11:01:30Z</time>
    </rtept>
    <rtept lat="47.603267" lon="10.422399">
      <ele>891.26</ele>
      <time>2025-06-25T11:01:41Z</time>
    </rtept>
    <rtept lat="47.601464" lon="10.420232">
      <ele>896.55</ele>
      <time>2025-06-25T11:01:54Z</time>
    </rtept>
    <rtept lat="47.599898" lon="10.418816">
      <ele>895.11</ele>
      <time>2025-06-25T11:02:05Z</time>
    </rtept>
    <rtept lat="47.598181" lon="10.417764">
      <ele>898.95</ele>
      <time>2025-06-25T11:02:16Z</time>
    </rtept>
    <rtept lat="47.596808" lon="10.417228">
      <ele>898.95</ele>
      <time>2025-06-25T11:02:22Z</time>
    </rtept>
    <rtept lat="47.595327" lon="10.416391">
      <ele>900.39</ele>
      <time>2025-06-25T11:02:29Z</time>
    </rtept>
    <rtept lat="47.593504" lon="10.415661">
      <ele>901.35</ele>
      <time>2025-06-25T11:02:37Z</time>
    </rtept>
    <rtept lat="47.591293" lon="10.414846">
      <ele>906.16</ele>
      <time>2025-06-25T11:02:47Z</time>
    </rtept>
    <rtept lat="47.589577" lon="10.413537">
      <ele>909.53</ele>
      <time>2025-06-25T11:02:55Z</time>
    </rtept>
    <rtept lat="47.587002" lon="10.410919">
      <ele>910.97</ele>
      <time>2025-06-25T11:03:08Z</time>
    </rtept>
    <rtept lat="47.585822" lon="10.409868">
      <ele>913.85</ele>
      <time>2025-06-25T11:03:14Z</time>
    </rtept>
    <rtept lat="47.585672" lon="10.409782">
      <ele>914.81</ele>
      <time>2025-06-25T11:03:15Z</time>
    </rtept>
    <rtept lat="47.585435" lon="10.409739">
      <ele>914.81</ele>
      <time>2025-06-25T11:03:16Z</time>
    </rtept>
    <rtept lat="47.585221" lon="10.409696">
      <ele>915.29</ele>
      <time>2025-06-25T11:03:17Z</time>
    </rtept>
    <rtept lat="47.585006" lon="10.409718">
      <ele>916.26</ele>
      <time>2025-06-25T11:03:18Z</time>
    </rtept>
    <rtept lat="47.584749" lon="10.409804">
      <ele>916.26</ele>
      <time>2025-06-25T11:03:19Z</time>
    </rtept>
    <rtept lat="47.584513" lon="10.409868">
      <ele>916.26</ele>
      <time>2025-06-25T11:03:20Z</time>
    </rtept>
    <rtept lat="47.584255" lon="10.409975">
      <ele>918.66</ele>
      <time>2025-06-25T11:03:21Z</time>
    </rtept>
    <rtept lat="47.583633" lon="10.410469">
      <ele>921.06</ele>
      <time>2025-06-25T11:03:25Z</time>
    </rtept>
    <rtept lat="47.583504" lon="10.410726">
      <ele>914.33</ele>
      <time>2025-06-25T11:03:26Z</time>
    </rtept>
    <rtept lat="47.58344" lon="10.41107">
      <ele>911.93</ele>
      <time>2025-06-25T11:03:27Z</time>
    </rtept>
    <rtept lat="47.583354" lon="10.411413">
      <ele>910.97</ele>
      <time>2025-06-25T11:03:28Z</time>
    </rtept>
    <rtept lat="47.58329" lon="10.411713">
      <ele>912.41</ele>
      <time>2025-06-25T11:03:29Z</time>
    </rtept>
    <rtept lat="47.583204" lon="10.412014">
      <ele>914.33</ele>
      <time>2025-06-25T11:03:30Z</time>
    </rtept>
    <rtept lat="47.583097" lon="10.412271">
      <ele>912.89</ele>
      <time>2025-06-25T11:03:31Z</time>
    </rtept>
    <rtept lat="47.582968" lon="10.41255">
      <ele>912.41</ele>
      <time>2025-06-25T11:03:32Z</time>
    </rtept>
    <rtept lat="47.582861" lon="10.412786">
      <ele>912.41</ele>
      <time>2025-06-25T11:03:33Z</time>
    </rtept>
    <rtept lat="47.582517" lon="10.413773">
      <ele>916.26</ele>
      <time>2025-06-25T11:03:37Z</time>
    </rtept>
    <rtept lat="47.582474" lon="10.414052">
      <ele>915.77</ele>
      <time>2025-06-25T11:03:38Z</time>
    </rtept>
    <rtept lat="47.582431" lon="10.414331">
      <ele>915.29</ele>
      <time>2025-06-25T11:03:39Z</time>
    </rtept>
    <rtept lat="47.582431" lon="10.414653">
      <ele>915.29</ele>
      <time>2025-06-25T11:03:40Z</time>
    </rtept>
    <rtept lat="47.582431" lon="10.414953">
      <ele>916.74</ele>
      <time>2025-06-25T11:03:41Z</time>
    </rtept>
    <rtept lat="47.582346" lon="10.418279">
      <ele>926.83</ele>
      <time>2025-06-25T11:03:52Z</time>
    </rtept>
    <rtept lat="47.582281" lon="10.418816">
      <ele>926.35</ele>
      <time>2025-06-25T11:03:54Z</time>
    </rtept>
    <rtept lat="47.582238" lon="10.41903">
      <ele>925.87</ele>
      <time>2025-06-25T11:03:55Z</time>
    </rtept>
    <rtept lat="47.582152" lon="10.419288">
      <ele>923.95</ele>
      <time>2025-06-25T11:03:56Z</time>
    </rtept>
    <rtept lat="47.582045" lon="10.419524">
      <ele>924.43</ele>
      <time>2025-06-25T11:03:57Z</time>
    </rtept>
    <rtept lat="47.581959" lon="10.419738">
      <ele>929.23</ele>
      <time>2025-06-25T11:03:58Z</time>
    </rtept>
    <rtept lat="47.581831" lon="10.41991">
      <ele>932.12</ele>
      <time>2025-06-25T11:03:59Z</time>
    </rtept>
    <rtept lat="47.581723" lon="10.420103">
      <ele>931.64</ele>
      <time>2025-06-25T11:04:00Z</time>
    </rtept>
    <rtept lat="47.581595" lon="10.42021">
      <ele>933.56</ele>
      <time>2025-06-25T11:04:01Z</time>
    </rtept>
    <rtept lat="47.581466" lon="10.420339">
      <ele>933.56</ele>
      <time>2025-06-25T11:04:02Z</time>
    </rtept>
    <rtept lat="47.581316" lon="10.420468">
      <ele>932.6</ele>
      <time>2025-06-25T11:04:03Z</time>
    </rtept>
    <rtept lat="47.579513" lon="10.421906">
      <ele>938.85</ele>
      <time>2025-06-25T11:04:14Z</time>
    </rtept>
    <rtept lat="47.577475" lon="10.423644">
      <ele>938.85</ele>
      <time>2025-06-25T11:04:25Z</time>
    </rtept>
    <rtept lat="47.577088" lon="10.424373">
      <ele>937.4</ele>
      <time>2025-06-25T11:04:28Z</time>
    </rtept>
    <rtept lat="47.57696" lon="10.424674">
      <ele>937.88</ele>
      <time>2025-06-25T11:04:29Z</time>
    </rtept>
    <rtept lat="47.576831" lon="10.424974">
      <ele>939.33</ele>
      <time>2025-06-25T11:04:30Z</time>
    </rtept>
    <rtept lat="47.576745" lon="10.425296">
      <ele>940.29</ele>
      <time>2025-06-25T11:04:31Z</time>
    </rtept>
    <rtept lat="47.576681" lon="10.425618">
      <ele>941.73</ele>
      <time>2025-06-25T11:04:32Z</time>
    </rtept>
    <rtept lat="47.576638" lon="10.42594">
      <ele>942.21</ele>
      <time>2025-06-25T11:04:33Z</time>
    </rtept>
    <rtept lat="47.576595" lon="10.426262">
      <ele>943.17</ele>
      <time>2025-06-25T11:04:34Z</time>
    </rtept>
    <rtept lat="47.576252" lon="10.427721">
      <ele>950.38</ele>
      <time>2025-06-25T11:04:39Z</time>
    </rtept>
    <rtept lat="47.576123" lon="10.428">
      <ele>951.34</ele>
      <time>2025-06-25T11:04:40Z</time>
    </rtept>
    <rtept lat="47.575994" lon="10.428257">
      <ele>953.27</ele>
      <time>2025-06-25T11:04:41Z</time>
    </rtept>
    <rtept lat="47.575844" lon="10.428515">
      <ele>954.23</ele>
      <time>2025-06-25T11:04:42Z</time>
    </rtept>
    <rtept lat="47.575672" lon="10.428772">
      <ele>955.67</ele>
      <time>2025-06-25T11:04:43Z</time>
    </rtept>
    <rtept lat="47.574041" lon="10.431111">
      <ele>963.84</ele>
      <time>2025-06-25T11:04:53Z</time>
    </rtept>
    <rtept lat="47.573827" lon="10.431218">
      <ele>962.88</ele>
      <time>2025-06-25T11:04:54Z</time>
    </rtept>
    <rtept lat="47.573634" lon="10.431326">
      <ele>963.84</ele>
      <time>2025-06-25T11:04:55Z</time>
    </rtept>
    <rtept lat="47.573355" lon="10.43139">
      <ele>967.2</ele>
      <time>2025-06-25T11:04:56Z</time>
    </rtept>
    <rtept lat="47.572883" lon="10.431411">
      <ele>973.93</ele>
      <time>2025-06-25T11:04:58Z</time>
    </rtept>
    <rtept lat="47.572647" lon="10.431347">
      <ele>976.82</ele>
      <time>2025-06-25T11:04:59Z</time>
    </rtept>
    <rtept lat="47.572196" lon="10.43109">
      <ele>984.03</ele>
      <time>2025-06-25T11:05:01Z</time>
    </rtept>
    <rtept lat="47.571939" lon="10.430896">
      <ele>986.43</ele>
      <time>2025-06-25T11:05:02Z</time>
    </rtept>
    <rtept lat="47.571703" lon="10.430725">
      <ele>984.51</ele>
      <time>2025-06-25T11:05:03Z</time>
    </rtept>
    <rtept lat="47.571166" lon="10.430467">
      <ele>983.55</ele>
      <time>2025-06-25T11:05:06Z</time>
    </rtept>
    <rtept lat="47.570973" lon="10.430446">
      <ele>984.51</ele>
      <time>2025-06-25T11:05:07Z</time>
    </rtept>
    <rtept lat="47.570758" lon="10.430446">
      <ele>985.47</ele>
      <time>2025-06-25T11:05:08Z</time>
    </rtept>
    <rtept lat="47.570608" lon="10.430424">
      <ele>984.99</ele>
      <time>2025-06-25T11:05:09Z</time>
    </rtept>
    <rtept lat="47.570394" lon="10.430489">
      <ele>984.03</ele>
      <time>2025-06-25T11:05:10Z</time>
    </rtept>
    <rtept lat="47.570243" lon="10.430553">
      <ele>976.82</ele>
      <time>2025-06-25T11:05:11Z</time>
    </rtept>
    <rtept lat="47.570072" lon="10.430682">
      <ele>976.34</ele>
      <time>2025-06-25T11:05:12Z</time>
    </rtept>
    <rtept lat="47.5699" lon="10.430789">
      <ele>976.82</ele>
      <time>2025-06-25T11:05:13Z</time>
    </rtept>
    <rtept lat="47.56975" lon="10.430939">
      <ele>977.3</ele>
      <time>2025-06-25T11:05:14Z</time>
    </rtept>
    <rtept lat="47.569578" lon="10.431068">
      <ele>980.18</ele>
      <time>2025-06-25T11:05:15Z</time>
    </rtept>
    <rtept lat="47.567797" lon="10.432677">
      <ele>988.83</ele>
      <time>2025-06-25T11:05:25Z</time>
    </rtept>
    <rtept lat="47.567604" lon="10.432763">
      <ele>987.87</ele>
      <time>2025-06-25T11:05:26Z</time>
    </rtept>
    <rtept lat="47.56739" lon="10.432849">
      <ele>988.83</ele>
      <time>2025-06-25T11:05:27Z</time>
    </rtept>
    <rtept lat="47.567154" lon="10.432892">
      <ele>989.8</ele>
      <time>2025-06-25T11:05:28Z</time>
    </rtept>
    <rtept lat="47.56475" lon="10.433214">
      <ele>986.91</ele>
      <time>2025-06-25T11:05:38Z</time>
    </rtept>
    <rtept lat="47.56357" lon="10.43375">
      <ele>988.83</ele>
      <time>2025-06-25T11:05:44Z</time>
    </rtept>
    <rtept lat="47.562283" lon="10.434373">
      <ele>990.76</ele>
      <time>2025-06-25T11:05:51Z</time>
    </rtept>
    <rtept lat="47.562068" lon="10.434373">
      <ele>993.16</ele>
      <time>2025-06-25T11:05:52Z</time>
    </rtept>
    <rtept lat="47.56166" lon="10.434265">
      <ele>989.8</ele>
      <time>2025-06-25T11:05:54Z</time>
    </rtept>
    <rtept lat="47.561467" lon="10.434158">
      <ele>990.28</ele>
      <time>2025-06-25T11:05:55Z</time>
    </rtept>
    <rtept lat="47.561296" lon="10.434029">
      <ele>990.76</ele>
      <time>2025-06-25T11:05:56Z</time>
    </rtept>
    <rtept lat="47.560931" lon="10.43375">
      <ele>990.76</ele>
      <time>2025-06-25T11:05:58Z</time>
    </rtept>
    <rtept lat="47.560738" lon="10.4336">
      <ele>991.24</ele>
      <time>2025-06-25T11:05:59Z</time>
    </rtept>
    <rtept lat="47.559171" lon="10.43242">
      <ele>987.39</ele>
      <time>2025-06-25T11:06:07Z</time>
    </rtept>
    <rtept lat="47.557519" lon="10.431197">
      <ele>991.72</ele>
      <time>2025-06-25T11:06:16Z</time>
    </rtept>
    <rtept lat="47.556124" lon="10.429502">
      <ele>999.41</ele>
      <time>2025-06-25T11:06:24Z</time>
    </rtept>
    <rtept lat="47.554687" lon="10.428128">
      <ele>1005.18</ele>
      <time>2025-06-25T11:06:32Z</time>
    </rtept>
    <rtept lat="47.552927" lon="10.426755">
      <ele>1005.18</ele>
      <time>2025-06-25T11:06:42Z</time>
    </rtept>
    <rtept lat="47.551618" lon="10.425811">
      <ele>1006.62</ele>
      <time>2025-06-25T11:06:50Z</time>
    </rtept>
    <rtept lat="47.549236" lon="10.424309">
      <ele>1015.75</ele>
      <time>2025-06-25T11:07:02Z</time>
    </rtept>
    <rtept lat="47.547649" lon="10.424073">
      <ele>1019.12</ele>
      <time>2025-06-25T11:07:09Z</time>
    </rtept>
    <rtept lat="47.545846" lon="10.423923">
      <ele>1022.96</ele>
      <time>2025-06-25T11:07:17Z</time>
    </rtept>
    <rtept lat="47.545653" lon="10.423772">
      <ele>1022.96</ele>
      <time>2025-06-25T11:07:18Z</time>
    </rtept>
    <rtept lat="47.545481" lon="10.423601">
      <ele>1023.92</ele>
      <time>2025-06-25T11:07:19Z</time>
    </rtept>
    <rtept lat="47.54531" lon="10.423429">
      <ele>1024.4</ele>
      <time>2025-06-25T11:07:20Z</time>
    </rtept>
    <rtept lat="47.545159" lon="10.423236">
      <ele>1022.96</ele>
      <time>2025-06-25T11:07:21Z</time>
    </rtept>
    <rtept lat="47.545031" lon="10.422979">
      <ele>1023.44</ele>
      <time>2025-06-25T11:07:22Z</time>
    </rtept>
    <rtept lat="47.544902" lon="10.4227">
      <ele>1023.44</ele>
      <time>2025-06-25T11:07:23Z</time>
    </rtept>
    <rtept lat="47.544773" lon="10.422442">
      <ele>1023.44</ele>
      <time>2025-06-25T11:07:24Z</time>
    </rtept>
    <rtept lat="47.544022" lon="10.420962">
      <ele>1023.44</ele>
      <time>2025-06-25T11:07:31Z</time>
    </rtept>
    <rtept lat="47.542949" lon="10.41976">
      <ele>1027.29</ele>
      <time>2025-06-25T11:07:39Z</time>
    </rtept>
    <rtept lat="47.541211" lon="10.417936">
      <ele>1030.65</ele>
      <time>2025-06-25T11:07:50Z</time>
    </rtept>
    <rtept lat="47.539881" lon="10.415855">
      <ele>1044.11</ele>
      <time>2025-06-25T11:08:01Z</time>
    </rtept>
    <rtept lat="47.53825" lon="10.41358">
      <ele>1062.86</ele>
      <time>2025-06-25T11:08:14Z</time>
    </rtept>
    <rtept lat="47.53752" lon="10.412851">
      <ele>1066.22</ele>
      <time>2025-06-25T11:08:19Z</time>
    </rtept>
    <rtept lat="47.537349" lon="10.412786">
      <ele>1066.7</ele>
      <time>2025-06-25T11:08:20Z</time>
    </rtept>
    <rtept lat="47.537177" lon="10.4127">
      <ele>1066.7</ele>
      <time>2025-06-25T11:08:21Z</time>
    </rtept>
    <rtept lat="47.536984" lon="10.412657">
      <ele>1068.14</ele>
      <time>2025-06-25T11:08:22Z</time>
    </rtept>
    <rtept lat="47.536769" lon="10.412636">
      <ele>1069.1</ele>
      <time>2025-06-25T11:08:23Z</time>
    </rtept>
    <rtept lat="47.536555" lon="10.412614">
      <ele>1070.06</ele>
      <time>2025-06-25T11:08:24Z</time>
    </rtept>
    <rtept lat="47.53634" lon="10.412614">
      <ele>1071.51</ele>
      <time>2025-06-25T11:08:25Z</time>
    </rtept>
    <rtept lat="47.536126" lon="10.412679">
      <ele>1072.47</ele>
      <time>2025-06-25T11:08:26Z</time>
    </rtept>
    <rtept lat="47.535911" lon="10.412765">
      <ele>1072.95</ele>
      <time>2025-06-25T11:08:27Z</time>
    </rtept>
    <rtept lat="47.535697" lon="10.412808">
      <ele>1073.43</ele>
      <time>2025-06-25T11:08:28Z</time>
    </rtept>
    <rtept lat="47.535503" lon="10.412936">
      <ele>1074.87</ele>
      <time>2025-06-25T11:08:29Z</time>
    </rtept>
    <rtept lat="47.535332" lon="10.413087">
      <ele>1075.35</ele>
      <time>2025-06-25T11:08:30Z</time>
    </rtept>
    <rtept lat="47.535139" lon="10.413237">
      <ele>1076.31</ele>
      <time>2025-06-25T11:08:31Z</time>
    </rtept>
    <rtept lat="47.533444" lon="10.414031">
      <ele>1086.89</ele>
      <time>2025-06-25T11:08:39Z</time>
    </rtept>
    <rtept lat="47.531577" lon="10.414589">
      <ele>1090.25</ele>
      <time>2025-06-25T11:08:48Z</time>
    </rtept>
    <rtept lat="47.531169" lon="10.414825">
      <ele>1087.85</ele>
      <time>2025-06-25T11:08:50Z</time>
    </rtept>
    <rtept lat="47.530976" lon="10.414975">
      <ele>1088.33</ele>
      <time>2025-06-25T11:08:51Z</time>
    </rtept>
    <rtept lat="47.530225" lon="10.415576">
      <ele>1091.69</ele>
      <time>2025-06-25T11:08:55Z</time>
    </rtept>
    <rtept lat="47.530032" lon="10.41564">
      <ele>1093.62</ele>
      <time>2025-06-25T11:08:56Z</time>
    </rtept>
    <rtept lat="47.52986" lon="10.415704">
      <ele>1095.06</ele>
      <time>2025-06-25T11:08:57Z</time>
    </rtept>
    <rtept lat="47.529667" lon="10.415726">
      <ele>1095.06</ele>
      <time>2025-06-25T11:08:58Z</time>
    </rtept>
    <rtept lat="47.529474" lon="10.415704">
      <ele>1095.54</ele>
      <time>2025-06-25T11:08:59Z</time>
    </rtept>
    <rtept lat="47.529259" lon="10.415683">
      <ele>1096.02</ele>
      <time>2025-06-25T11:09:00Z</time>
    </rtept>
    <rtept lat="47.529088" lon="10.415683">
      <ele>1096.5</ele>
      <time>2025-06-25T11:09:01Z</time>
    </rtept>
    <rtept lat="47.528937" lon="10.41564">
      <ele>1096.98</ele>
      <time>2025-06-25T11:09:02Z</time>
    </rtept>
    <rtept lat="47.527929" lon="10.415383">
      <ele>1103.71</ele>
      <time>2025-06-25T11:09:10Z</time>
    </rtept>
    <rtept lat="47.526663" lon="10.415018">
      <ele>1113.32</ele>
      <time>2025-06-25T11:09:18Z</time>
    </rtept>
    <rtept lat="47.525697" lon="10.414202">
      <ele>1120.05</ele>
      <time>2025-06-25T11:09:24Z</time>
    </rtept>
    <rtept lat="47.524281" lon="10.412271">
      <ele>1124.86</ele>
      <time>2025-06-25T11:09:33Z</time>
    </rtept>
    <rtept lat="47.523487" lon="10.411198">
      <ele>1128.71</ele>
      <time>2025-06-25T11:09:38Z</time>
    </rtept>
    <rtept lat="47.523294" lon="10.411048">
      <ele>1128.22</ele>
      <time>2025-06-25T11:09:39Z</time>
    </rtept>
    <rtept lat="47.523079" lon="10.410919">
      <ele>1128.71</ele>
      <time>2025-06-25T11:09:40Z</time>
    </rtept>
    <rtept lat="47.522886" lon="10.410812">
      <ele>1130.15</ele>
      <time>2025-06-25T11:09:41Z</time>
    </rtept>
    <rtept lat="47.522672" lon="10.410705">
      <ele>1132.55</ele>
      <time>2025-06-25T11:09:42Z</time>
    </rtept>
    <rtept lat="47.520955" lon="10.409975">
      <ele>1146.01</ele>
      <time>2025-06-25T11:09:51Z</time>
    </rtept>
    <rtept lat="47.520118" lon="10.409997">
      <ele>1153.7</ele>
      <time>2025-06-25T11:09:57Z</time>
    </rtept>
    <rtept lat="47.519045" lon="10.409889">
      <ele>1155.14</ele>
      <time>2025-06-25T11:10:05Z</time>
    </rtept>
    <rtept lat="47.518015" lon="10.409138">
      <ele>1157.06</ele>
      <time>2025-06-25T11:10:13Z</time>
    </rtept>
    <rtept lat="47.517479" lon="10.408623">
      <ele>1156.58</ele>
      <time>2025-06-25T11:10:20Z</time>
    </rtept>
    <rtept lat="47.517436" lon="10.408366">
      <ele>1157.06</ele>
      <time>2025-06-25T11:10:27Z</time>
    </rtept>
    <rtept lat="47.517415" lon="10.408323">
      <ele>1157.06</ele>
      <time>2025-06-25T11:10:28Z</time>
    </rtept>
    <rtept lat="47.517393" lon="10.408216">
      <ele>1157.54</ele>
      <time>2025-06-25T11:10:29Z</time>
    </rtept>
    <rtept lat="47.51735" lon="10.408216">
      <ele>1157.54</ele>
      <time>2025-06-25T11:10:30Z</time>
    </rtept>
    <rtept lat="47.517264" lon="10.408216">
      <ele>1158.51</ele>
      <time>2025-06-25T11:10:31Z</time>
    </rtept>
    <rtept lat="47.5172" lon="10.408216">
      <ele>1159.47</ele>
      <time>2025-06-25T11:10:32Z</time>
    </rtept>
    <rtept lat="47.517179" lon="10.40828">
      <ele>1158.51</ele>
      <time>2025-06-25T11:10:33Z</time>
    </rtept>
    <rtept lat="47.517136" lon="10.408387">
      <ele>1156.1</ele>
      <time>2025-06-25T11:10:34Z</time>
    </rtept>
    <rtept lat="47.517136" lon="10.408602">
      <ele>1155.14</ele>
      <time>2025-06-25T11:10:35Z</time>
    </rtept>
    <rtept lat="47.51705" lon="10.408731">
      <ele>1155.62</ele>
      <time>2025-06-25T11:10:36Z</time>
    </rtept>
    <rtept lat="47.516985" lon="10.408816">
      <ele>1154.66</ele>
      <time>2025-06-25T11:10:37Z</time>
    </rtept>
    <rtept lat="47.516878" lon="10.408967">
      <ele>1155.14</ele>
      <time>2025-06-25T11:10:38Z</time>
    </rtept>
    <rtept lat="47.51587" lon="10.410168">
      <ele>1159.95</ele>
      <time>2025-06-25T11:10:47Z</time>
    </rtept>
    <rtept lat="47.515655" lon="10.41049">
      <ele>1159.47</ele>
      <time>2025-06-25T11:10:49Z</time>
    </rtept>
    <rtept lat="47.515569" lon="10.410683">
      <ele>1158.51</ele>
      <time>2025-06-25T11:10:50Z</time>
    </rtept>
    <rtept lat="47.515462" lon="10.410898">
      <ele>1156.58</ele>
      <time>2025-06-25T11:10:51Z</time>
    </rtept>
    <rtept lat="47.515398" lon="10.411112">
      <ele>1156.1</ele>
      <time>2025-06-25T11:10:52Z</time>
    </rtept>
    <rtept lat="47.515312" lon="10.411348">
      <ele>1157.06</ele>
      <time>2025-06-25T11:10:53Z</time>
    </rtept>
    <rtept lat="47.515247" lon="10.411584">
      <ele>1156.1</ele>
      <time>2025-06-25T11:10:54Z</time>
    </rtept>
    <rtept lat="47.515205" lon="10.411821">
      <ele>1155.62</ele>
      <time>2025-06-25T11:10:55Z</time>
    </rtept>
    <rtept lat="47.515183" lon="10.412078">
      <ele>1154.66</ele>
      <time>2025-06-25T11:10:56Z</time>
    </rtept>
    <rtept lat="47.515162" lon="10.412336">
      <ele>1155.14</ele>
      <time>2025-06-25T11:10:57Z</time>
    </rtept>
    <rtept lat="47.515183" lon="10.412572">
      <ele>1155.14</ele>
      <time>2025-06-25T11:10:58Z</time>
    </rtept>
    <rtept lat="47.515183" lon="10.412829">
      <ele>1155.14</ele>
      <time>2025-06-25T11:10:59Z</time>
    </rtept>
    <rtept lat="47.515226" lon="10.413065">
      <ele>1155.62</ele>
      <time>2025-06-25T11:11:00Z</time>
    </rtept>
    <rtept lat="47.515269" lon="10.413323">
      <ele>1156.1</ele>
      <time>2025-06-25T11:11:01Z</time>
    </rtept>
    <rtept lat="47.515312" lon="10.413537">
      <ele>1155.62</ele>
      <time>2025-06-25T11:11:02Z</time>
    </rtept>
    <rtept lat="47.515376" lon="10.413773">
      <ele>1157.54</ele>
      <time>2025-06-25T11:11:03Z</time>
    </rtept>
    <rtept lat="47.515441" lon="10.413966">
      <ele>1158.51</ele>
      <time>2025-06-25T11:11:04Z</time>
    </rtept>
    <rtept lat="47.515505" lon="10.414138">
      <ele>1158.51</ele>
      <time>2025-06-25T11:11:05Z</time>
    </rtept>
    <rtept lat="47.515698" lon="10.414631">
      <ele>1159.47</ele>
      <time>2025-06-25T11:11:11Z</time>
    </rtept>
    <rtept lat="47.515698" lon="10.414653">
      <ele>1160.91</ele>
      <time>2025-06-25T11:11:12Z</time>
    </rtept>
    <rtept lat="47.515848" lon="10.414395">
      <ele>1159.47</ele>
      <time>2025-06-25T11:11:22Z</time>
    </rtept>
    <rtept lat="47.515848" lon="10.414374">
      <ele>1159.47</ele>
      <time>2025-06-25T11:11:37Z</time>
    </rtept>
    <rtept lat="47.515848" lon="10.414374">
      <ele>1159.47</ele>
      <time>2025-06-25T11:12:04Z</time>
    </rtept>
    <rtept lat="47.515848" lon="10.414374">
      <ele>1159.47</ele>
      <time>2025-06-25T11:12:36Z</time>
    </rtept>
    <rtept lat="47.515848" lon="10.414374">
      <ele>1159.47</ele>
      <time>2025-06-25T12:13:07Z</time>
    </rtept>
    <rtept lat="47.515827" lon="10.414589">
      <ele>1148.41</ele>
      <time>2025-06-25T12:13:21Z</time>
    </rtept>
    <rtept lat="47.515848" lon="10.414567">
      <ele>1149.37</ele>
      <time>2025-06-25T12:13:23Z</time>
    </rtept>
    <rtept lat="47.515741" lon="10.414782">
      <ele>1144.09</ele>
      <time>2025-06-25T12:13:32Z</time>
    </rtept>
    <rtept lat="47.515741" lon="10.414803">
      <ele>1143.61</ele>
      <time>2025-06-25T12:13:33Z</time>
    </rtept>
    <rtept lat="47.515762" lon="10.414825">
      <ele>1144.57</ele>
      <time>2025-06-25T12:13:34Z</time>
    </rtept>
    <rtept lat="47.515934" lon="10.415361">
      <ele>1150.82</ele>
      <time>2025-06-25T12:13:45Z</time>
    </rtept>
    <rtept lat="47.516106" lon="10.416348">
      <ele>1150.33</ele>
      <time>2025-06-25T12:13:52Z</time>
    </rtept>
    <rtept lat="47.516471" lon="10.418236">
      <ele>1152.74</ele>
      <time>2025-06-25T12:14:00Z</time>
    </rtept>
    <rtept lat="47.517136" lon="10.419846">
      <ele>1147.45</ele>
      <time>2025-06-25T12:14:09Z</time>
    </rtept>
    <rtept lat="47.51823" lon="10.421434">
      <ele>1147.45</ele>
      <time>2025-06-25T12:14:18Z</time>
    </rtept>
    <rtept lat="47.519088" lon="10.423086">
      <ele>1138.32</ele>
      <time>2025-06-25T12:14:25Z</time>
    </rtept>
    <rtept lat="47.519839" lon="10.425038">
      <ele>1140.72</ele>
      <time>2025-06-25T12:14:32Z</time>
    </rtept>
    <rtept lat="47.51999" lon="10.425274">
      <ele>1141.68</ele>
      <time>2025-06-25T12:14:33Z</time>
    </rtept>
    <rtept lat="47.520826" lon="10.426927">
      <ele>1147.93</ele>
      <time>2025-06-25T12:14:40Z</time>
    </rtept>
    <rtept lat="47.520998" lon="10.427613">
      <ele>1156.1</ele>
      <time>2025-06-25T12:14:42Z</time>
    </rtept>
    <rtept lat="47.521792" lon="10.429845">
      <ele>1161.39</ele>
      <time>2025-06-25T12:14:49Z</time>
    </rtept>
    <rtept lat="47.522822" lon="10.431798">
      <ele>1162.35</ele>
      <time>2025-06-25T12:14:57Z</time>
    </rtept>
    <rtept lat="47.522972" lon="10.431948">
      <ele>1160.91</ele>
      <time>2025-06-25T12:14:58Z</time>
    </rtept>
    <rtept lat="47.523165" lon="10.432034">
      <ele>1161.39</ele>
      <time>2025-06-25T12:14:59Z</time>
    </rtept>
    <rtept lat="47.523337" lon="10.432141">
      <ele>1162.35</ele>
      <time>2025-06-25T12:15:00Z</time>
    </rtept>
    <rtept lat="47.52353" lon="10.432141">
      <ele>1163.31</ele>
      <time>2025-06-25T12:15:01Z</time>
    </rtept>
    <rtept lat="47.523745" lon="10.432119">
      <ele>1165.72</ele>
      <time>2025-06-25T12:15:02Z</time>
    </rtept>
    <rtept lat="47.523981" lon="10.432034">
      <ele>1169.08</ele>
      <time>2025-06-25T12:15:03Z</time>
    </rtept>
    <rtept lat="47.524195" lon="10.431969">
      <ele>1171.48</ele>
      <time>2025-06-25T12:15:04Z</time>
    </rtept>
    <rtept lat="47.52441" lon="10.431883">
      <ele>1175.33</ele>
      <time>2025-06-25T12:15:05Z</time>
    </rtept>
    <rtept lat="47.525998" lon="10.431497">
      <ele>1176.77</ele>
      <time>2025-06-25T12:15:12Z</time>
    </rtept>
    <rtept lat="47.526191" lon="10.43154">
      <ele>1174.85</ele>
      <time>2025-06-25T12:15:13Z</time>
    </rtept>
    <rtept lat="47.526341" lon="10.431647">
      <ele>1172.93</ele>
      <time>2025-06-25T12:15:14Z</time>
    </rtept>
    <rtept lat="47.52647" lon="10.431776">
      <ele>1171.96</ele>
      <time>2025-06-25T12:15:15Z</time>
    </rtept>
    <rtept lat="47.526599" lon="10.431991">
      <ele>1171.96</ele>
      <time>2025-06-25T12:15:16Z</time>
    </rtept>
    <rtept lat="47.526706" lon="10.432227">
      <ele>1172.44</ele>
      <time>2025-06-25T12:15:17Z</time>
    </rtept>
    <rtept lat="47.526792" lon="10.432484">
      <ele>1173.41</ele>
      <time>2025-06-25T12:15:18Z</time>
    </rtept>
    <rtept lat="47.526813" lon="10.432763">
      <ele>1173.89</ele>
      <time>2025-06-25T12:15:19Z</time>
    </rtept>
    <rtept lat="47.526835" lon="10.433021">
      <ele>1176.29</ele>
      <time>2025-06-25T12:15:20Z</time>
    </rtept>
    <rtept lat="47.52677" lon="10.433321">
      <ele>1176.29</ele>
      <time>2025-06-25T12:15:21Z</time>
    </rtept>
    <rtept lat="47.526684" lon="10.433643">
      <ele>1174.37</ele>
      <time>2025-06-25T12:15:22Z</time>
    </rtept>
    <rtept lat="47.526577" lon="10.433815">
      <ele>1172.44</ele>
      <time>2025-06-25T12:15:23Z</time>
    </rtept>
    <rtept lat="47.526427" lon="10.434029">
      <ele>1171.48</ele>
      <time>2025-06-25T12:15:24Z</time>
    </rtept>
    <rtept lat="47.526255" lon="10.434244">
      <ele>1170.52</ele>
      <time>2025-06-25T12:15:25Z</time>
    </rtept>
    <rtept lat="47.526084" lon="10.434458">
      <ele>1170.04</ele>
      <time>2025-06-25T12:15:26Z</time>
    </rtept>
    <rtept lat="47.525912" lon="10.434737">
      <ele>1170.04</ele>
      <time>2025-06-25T12:15:27Z</time>
    </rtept>
    <rtept lat="47.52574" lon="10.435016">
      <ele>1168.12</ele>
      <time>2025-06-25T12:15:28Z</time>
    </rtept>
    <rtept lat="47.524732" lon="10.437312">
      <ele>1162.83</ele>
      <time>2025-06-25T12:15:36Z</time>
    </rtept>
    <rtept lat="47.524217" lon="10.439029">
      <ele>1154.18</ele>
      <time>2025-06-25T12:15:43Z</time>
    </rtept>
    <rtept lat="47.524195" lon="10.439243">
      <ele>1149.37</ele>
      <time>2025-06-25T12:15:44Z</time>
    </rtept>
    <rtept lat="47.524174" lon="10.439479">
      <ele>1147.93</ele>
      <time>2025-06-25T12:15:45Z</time>
    </rtept>
    <rtept lat="47.524195" lon="10.439716">
      <ele>1147.93</ele>
      <time>2025-06-25T12:15:46Z</time>
    </rtept>
    <rtept lat="47.524217" lon="10.439994">
      <ele>1146.49</ele>
      <time>2025-06-25T12:15:47Z</time>
    </rtept>
    <rtept lat="47.52426" lon="10.440252">
      <ele>1145.53</ele>
      <time>2025-06-25T12:15:48Z</time>
    </rtept>
    <rtept lat="47.524281" lon="10.440509">
      <ele>1144.09</ele>
      <time>2025-06-25T12:15:49Z</time>
    </rtept>
    <rtept lat="47.524367" lon="10.441282">
      <ele>1140.24</ele>
      <time>2025-06-25T12:15:52Z</time>
    </rtept>
    <rtept lat="47.524345" lon="10.441539">
      <ele>1139.28</ele>
      <time>2025-06-25T12:15:53Z</time>
    </rtept>
    <rtept lat="47.524303" lon="10.441797">
      <ele>1137.36</ele>
      <time>2025-06-25T12:15:54Z</time>
    </rtept>
    <rtept lat="47.524238" lon="10.442076">
      <ele>1136.4</ele>
      <time>2025-06-25T12:15:55Z</time>
    </rtept>
    <rtept lat="47.524152" lon="10.44229">
      <ele>1135.91</ele>
      <time>2025-06-25T12:15:56Z</time>
    </rtept>
    <rtept lat="47.524045" lon="10.442526">
      <ele>1134.47</ele>
      <time>2025-06-25T12:15:57Z</time>
    </rtept>
    <rtept lat="47.523916" lon="10.44272">
      <ele>1132.07</ele>
      <time>2025-06-25T12:15:58Z</time>
    </rtept>
    <rtept lat="47.523766" lon="10.442934">
      <ele>1127.74</ele>
      <time>2025-06-25T12:15:59Z</time>
    </rtept>
    <rtept lat="47.523594" lon="10.443106">
      <ele>1123.9</ele>
      <time>2025-06-25T12:16:00Z</time>
    </rtept>
    <rtept lat="47.522414" lon="10.444222">
      <ele>1122.46</ele>
      <time>2025-06-25T12:16:06Z</time>
    </rtept>
    <rtept lat="47.520826" lon="10.446453">
      <ele>1116.69</ele>
      <time>2025-06-25T12:16:15Z</time>
    </rtept>
    <rtept lat="47.520247" lon="10.447462">
      <ele>1104.19</ele>
      <time>2025-06-25T12:16:19Z</time>
    </rtept>
    <rtept lat="47.52014" lon="10.447805">
      <ele>1102.75</ele>
      <time>2025-06-25T12:16:20Z</time>
    </rtept>
    <rtept lat="47.520032" lon="10.448127">
      <ele>1102.75</ele>
      <time>2025-06-25T12:16:21Z</time>
    </rtept>
    <rtept lat="47.519818" lon="10.448749">
      <ele>1099.87</ele>
      <time>2025-06-25T12:16:23Z</time>
    </rtept>
    <rtept lat="47.519689" lon="10.449028">
      <ele>1097.46</ele>
      <time>2025-06-25T12:16:24Z</time>
    </rtept>
    <rtept lat="47.519539" lon="10.449286">
      <ele>1096.02</ele>
      <time>2025-06-25T12:16:25Z</time>
    </rtept>
    <rtept lat="47.519174" lon="10.450165">
      <ele>1096.5</ele>
      <time>2025-06-25T12:16:28Z</time>
    </rtept>
    <rtept lat="47.519067" lon="10.450466">
      <ele>1096.5</ele>
      <time>2025-06-25T12:16:29Z</time>
    </rtept>
    <rtept lat="47.518445" lon="10.451796">
      <ele>1089.77</ele>
      <time>2025-06-25T12:16:34Z</time>
    </rtept>
    <rtept lat="47.518316" lon="10.451989">
      <ele>1089.29</ele>
      <time>2025-06-25T12:16:35Z</time>
    </rtept>
    <rtept lat="47.517157" lon="10.453792">
      <ele>1079.2</ele>
      <time>2025-06-25T12:16:43Z</time>
    </rtept>
    <rtept lat="47.516707" lon="10.454521">
      <ele>1083.52</ele>
      <time>2025-06-25T12:16:48Z</time>
    </rtept>
    <rtept lat="47.516685" lon="10.454607">
      <ele>1083.04</ele>
      <time>2025-06-25T12:16:49Z</time>
    </rtept>
    <rtept lat="47.516664" lon="10.454693">
      <ele>1081.6</ele>
      <time>2025-06-25T12:16:50Z</time>
    </rtept>
    <rtept lat="47.516578" lon="10.455101">
      <ele>1078.24</ele>
      <time>2025-06-25T12:16:57Z</time>
    </rtept>
    <rtept lat="47.516556" lon="10.455165">
      <ele>1076.31</ele>
      <time>2025-06-25T12:17:10Z</time>
    </rtept>
    <rtept lat="47.516556" lon="10.455165">
      <ele>1076.79</ele>
      <time>2025-06-25T12:17:27Z</time>
    </rtept>
    <rtept lat="47.516556" lon="10.455165">
      <ele>1077.76</ele>
      <time>2025-06-25T12:17:43Z</time>
    </rtept>
    <rtept lat="47.516556" lon="10.455165">
      <ele>1077.28</ele>
      <time>2025-06-25T12:18:02Z</time>
    </rtept>
    <rtept lat="47.516556" lon="10.455165">
      <ele>1080.16</ele>
      <time>2025-06-25T12:18:16Z</time>
    </rtept>
    <rtept lat="47.516556" lon="10.455165">
      <ele>1080.64</ele>
      <time>2025-06-25T12:18:33Z</time>
    </rtept>
    <rtept lat="47.516556" lon="10.455165">
      <ele>1080.64</ele>
      <time>2025-06-25T12:18:47Z</time>
    </rtept>
    <rtept lat="47.516428" lon="10.455186">
      <ele>1077.28</ele>
      <time>2025-06-25T12:24:09Z</time>
    </rtept>
    <rtept lat="47.515848" lon="10.455294">
      <ele>998.45</ele>
      <time>2025-06-25T12:24:28Z</time>
    </rtept>
    <rtept lat="47.516213" lon="10.455766">
      <ele>1054.2</ele>
      <time>2025-06-25T12:24:37Z</time>
    </rtept>
    <rtept lat="47.516192" lon="10.455852">
      <ele>1057.09</ele>
      <time>2025-06-25T12:24:40Z</time>
    </rtept>
    <rtept lat="47.516428" lon="10.456023">
      <ele>1057.09</ele>
      <time>2025-06-25T12:24:48Z</time>
    </rtept>
    <rtept lat="47.516406" lon="10.456216">
      <ele>1055.65</ele>
      <time>2025-06-25T12:24:49Z</time>
    </rtept>
    <rtept lat="47.516385" lon="10.456345">
      <ele>1055.65</ele>
      <time>2025-06-25T12:24:50Z</time>
    </rtept>
    <rtept lat="47.516363" lon="10.456495">
      <ele>1055.65</ele>
      <time>2025-06-25T12:24:51Z</time>
    </rtept>
    <rtept lat="47.516342" lon="10.456667">
      <ele>1057.57</ele>
      <time>2025-06-25T12:24:52Z</time>
    </rtept>
    <rtept lat="47.516299" lon="10.45686">
      <ele>1061.89</ele>
      <time>2025-06-25T12:24:53Z</time>
    </rtept>
    <rtept lat="47.516256" lon="10.45701">
      <ele>1065.74</ele>
      <time>2025-06-25T12:24:54Z</time>
    </rtept>
    <rtept lat="47.516192" lon="10.457161">
      <ele>1067.66</ele>
      <time>2025-06-25T12:24:55Z</time>
    </rtept>
    <rtept lat="47.515441" lon="10.45877">
      <ele>1074.39</ele>
      <time>2025-06-25T12:25:07Z</time>
    </rtept>
    <rtept lat="47.515376" lon="10.458899">
      <ele>1075.35</ele>
      <time>2025-06-25T12:25:08Z</time>
    </rtept>
    <rtept lat="47.514561" lon="10.460079">
      <ele>1079.68</ele>
      <time>2025-06-25T12:25:19Z</time>
    </rtept>
    <rtept lat="47.514325" lon="10.460336">
      <ele>1079.2</ele>
      <time>2025-06-25T12:25:22Z</time>
    </rtept>
    <rtept lat="47.513874" lon="10.460765">
      <ele>1083.52</ele>
      <time>2025-06-25T12:25:27Z</time>
    </rtept>
    <rtept lat="47.513638" lon="10.461044">
      <ele>1086.41</ele>
      <time>2025-06-25T12:25:30Z</time>
    </rtept>
    <rtept lat="47.513574" lon="10.461152">
      <ele>1084.48</ele>
      <time>2025-06-25T12:25:31Z</time>
    </rtept>
    <rtept lat="47.513531" lon="10.461259">
      <ele>1083.04</ele>
      <time>2025-06-25T12:25:32Z</time>
    </rtept>
    <rtept lat="47.513424" lon="10.461517">
      <ele>1082.56</ele>
      <time>2025-06-25T12:25:34Z</time>
    </rtept>
    <rtept lat="47.513381" lon="10.461645">
      <ele>1082.08</ele>
      <time>2025-06-25T12:25:35Z</time>
    </rtept>
    <rtept lat="47.513316" lon="10.461753">
      <ele>1081.6</ele>
      <time>2025-06-25T12:25:36Z</time>
    </rtept>
    <rtept lat="47.513273" lon="10.461838">
      <ele>1080.64</ele>
      <time>2025-06-25T12:25:37Z</time>
    </rtept>
    <rtept lat="47.513209" lon="10.461946">
      <ele>1081.12</ele>
      <time>2025-06-25T12:25:38Z</time>
    </rtept>
    <rtept lat="47.512608" lon="10.463104">
      <ele>1079.2</ele>
      <time>2025-06-25T12:25:47Z</time>
    </rtept>
    <rtept lat="47.511836" lon="10.464478">
      <ele>1075.83</ele>
      <time>2025-06-25T12:25:54Z</time>
    </rtept>
    <rtept lat="47.510784" lon="10.465894">
      <ele>1071.51</ele>
      <time>2025-06-25T12:26:00Z</time>
    </rtept>
    <rtept lat="47.510076" lon="10.467675">
      <ele>1068.62</ele>
      <time>2025-06-25T12:26:05Z</time>
    </rtept>
    <rtept lat="47.509711" lon="10.46952">
      <ele>1076.31</ele>
      <time>2025-06-25T12:26:10Z</time>
    </rtept>
    <rtept lat="47.509347" lon="10.470808">
      <ele>1081.12</ele>
      <time>2025-06-25T12:26:16Z</time>
    </rtept>
    <rtept lat="47.508874" lon="10.472031">
      <ele>1077.28</ele>
      <time>2025-06-25T12:26:25Z</time>
    </rtept>
    <rtept lat="47.508467" lon="10.473533">
      <ele>1072.95</ele>
      <time>2025-06-25T12:26:34Z</time>
    </rtept>
    <rtept lat="47.507952" lon="10.475271">
      <ele>1071.99</ele>
      <time>2025-06-25T12:26:45Z</time>
    </rtept>
    <rtept lat="47.507866" lon="10.475421">
      <ele>1070.06</ele>
      <time>2025-06-25T12:26:46Z</time>
    </rtept>
    <rtept lat="47.50778" lon="10.47555">
      <ele>1068.62</ele>
      <time>2025-06-25T12:26:47Z</time>
    </rtept>
    <rtept lat="47.50763" lon="10.475679">
      <ele>1067.66</ele>
      <time>2025-06-25T12:26:48Z</time>
    </rtept>
    <rtept lat="47.507458" lon="10.47585">
      <ele>1067.66</ele>
      <time>2025-06-25T12:26:49Z</time>
    </rtept>
    <rtept lat="47.50675" lon="10.476687">
      <ele>1071.99</ele>
      <time>2025-06-25T12:26:53Z</time>
    </rtept>
    <rtept lat="47.506579" lon="10.476966">
      <ele>1070.55</ele>
      <time>2025-06-25T12:26:54Z</time>
    </rtept>
    <rtept lat="47.506321" lon="10.477653">
      <ele>1070.06</ele>
      <time>2025-06-25T12:26:56Z</time>
    </rtept>
    <rtept lat="47.506257" lon="10.478039">
      <ele>1071.03</ele>
      <time>2025-06-25T12:26:57Z</time>
    </rtept>
    <rtept lat="47.506171" lon="10.478447">
      <ele>1071.51</ele>
      <time>2025-06-25T12:26:58Z</time>
    </rtept>
    <rtept lat="47.506149" lon="10.478833">
      <ele>1071.03</ele>
      <time>2025-06-25T12:26:59Z</time>
    </rtept>
    <rtept lat="47.506149" lon="10.479241">
      <ele>1071.03</ele>
      <time>2025-06-25T12:27:00Z</time>
    </rtept>
    <rtept lat="47.506128" lon="10.479627">
      <ele>1071.99</ele>
      <time>2025-06-25T12:27:01Z</time>
    </rtept>
    <rtept lat="47.506321" lon="10.48203">
      <ele>1073.91</ele>
      <time>2025-06-25T12:27:08Z</time>
    </rtept>
    <rtept lat="47.506943" lon="10.485764">
      <ele>1078.24</ele>
      <time>2025-06-25T12:27:19Z</time>
    </rtept>
    <rtept lat="47.506965" lon="10.486043">
      <ele>1077.76</ele>
      <time>2025-06-25T12:27:20Z</time>
    </rtept>
    <rtept lat="47.506965" lon="10.486343">
      <ele>1078.24</ele>
      <time>2025-06-25T12:27:21Z</time>
    </rtept>
    <rtept lat="47.506943" lon="10.486665">
      <ele>1079.2</ele>
      <time>2025-06-25T12:27:22Z</time>
    </rtept>
    <rtept lat="47.5066" lon="10.490184">
      <ele>1084.97</ele>
      <time>2025-06-25T12:27:33Z</time>
    </rtept>
    <rtept lat="47.506536" lon="10.490506">
      <ele>1085.93</ele>
      <time>2025-06-25T12:27:34Z</time>
    </rtept>
    <rtept lat="47.505978" lon="10.492458">
      <ele>1086.89</ele>
      <time>2025-06-25T12:27:41Z</time>
    </rtept>
    <rtept lat="47.505634" lon="10.494561">
      <ele>1086.89</ele>
      <time>2025-06-25T12:27:48Z</time>
    </rtept>
    <rtept lat="47.505334" lon="10.497265">
      <ele>1087.85</ele>
      <time>2025-06-25T12:27:57Z</time>
    </rtept>
    <rtept lat="47.505034" lon="10.49881">
      <ele>1090.25</ele>
      <time>2025-06-25T12:28:02Z</time>
    </rtept>
    <rtept lat="47.504969" lon="10.499089">
      <ele>1090.73</ele>
      <time>2025-06-25T12:28:03Z</time>
    </rtept>
    <rtept lat="47.50484" lon="10.499389">
      <ele>1090.25</ele>
      <time>2025-06-25T12:28:04Z</time>
    </rtept>
    <rtept lat="47.504733" lon="10.499668">
      <ele>1090.25</ele>
      <time>2025-06-25T12:28:05Z</time>
    </rtept>
    <rtept lat="47.504604" lon="10.499926">
      <ele>1090.73</ele>
      <time>2025-06-25T12:28:06Z</time>
    </rtept>
    <rtept lat="47.504454" lon="10.500183">
      <ele>1090.73</ele>
      <time>2025-06-25T12:28:07Z</time>
    </rtept>
    <rtept lat="47.50336" lon="10.501406">
      <ele>1096.5</ele>
      <time>2025-06-25T12:28:13Z</time>
    </rtept>
    <rtept lat="47.501686" lon="10.502973">
      <ele>1105.15</ele>
      <time>2025-06-25T12:28:22Z</time>
    </rtept>
    <rtept lat="47.500849" lon="10.504604">
      <ele>1103.23</ele>
      <time>2025-06-25T12:28:29Z</time>
    </rtept>
    <rtept lat="47.500506" lon="10.506556">
      <ele>1096.02</ele>
      <time>2025-06-25T12:28:35Z</time>
    </rtept>
    <rtept lat="47.500656" lon="10.508659">
      <ele>1090.73</ele>
      <time>2025-06-25T12:28:41Z</time>
    </rtept>
    <rtept lat="47.501042" lon="10.511427">
      <ele>1092.18</ele>
      <time>2025-06-25T12:28:50Z</time>
    </rtept>
    <rtept lat="47.501321" lon="10.514925">
      <ele>1094.1</ele>
      <time>2025-06-25T12:29:01Z</time>
    </rtept>
    <rtept lat="47.501064" lon="10.517221">
      <ele>1095.06</ele>
      <time>2025-06-25T12:29:09Z</time>
    </rtept>
    <rtept lat="47.500485" lon="10.519173">
      <ele>1095.54</ele>
      <time>2025-06-25T12:29:17Z</time>
    </rtept>
    <rtept lat="47.499562" lon="10.521619">
      <ele>1096.98</ele>
      <time>2025-06-25T12:29:28Z</time>
    </rtept>
    <rtept lat="47.498961" lon="10.523872">
      <ele>1096.98</ele>
      <time>2025-06-25T12:29:38Z</time>
    </rtept>
    <rtept lat="47.498725" lon="10.525761">
      <ele>1098.9</ele>
      <time>2025-06-25T12:29:47Z</time>
    </rtept>
    <rtept lat="47.498704" lon="10.528057">
      <ele>1102.75</ele>
      <time>2025-06-25T12:29:56Z</time>
    </rtept>
    <rtept lat="47.498725" lon="10.530632">
      <ele>1103.71</ele>
      <time>2025-06-25T12:30:05Z</time>
    </rtept>
    <rtept lat="47.498725" lon="10.533421">
      <ele>1106.59</ele>
      <time>2025-06-25T12:30:17Z</time>
    </rtept>
    <rtept lat="47.498661" lon="10.535545">
      <ele>1106.11</ele>
      <time>2025-06-25T12:30:27Z</time>
    </rtept>
    <rtept lat="47.49836" lon="10.538464">
      <ele>1109.0</ele>
      <time>2025-06-25T12:30:38Z</time>
    </rtept>
    <rtept lat="47.49791" lon="10.541682">
      <ele>1111.4</ele>
      <time>2025-06-25T12:30:50Z</time>
    </rtept>
    <rtept lat="47.497244" lon="10.5443">
      <ele>1107.56</ele>
      <time>2025-06-25T12:31:01Z</time>
    </rtept>
    <rtept lat="47.496901" lon="10.546854">
      <ele>1102.75</ele>
      <time>2025-06-25T12:31:12Z</time>
    </rtept>
    <rtept lat="47.496515" lon="10.5496">
      <ele>1105.15</ele>
      <time>2025-06-25T12:31:23Z</time>
    </rtept>
    <rtept lat="47.496279" lon="10.551295">
      <ele>1107.56</ele>
      <time>2025-06-25T12:31:32Z</time>
    </rtept>
    <rtept lat="47.496257" lon="10.551682">
      <ele>1107.56</ele>
      <time>2025-06-25T12:31:34Z</time>
    </rtept>
    <rtept lat="47.496429" lon="10.55327">
      <ele>1109.48</ele>
      <time>2025-06-25T12:31:43Z</time>
    </rtept>
    <rtept lat="47.496579" lon="10.554085">
      <ele>1109.48</ele>
      <time>2025-06-25T12:31:51Z</time>
    </rtept>
    <rtept lat="47.496601" lon="10.554299">
      <ele>1110.92</ele>
      <time>2025-06-25T12:31:54Z</time>
    </rtept>
    <rtept lat="47.496622" lon="10.554385">
      <ele>1109.96</ele>
      <time>2025-06-25T12:31:55Z</time>
    </rtept>
    <rtept lat="47.496579" lon="10.554493">
      <ele>1109.48</ele>
      <time>2025-06-25T12:31:56Z</time>
    </rtept>
    <rtept lat="47.496515" lon="10.554557">
      <ele>1109.96</ele>
      <time>2025-06-25T12:31:57Z</time>
    </rtept>
    <rtept lat="47.496536" lon="10.554772">
      <ele>1110.44</ele>
      <time>2025-06-25T12:31:58Z</time>
    </rtept>
    <rtept lat="47.496451" lon="10.554879">
      <ele>1111.4</ele>
      <time>2025-06-25T12:31:59Z</time>
    </rtept>
    <rtept lat="47.496365" lon="10.554986">
      <ele>1110.92</ele>
      <time>2025-06-25T12:32:00Z</time>
    </rtept>
    <rtept lat="47.495356" lon="10.556338">
      <ele>1114.77</ele>
      <time>2025-06-25T12:32:11Z</time>
    </rtept>
    <rtept lat="47.49467" lon="10.557625">
      <ele>1117.17</ele>
      <time>2025-06-25T12:32:20Z</time>
    </rtept>
    <rtept lat="47.494605" lon="10.557883">
      <ele>1115.73</ele>
      <time>2025-06-25T12:32:22Z</time>
    </rtept>
    <rtept lat="47.494584" lon="10.558033">
      <ele>1115.25</ele>
      <time>2025-06-25T12:32:23Z</time>
    </rtept>
    <rtept lat="47.494455" lon="10.55917">
      <ele>1117.17</ele>
      <time>2025-06-25T12:32:30Z</time>
    </rtept>
    <rtept lat="47.494412" lon="10.559278">
      <ele>1118.13</ele>
      <time>2025-06-25T12:32:31Z</time>
    </rtept>
    <rtept lat="47.494326" lon="10.559363">
      <ele>1119.57</ele>
      <time>2025-06-25T12:32:32Z</time>
    </rtept>
    <rtept lat="47.49424" lon="10.559471">
      <ele>1118.61</ele>
      <time>2025-06-25T12:32:33Z</time>
    </rtept>
    <rtept lat="47.49409" lon="10.559514">
      <ele>1120.05</ele>
      <time>2025-06-25T12:32:34Z</time>
    </rtept>
    <rtept lat="47.493961" lon="10.559578">
      <ele>1121.98</ele>
      <time>2025-06-25T12:32:35Z</time>
    </rtept>
    <rtept lat="47.493811" lon="10.559621">
      <ele>1122.46</ele>
      <time>2025-06-25T12:32:36Z</time>
    </rtept>
    <rtept lat="47.493682" lon="10.559664">
      <ele>1123.9</ele>
      <time>2025-06-25T12:32:37Z</time>
    </rtept>
    <rtept lat="47.493296" lon="10.559814">
      <ele>1129.19</ele>
      <time>2025-06-25T12:32:40Z</time>
    </rtept>
    <rtept lat="47.493189" lon="10.5599">
      <ele>1130.63</ele>
      <time>2025-06-25T12:32:41Z</time>
    </rtept>
    <rtept lat="47.492438" lon="10.560587">
      <ele>1134.47</ele>
      <time>2025-06-25T12:32:49Z</time>
    </rtept>
    <rtept lat="47.492395" lon="10.560672">
      <ele>1134.47</ele>
      <time>2025-06-25T12:32:50Z</time>
    </rtept>
    <rtept lat="47.492352" lon="10.560758">
      <ele>1131.11</ele>
      <time>2025-06-25T12:32:51Z</time>
    </rtept>
    <rtept lat="47.492331" lon="10.560908">
      <ele>1128.71</ele>
      <time>2025-06-25T12:32:52Z</time>
    </rtept>
    <rtept lat="47.492331" lon="10.561144">
      <ele>1127.74</ele>
      <time>2025-06-25T12:32:53Z</time>
    </rtept>
    <rtept lat="47.492331" lon="10.561338">
      <ele>1127.26</ele>
      <time>2025-06-25T12:32:54Z</time>
    </rtept>
    <rtept lat="47.492309" lon="10.561531">
      <ele>1125.82</ele>
      <time>2025-06-25T12:32:55Z</time>
    </rtept>
    <rtept lat="47.492309" lon="10.561702">
      <ele>1124.38</ele>
      <time>2025-06-25T12:32:56Z</time>
    </rtept>
    <rtept lat="47.492309" lon="10.561895">
      <ele>1124.86</ele>
      <time>2025-06-25T12:32:57Z</time>
    </rtept>
    <rtept lat="47.492331" lon="10.56299">
      <ele>1126.78</ele>
      <time>2025-06-25T12:33:03Z</time>
    </rtept>
    <rtept lat="47.492352" lon="10.563183">
      <ele>1127.74</ele>
      <time>2025-06-25T12:33:04Z</time>
    </rtept>
    <rtept lat="47.492567" lon="10.564985">
      <ele>1121.5</ele>
      <time>2025-06-25T12:33:14Z</time>
    </rtept>
    <rtept lat="47.492652" lon="10.565522">
      <ele>1122.46</ele>
      <time>2025-06-25T12:33:17Z</time>
    </rtept>
    <rtept lat="47.492695" lon="10.565694">
      <ele>1121.5</ele>
      <time>2025-06-25T12:33:18Z</time>
    </rtept>
    <rtept lat="47.49276" lon="10.565887">
      <ele>1120.53</ele>
      <time>2025-06-25T12:33:19Z</time>
    </rtept>
    <rtept lat="47.492824" lon="10.566058">
      <ele>1120.05</ele>
      <time>2025-06-25T12:33:20Z</time>
    </rtept>
    <rtept lat="47.492889" lon="10.56623">
      <ele>1120.53</ele>
      <time>2025-06-25T12:33:21Z</time>
    </rtept>
    <rtept lat="47.493468" lon="10.568311">
      <ele>1123.42</ele>
      <time>2025-06-25T12:33:31Z</time>
    </rtept>
    <rtept lat="47.493725" lon="10.569921">
      <ele>1123.42</ele>
      <time>2025-06-25T12:33:39Z</time>
    </rtept>
    <rtept lat="47.493854" lon="10.571401">
      <ele>1122.94</ele>
      <time>2025-06-25T12:33:45Z</time>
    </rtept>
    <rtept lat="47.493854" lon="10.57168">
      <ele>1123.42</ele>
      <time>2025-06-25T12:33:46Z</time>
    </rtept>
    <rtept lat="47.493897" lon="10.573053">
      <ele>1124.86</ele>
      <time>2025-06-25T12:33:51Z</time>
    </rtept>
    <rtept lat="47.49394" lon="10.573311">
      <ele>1125.34</ele>
      <time>2025-06-25T12:33:52Z</time>
    </rtept>
    <rtept lat="47.493983" lon="10.573847">
      <ele>1125.34</ele>
      <time>2025-06-25T12:33:54Z</time>
    </rtept>
    <rtept lat="47.494026" lon="10.574105">
      <ele>1125.82</ele>
      <time>2025-06-25T12:33:55Z</time>
    </rtept>
    <rtept lat="47.494047" lon="10.574341">
      <ele>1126.3</ele>
      <time>2025-06-25T12:33:56Z</time>
    </rtept>
    <rtept lat="47.494112" lon="10.574534">
      <ele>1125.82</ele>
      <time>2025-06-25T12:33:57Z</time>
    </rtept>
    <rtept lat="47.494155" lon="10.57477">
      <ele>1125.34</ele>
      <time>2025-06-25T12:33:58Z</time>
    </rtept>
    <rtept lat="47.494219" lon="10.575006">
      <ele>1123.9</ele>
      <time>2025-06-25T12:33:59Z</time>
    </rtept>
    <rtept lat="47.494262" lon="10.575242">
      <ele>1121.98</ele>
      <time>2025-06-25T12:34:00Z</time>
    </rtept>
    <rtept lat="47.494305" lon="10.575521">
      <ele>1123.42</ele>
      <time>2025-06-25T12:34:01Z</time>
    </rtept>
    <rtept lat="47.494326" lon="10.575822">
      <ele>1122.94</ele>
      <time>2025-06-25T12:34:02Z</time>
    </rtept>
    <rtept lat="47.494476" lon="10.577753">
      <ele>1124.38</ele>
      <time>2025-06-25T12:34:10Z</time>
    </rtept>
    <rtept lat="47.494755" lon="10.579512">
      <ele>1125.82</ele>
      <time>2025-06-25T12:34:19Z</time>
    </rtept>
    <rtept lat="47.494798" lon="10.579705">
      <ele>1125.34</ele>
      <time>2025-06-25T12:34:20Z</time>
    </rtept>
    <rtept lat="47.494927" lon="10.580349">
      <ele>1123.9</ele>
      <time>2025-06-25T12:34:23Z</time>
    </rtept>
    <rtept lat="47.494948" lon="10.580585">
      <ele>1124.38</ele>
      <time>2025-06-25T12:34:24Z</time>
    </rtept>
    <rtept lat="47.49497" lon="10.5808">
      <ele>1124.38</ele>
      <time>2025-06-25T12:34:25Z</time>
    </rtept>
    <rtept lat="47.49497" lon="10.58228">
      <ele>1124.86</ele>
      <time>2025-06-25T12:34:33Z</time>
    </rtept>
    <rtept lat="47.494948" lon="10.582452">
      <ele>1125.82</ele>
      <time>2025-06-25T12:34:34Z</time>
    </rtept>
    <rtept lat="47.494927" lon="10.582581">
      <ele>1125.34</ele>
      <time>2025-06-25T12:34:35Z</time>
    </rtept>
    <rtept lat="47.494884" lon="10.582709">
      <ele>1124.86</ele>
      <time>2025-06-25T12:34:36Z</time>
    </rtept>
    <rtept lat="47.494841" lon="10.582817">
      <ele>1124.86</ele>
      <time>2025-06-25T12:34:37Z</time>
    </rtept>
    <rtept lat="47.494798" lon="10.582945">
      <ele>1125.34</ele>
      <time>2025-06-25T12:34:38Z</time>
    </rtept>
    <rtept lat="47.494755" lon="10.583031">
      <ele>1126.3</ele>
      <time>2025-06-25T12:34:39Z</time>
    </rtept>
    <rtept lat="47.494476" lon="10.583782">
      <ele>1127.26</ele>
      <time>2025-06-25T12:34:47Z</time>
    </rtept>
    <rtept lat="47.494476" lon="10.583911">
      <ele>1127.26</ele>
      <time>2025-06-25T12:34:48Z</time>
    </rtept>
    <rtept lat="47.494455" lon="10.584018">
      <ele>1126.78</ele>
      <time>2025-06-25T12:34:49Z</time>
    </rtept>
    <rtept lat="47.494455" lon="10.584104">
      <ele>1127.26</ele>
      <time>2025-06-25T12:34:50Z</time>
    </rtept>
    <rtept lat="47.494433" lon="10.584211">
      <ele>1128.22</ele>
      <time>2025-06-25T12:34:51Z</time>
    </rtept>
    <rtept lat="47.494412" lon="10.584319">
      <ele>1129.19</ele>
      <time>2025-06-25T12:34:52Z</time>
    </rtept>
    <rtept lat="47.494391" lon="10.584576">
      <ele>1132.07</ele>
      <time>2025-06-25T12:34:54Z</time>
    </rtept>
    <rtept lat="47.494348" lon="10.584705">
      <ele>1132.55</ele>
      <time>2025-06-25T12:34:55Z</time>
    </rtept>
    <rtept lat="47.493918" lon="10.585692">
      <ele>1136.4</ele>
      <time>2025-06-25T12:35:04Z</time>
    </rtept>
    <rtept lat="47.493854" lon="10.585778">
      <ele>1137.36</ele>
      <time>2025-06-25T12:35:05Z</time>
    </rtept>
    <rtept lat="47.493768" lon="10.585842">
      <ele>1137.84</ele>
      <time>2025-06-25T12:35:06Z</time>
    </rtept>
    <rtept lat="47.493704" lon="10.585885">
      <ele>1138.32</ele>
      <time>2025-06-25T12:35:07Z</time>
    </rtept>
    <rtept lat="47.493618" lon="10.585928">
      <ele>1137.36</ele>
      <time>2025-06-25T12:35:08Z</time>
    </rtept>
    <rtept lat="47.493554" lon="10.585971">
      <ele>1137.36</ele>
      <time>2025-06-25T12:35:09Z</time>
    </rtept>
    <rtept lat="47.493468" lon="10.586014">
      <ele>1138.32</ele>
      <time>2025-06-25T12:35:10Z</time>
    </rtept>
    <rtept lat="47.493296" lon="10.5861">
      <ele>1141.2</ele>
      <time>2025-06-25T12:35:12Z</time>
    </rtept>
    <rtept lat="47.493232" lon="10.586164">
      <ele>1142.64</ele>
      <time>2025-06-25T12:35:13Z</time>
    </rtept>
    <rtept lat="47.493146" lon="10.58625">
      <ele>1143.12</ele>
      <time>2025-06-25T12:35:14Z</time>
    </rtept>
    <rtept lat="47.492331" lon="10.587108">
      <ele>1146.01</ele>
      <time>2025-06-25T12:35:22Z</time>
    </rtept>
    <rtept lat="47.492245" lon="10.587237">
      <ele>1146.01</ele>
      <time>2025-06-25T12:35:23Z</time>
    </rtept>
    <rtept lat="47.492159" lon="10.587387">
      <ele>1143.61</ele>
      <time>2025-06-25T12:35:24Z</time>
    </rtept>
    <rtept lat="47.491408" lon="10.588954">
      <ele>1147.93</ele>
      <time>2025-06-25T12:35:34Z</time>
    </rtept>
    <rtept lat="47.490464" lon="10.590735">
      <ele>1153.7</ele>
      <time>2025-06-25T12:35:43Z</time>
    </rtept>
    <rtept lat="47.48982" lon="10.591979">
      <ele>1149.85</ele>
      <time>2025-06-25T12:35:48Z</time>
    </rtept>
    <rtept lat="47.489713" lon="10.592301">
      <ele>1146.01</ele>
      <time>2025-06-25T12:35:49Z</time>
    </rtept>
    <rtept lat="47.489091" lon="10.594447">
      <ele>1147.93</ele>
      <time>2025-06-25T12:35:55Z</time>
    </rtept>
    <rtept lat="47.489026" lon="10.59479">
      <ele>1147.45</ele>
      <time>2025-06-25T12:35:56Z</time>
    </rtept>
    <rtept lat="47.488962" lon="10.595155">
      <ele>1147.45</ele>
      <time>2025-06-25T12:35:57Z</time>
    </rtept>
    <rtept lat="47.488618" lon="10.596635">
      <ele>1145.53</ele>
      <time>2025-06-25T12:36:02Z</time>
    </rtept>
    <rtept lat="47.488533" lon="10.59685">
      <ele>1144.57</ele>
      <time>2025-06-25T12:36:03Z</time>
    </rtept>
    <rtept lat="47.488404" lon="10.597258">
      <ele>1145.53</ele>
      <time>2025-06-25T12:36:05Z</time>
    </rtept>
    <rtept lat="47.488361" lon="10.597451">
      <ele>1145.05</ele>
      <time>2025-06-25T12:36:06Z</time>
    </rtept>
    <rtept lat="47.488318" lon="10.597644">
      <ele>1145.05</ele>
      <time>2025-06-25T12:36:07Z</time>
    </rtept>
    <rtept lat="47.488168" lon="10.598824">
      <ele>1144.57</ele>
      <time>2025-06-25T12:36:13Z</time>
    </rtept>
    <rtept lat="47.488125" lon="10.59906">
      <ele>1144.57</ele>
      <time>2025-06-25T12:36:14Z</time>
    </rtept>
    <rtept lat="47.488061" lon="10.599275">
      <ele>1144.09</ele>
      <time>2025-06-25T12:36:15Z</time>
    </rtept>
    <rtept lat="47.487631" lon="10.60127">
      <ele>1140.72</ele>
      <time>2025-06-25T12:36:23Z</time>
    </rtept>
    <rtept lat="47.487417" lon="10.602214">
      <ele>1138.8</ele>
      <time>2025-06-25T12:36:27Z</time>
    </rtept>
    <rtept lat="47.48731" lon="10.602429">
      <ele>1138.32</ele>
      <time>2025-06-25T12:36:28Z</time>
    </rtept>
    <rtept lat="47.487224" lon="10.602665">
      <ele>1137.84</ele>
      <time>2025-06-25T12:36:29Z</time>
    </rtept>
    <rtept lat="47.487116" lon="10.60288">
      <ele>1136.4</ele>
      <time>2025-06-25T12:36:30Z</time>
    </rtept>
    <rtept lat="47.486988" lon="10.603073">
      <ele>1135.43</ele>
      <time>2025-06-25T12:36:31Z</time>
    </rtept>
    <rtept lat="47.486816" lon="10.603287">
      <ele>1134.95</ele>
      <time>2025-06-25T12:36:32Z</time>
    </rtept>
    <rtept lat="47.486644" lon="10.603502">
      <ele>1133.99</ele>
      <time>2025-06-25T12:36:33Z</time>
    </rtept>
    <rtept lat="47.486451" lon="10.603674">
      <ele>1132.55</ele>
      <time>2025-06-25T12:36:34Z</time>
    </rtept>
    <rtept lat="47.486237" lon="10.603824">
      <ele>1131.11</ele>
      <time>2025-06-25T12:36:35Z</time>
    </rtept>
    <rtept lat="47.486001" lon="10.603931">
      <ele>1129.19</ele>
      <time>2025-06-25T12:36:36Z</time>
    </rtept>
    <rtept lat="47.485743" lon="10.604038">
      <ele>1128.71</ele>
      <time>2025-06-25T12:36:37Z</time>
    </rtept>
    <rtept lat="47.485507" lon="10.604081">
      <ele>1128.71</ele>
      <time>2025-06-25T12:36:38Z</time>
    </rtept>
    <rtept lat="47.48525" lon="10.604124">
      <ele>1129.19</ele>
      <time>2025-06-25T12:36:39Z</time>
    </rtept>
    <rtept lat="47.483748" lon="10.604661">
      <ele>1126.3</ele>
      <time>2025-06-25T12:36:46Z</time>
    </rtept>
    <rtept lat="47.482567" lon="10.605819">
      <ele>1128.71</ele>
      <time>2025-06-25T12:36:53Z</time>
    </rtept>
    <rtept lat="47.48128" lon="10.607815">
      <ele>1130.63</ele>
      <time>2025-06-25T12:37:02Z</time>
    </rtept>
    <rtept lat="47.480143" lon="10.609725">
      <ele>1130.63</ele>
      <time>2025-06-25T12:37:11Z</time>
    </rtept>
    <rtept lat="47.479134" lon="10.61172">
      <ele>1126.3</ele>
      <time>2025-06-25T12:37:18Z</time>
    </rtept>
    <rtept lat="47.478448" lon="10.613995">
      <ele>1126.3</ele>
      <time>2025-06-25T12:37:25Z</time>
    </rtept>
    <rtept lat="47.478147" lon="10.615733">
      <ele>1127.74</ele>
      <time>2025-06-25T12:37:31Z</time>
    </rtept>
    <rtept lat="47.477611" lon="10.618179">
      <ele>1127.74</ele>
      <time>2025-06-25T12:37:41Z</time>
    </rtept>
    <rtept lat="47.476817" lon="10.619638">
      <ele>1126.3</ele>
      <time>2025-06-25T12:37:47Z</time>
    </rtept>
    <rtept lat="47.475701" lon="10.620582">
      <ele>1118.61</ele>
      <time>2025-06-25T12:37:53Z</time>
    </rtept>
    <rtept lat="47.474306" lon="10.621033">
      <ele>1114.77</ele>
      <time>2025-06-25T12:38:00Z</time>
    </rtept>
    <rtept lat="47.472697" lon="10.620797">
      <ele>1111.88</ele>
      <time>2025-06-25T12:38:08Z</time>
    </rtept>
    <rtept lat="47.47098" lon="10.620518">
      <ele>1109.96</ele>
      <time>2025-06-25T12:38:17Z</time>
    </rtept>
    <rtept lat="47.470594" lon="10.620411">
      <ele>1110.44</ele>
      <time>2025-06-25T12:38:19Z</time>
    </rtept>
    <rtept lat="47.470379" lon="10.620282">
      <ele>1109.96</ele>
      <time>2025-06-25T12:38:20Z</time>
    </rtept>
    <rtept lat="47.470186" lon="10.620153">
      <ele>1108.52</ele>
      <time>2025-06-25T12:38:21Z</time>
    </rtept>
    <rtept lat="47.468641" lon="10.619531">
      <ele>1104.67</ele>
      <time>2025-06-25T12:38:27Z</time>
    </rtept>
    <rtept lat="47.466925" lon="10.61908">
      <ele>1103.71</ele>
      <time>2025-06-25T12:38:34Z</time>
    </rtept>
    <rtept lat="47.466732" lon="10.618951">
      <ele>1103.71</ele>
      <time>2025-06-25T12:38:35Z</time>
    </rtept>
    <rtept lat="47.465594" lon="10.618415">
      <ele>1103.23</ele>
      <time>2025-06-25T12:38:41Z</time>
    </rtept>
    <rtept lat="47.465401" lon="10.618394">
      <ele>1102.75</ele>
      <time>2025-06-25T12:38:42Z</time>
    </rtept>
    <rtept lat="47.465208" lon="10.618372">
      <ele>1102.75</ele>
      <time>2025-06-25T12:38:43Z</time>
    </rtept>
    <rtept lat="47.464178" lon="10.618115">
      <ele>1101.79</ele>
      <time>2025-06-25T12:38:49Z</time>
    </rtept>
    <rtept lat="47.464028" lon="10.618007">
      <ele>1101.79</ele>
      <time>2025-06-25T12:38:50Z</time>
    </rtept>
    <rtept lat="47.463899" lon="10.617879">
      <ele>1101.79</ele>
      <time>2025-06-25T12:38:51Z</time>
    </rtept>
    <rtept lat="47.463749" lon="10.617728">
      <ele>1101.79</ele>
      <time>2025-06-25T12:38:52Z</time>
    </rtept>
    <rtept lat="47.46362" lon="10.617578">
      <ele>1101.79</ele>
      <time>2025-06-25T12:38:53Z</time>
    </rtept>
    <rtept lat="47.462633" lon="10.616527">
      <ele>1101.79</ele>
      <time>2025-06-25T12:39:01Z</time>
    </rtept>
    <rtept lat="47.461818" lon="10.615926">
      <ele>1102.27</ele>
      <time>2025-06-25T12:39:08Z</time>
    </rtept>
    <rtept lat="47.461603" lon="10.615947">
      <ele>1101.79</ele>
      <time>2025-06-25T12:39:09Z</time>
    </rtept>
    <rtept lat="47.461474" lon="10.615947">
      <ele>1101.79</ele>
      <time>2025-06-25T12:39:10Z</time>
    </rtept>
    <rtept lat="47.461281" lon="10.616076">
      <ele>1102.27</ele>
      <time>2025-06-25T12:39:11Z</time>
    </rtept>
    <rtept lat="47.46111" lon="10.616205">
      <ele>1102.75</ele>
      <time>2025-06-25T12:39:12Z</time>
    </rtept>
    <rtept lat="47.460917" lon="10.616355">
      <ele>1102.75</ele>
      <time>2025-06-25T12:39:13Z</time>
    </rtept>
    <rtept lat="47.459651" lon="10.617535">
      <ele>1092.66</ele>
      <time>2025-06-25T12:39:21Z</time>
    </rtept>
    <rtept lat="47.459522" lon="10.617836">
      <ele>1092.18</ele>
      <time>2025-06-25T12:39:22Z</time>
    </rtept>
    <rtept lat="47.459479" lon="10.61805">
      <ele>1090.25</ele>
      <time>2025-06-25T12:39:23Z</time>
    </rtept>
    <rtept lat="47.459415" lon="10.618351">
      <ele>1092.18</ele>
      <time>2025-06-25T12:39:24Z</time>
    </rtept>
    <rtept lat="47.459372" lon="10.618608">
      <ele>1093.62</ele>
      <time>2025-06-25T12:39:25Z</time>
    </rtept>
    <rtept lat="47.459329" lon="10.618866">
      <ele>1095.06</ele>
      <time>2025-06-25T12:39:26Z</time>
    </rtept>
    <rtept lat="47.4592" lon="10.619338">
      <ele>1098.42</ele>
      <time>2025-06-25T12:39:28Z</time>
    </rtept>
    <rtept lat="47.459157" lon="10.619509">
      <ele>1098.42</ele>
      <time>2025-06-25T12:39:29Z</time>
    </rtept>
    <rtept lat="47.45905" lon="10.61966">
      <ele>1098.9</ele>
      <time>2025-06-25T12:39:30Z</time>
    </rtept>
    <rtept lat="47.458921" lon="10.61981">
      <ele>1099.39</ele>
      <time>2025-06-25T12:39:31Z</time>
    </rtept>
    <rtept lat="47.458835" lon="10.619917">
      <ele>1097.94</ele>
      <time>2025-06-25T12:39:32Z</time>
    </rtept>
    <rtept lat="47.458685" lon="10.619981">
      <ele>1094.58</ele>
      <time>2025-06-25T12:39:33Z</time>
    </rtept>
    <rtept lat="47.458513" lon="10.620046">
      <ele>1091.69</ele>
      <time>2025-06-25T12:39:34Z</time>
    </rtept>
    <rtept lat="47.458363" lon="10.62011">
      <ele>1089.77</ele>
      <time>2025-06-25T12:39:35Z</time>
    </rtept>
    <rtept lat="47.45817" lon="10.620175">
      <ele>1086.89</ele>
      <time>2025-06-25T12:39:36Z</time>
    </rtept>
    <rtept lat="47.45802" lon="10.620217">
      <ele>1086.89</ele>
      <time>2025-06-25T12:39:37Z</time>
    </rtept>
    <rtept lat="47.457398" lon="10.620389">
      <ele>1084.97</ele>
      <time>2025-06-25T12:39:41Z</time>
    </rtept>
    <rtept lat="47.457269" lon="10.620453">
      <ele>1083.52</ele>
      <time>2025-06-25T12:39:42Z</time>
    </rtept>
    <rtept lat="47.457162" lon="10.620582">
      <ele>1082.56</ele>
      <time>2025-06-25T12:39:43Z</time>
    </rtept>
    <rtept lat="47.457033" lon="10.620732">
      <ele>1082.56</ele>
      <time>2025-06-25T12:39:44Z</time>
    </rtept>
    <rtept lat="47.456947" lon="10.620883">
      <ele>1080.64</ele>
      <time>2025-06-25T12:39:45Z</time>
    </rtept>
    <rtept lat="47.456861" lon="10.621097">
      <ele>1079.68</ele>
      <time>2025-06-25T12:39:46Z</time>
    </rtept>
    <rtept lat="47.456754" lon="10.62129">
      <ele>1079.2</ele>
      <time>2025-06-25T12:39:47Z</time>
    </rtept>
    <rtept lat="47.456539" lon="10.621805">
      <ele>1079.68</ele>
      <time>2025-06-25T12:39:50Z</time>
    </rtept>
    <rtept lat="47.456453" lon="10.62187">
      <ele>1078.24</ele>
      <time>2025-06-25T12:39:51Z</time>
    </rtept>
    <rtept lat="47.456368" lon="10.621956">
      <ele>1078.24</ele>
      <time>2025-06-25T12:39:52Z</time>
    </rtept>
    <rtept lat="47.456282" lon="10.62202">
      <ele>1079.68</ele>
      <time>2025-06-25T12:39:53Z</time>
    </rtept>
    <rtept lat="47.456217" lon="10.622106">
      <ele>1081.12</ele>
      <time>2025-06-25T12:39:54Z</time>
    </rtept>
    <rtept lat="47.456132" lon="10.62217">
      <ele>1081.12</ele>
      <time>2025-06-25T12:39:55Z</time>
    </rtept>
    <rtept lat="47.456067" lon="10.622213">
      <ele>1081.12</ele>
      <time>2025-06-25T12:39:56Z</time>
    </rtept>
    <rtept lat="47.455402" lon="10.622835">
      <ele>1082.08</ele>
      <time>2025-06-25T12:40:05Z</time>
    </rtept>
    <rtept lat="47.45523" lon="10.623007">
      <ele>1082.08</ele>
      <time>2025-06-25T12:40:07Z</time>
    </rtept>
    <rtept lat="47.454243" lon="10.623629">
      <ele>1081.6</ele>
      <time>2025-06-25T12:40:16Z</time>
    </rtept>
    <rtept lat="47.453278" lon="10.62438">
      <ele>1073.43</ele>
      <time>2025-06-25T12:40:24Z</time>
    </rtept>
    <rtept lat="47.452355" lon="10.62526">
      <ele>1064.3</ele>
      <time>2025-06-25T12:40:31Z</time>
    </rtept>
    <rtept lat="47.452248" lon="10.625453">
      <ele>1059.97</ele>
      <time>2025-06-25T12:40:32Z</time>
    </rtept>
    <rtept lat="47.452183" lon="10.625668">
      <ele>1057.57</ele>
      <time>2025-06-25T12:40:33Z</time>
    </rtept>
    <rtept lat="47.45199" lon="10.62629">
      <ele>1051.8</ele>
      <time>2025-06-25T12:40:36Z</time>
    </rtept>
    <rtept lat="47.451947" lon="10.626483">
      <ele>1048.92</ele>
      <time>2025-06-25T12:40:37Z</time>
    </rtept>
    <rtept lat="47.451926" lon="10.626676">
      <ele>1046.99</ele>
      <time>2025-06-25T12:40:38Z</time>
    </rtept>
    <rtept lat="47.451926" lon="10.626848">
      <ele>1045.07</ele>
      <time>2025-06-25T12:40:39Z</time>
    </rtept>
    <rtept lat="47.451947" lon="10.62702">
      <ele>1044.11</ele>
      <time>2025-06-25T12:40:40Z</time>
    </rtept>
    <rtept lat="47.45199" lon="10.627191">
      <ele>1044.11</ele>
      <time>2025-06-25T12:40:41Z</time>
    </rtept>
    <rtept lat="47.452033" lon="10.627384">
      <ele>1044.59</ele>
      <time>2025-06-25T12:40:42Z</time>
    </rtept>
    <rtept lat="47.452076" lon="10.627535">
      <ele>1045.07</ele>
      <time>2025-06-25T12:40:43Z</time>
    </rtept>
    <rtept lat="47.452055" lon="10.627663">
      <ele>1044.59</ele>
      <time>2025-06-25T12:40:44Z</time>
    </rtept>
    <rtept lat="47.452033" lon="10.627813">
      <ele>1043.63</ele>
      <time>2025-06-25T12:40:45Z</time>
    </rtept>
    <rtept lat="47.45199" lon="10.628007">
      <ele>1044.11</ele>
      <time>2025-06-25T12:40:46Z</time>
    </rtept>
    <rtept lat="47.451969" lon="10.6282">
      <ele>1042.67</ele>
      <time>2025-06-25T12:40:47Z</time>
    </rtept>
    <rtept lat="47.451926" lon="10.628371">
      <ele>1041.23</ele>
      <time>2025-06-25T12:40:48Z</time>
    </rtept>
    <rtept lat="47.451904" lon="10.6285">
      <ele>1039.78</ele>
      <time>2025-06-25T12:40:49Z</time>
    </rtept>
    <rtept lat="47.451947" lon="10.628758">
      <ele>1038.82</ele>
      <time>2025-06-25T12:40:50Z</time>
    </rtept>
    <rtept lat="47.45199" lon="10.628951">
      <ele>1037.86</ele>
      <time>2025-06-25T12:40:51Z</time>
    </rtept>
    <rtept lat="47.452033" lon="10.629144">
      <ele>1036.9</ele>
      <time>2025-06-25T12:40:52Z</time>
    </rtept>
    <rtept lat="47.452097" lon="10.629809">
      <ele>1035.46</ele>
      <time>2025-06-25T12:40:56Z</time>
    </rtept>
    <rtept lat="47.452097" lon="10.629916">
      <ele>1034.98</ele>
      <time>2025-06-25T12:40:57Z</time>
    </rtept>
    <rtept lat="47.452055" lon="10.630045">
      <ele>1034.5</ele>
      <time>2025-06-25T12:40:58Z</time>
    </rtept>
    <rtept lat="47.45199" lon="10.630174">
      <ele>1032.57</ele>
      <time>2025-06-25T12:40:59Z</time>
    </rtept>
    <rtept lat="47.451947" lon="10.630303">
      <ele>1030.65</ele>
      <time>2025-06-25T12:41:00Z</time>
    </rtept>
    <rtept lat="47.451969" lon="10.630431">
      <ele>1029.69</ele>
      <time>2025-06-25T12:41:01Z</time>
    </rtept>
    <rtept lat="47.45199" lon="10.63056">
      <ele>1028.25</ele>
      <time>2025-06-25T12:41:02Z</time>
    </rtept>
    <rtept lat="47.452033" lon="10.63071">
      <ele>1027.29</ele>
      <time>2025-06-25T12:41:03Z</time>
    </rtept>
    <rtept lat="47.452055" lon="10.63086">
      <ele>1026.81</ele>
      <time>2025-06-25T12:41:04Z</time>
    </rtept>
    <rtept lat="47.452076" lon="10.630989">
      <ele>1026.33</ele>
      <time>2025-06-25T12:41:05Z</time>
    </rtept>
    <rtept lat="47.452055" lon="10.631161">
      <ele>1025.36</ele>
      <time>2025-06-25T12:41:06Z</time>
    </rtept>
    <rtept lat="47.452033" lon="10.631311">
      <ele>1026.33</ele>
      <time>2025-06-25T12:41:07Z</time>
    </rtept>
    <rtept lat="47.452012" lon="10.631461">
      <ele>1025.84</ele>
      <time>2025-06-25T12:41:08Z</time>
    </rtept>
    <rtept lat="47.451583" lon="10.633006">
      <ele>1017.67</ele>
      <time>2025-06-25T12:41:19Z</time>
    </rtept>
    <rtept lat="47.451518" lon="10.633414">
      <ele>1015.27</ele>
      <time>2025-06-25T12:41:22Z</time>
    </rtept>
    <rtept lat="47.451475" lon="10.633822">
      <ele>1015.27</ele>
      <time>2025-06-25T12:41:25Z</time>
    </rtept>
    <rtept lat="47.451411" lon="10.63395">
      <ele>1015.27</ele>
      <time>2025-06-25T12:41:26Z</time>
    </rtept>
    <rtept lat="47.451304" lon="10.634058">
      <ele>1014.79</ele>
      <time>2025-06-25T12:41:27Z</time>
    </rtept>
    <rtept lat="47.451196" lon="10.634165">
      <ele>1014.79</ele>
      <time>2025-06-25T12:41:28Z</time>
    </rtept>
    <rtept lat="47.451089" lon="10.634272">
      <ele>1014.31</ele>
      <time>2025-06-25T12:41:29Z</time>
    </rtept>
    <rtept lat="47.451025" lon="10.634444">
      <ele>1013.83</ele>
      <time>2025-06-25T12:41:30Z</time>
    </rtept>
    <rtept lat="47.45096" lon="10.634616">
      <ele>1011.91</ele>
      <time>2025-06-25T12:41:31Z</time>
    </rtept>
    <rtept lat="47.450939" lon="10.634658">
      <ele>1009.5</ele>
      <time>2025-06-25T12:41:32Z</time>
    </rtept>
    <rtept lat="47.450917" lon="10.634937">
      <ele>1007.1</ele>
      <time>2025-06-25T12:41:33Z</time>
    </rtept>
    <rtept lat="47.450917" lon="10.635109">
      <ele>1006.14</ele>
      <time>2025-06-25T12:41:34Z</time>
    </rtept>
    <rtept lat="47.450982" lon="10.635259">
      <ele>1007.58</ele>
      <time>2025-06-25T12:41:35Z</time>
    </rtept>
    <rtept lat="47.451046" lon="10.635409">
      <ele>1008.06</ele>
      <time>2025-06-25T12:41:36Z</time>
    </rtept>
    <rtept lat="47.45111" lon="10.635581">
      <ele>1007.58</ele>
      <time>2025-06-25T12:41:37Z</time>
    </rtept>
    <rtept lat="47.451175" lon="10.635924">
      <ele>1007.58</ele>
      <time>2025-06-25T12:41:41Z</time>
    </rtept>
    <rtept lat="47.451003" lon="10.636203">
      <ele>1007.58</ele>
      <time>2025-06-25T12:41:42Z</time>
    </rtept>
    <rtept lat="47.450896" lon="10.636332">
      <ele>1007.58</ele>
      <time>2025-06-25T12:41:43Z</time>
    </rtept>
    <rtept lat="47.450767" lon="10.636482">
      <ele>1007.1</ele>
      <time>2025-06-25T12:41:44Z</time>
    </rtept>
    <rtept lat="47.450681" lon="10.63659">
      <ele>1006.14</ele>
      <time>2025-06-25T12:41:45Z</time>
    </rtept>
    <rtept lat="47.450338" lon="10.637062">
      <ele>1007.1</ele>
      <time>2025-06-25T12:41:49Z</time>
    </rtept>
    <rtept lat="47.450274" lon="10.637212">
      <ele>1005.18</ele>
      <time>2025-06-25T12:41:50Z</time>
    </rtept>
    <rtept lat="47.450209" lon="10.637341">
      <ele>1001.33</ele>
      <time>2025-06-25T12:41:51Z</time>
    </rtept>
    <rtept lat="47.450188" lon="10.637534">
      <ele>995.08</ele>
      <time>2025-06-25T12:41:52Z</time>
    </rtept>
    <rtept lat="47.450145" lon="10.637727">
      <ele>990.28</ele>
      <time>2025-06-25T12:41:53Z</time>
    </rtept>
    <rtept lat="47.450102" lon="10.637963">
      <ele>985.47</ele>
      <time>2025-06-25T12:41:54Z</time>
    </rtept>
    <rtept lat="47.449823" lon="10.639358">
      <ele>974.9</ele>
      <time>2025-06-25T12:42:01Z</time>
    </rtept>
    <rtept lat="47.449737" lon="10.639551">
      <ele>973.93</ele>
      <time>2025-06-25T12:42:02Z</time>
    </rtept>
    <rtept lat="47.449565" lon="10.640087">
      <ele>971.53</ele>
      <time>2025-06-25T12:42:05Z</time>
    </rtept>
    <rtept lat="47.449544" lon="10.640323">
      <ele>969.61</ele>
      <time>2025-06-25T12:42:06Z</time>
    </rtept>
    <rtept lat="47.449565" lon="10.640516">
      <ele>967.69</ele>
      <time>2025-06-25T12:42:07Z</time>
    </rtept>
    <rtept lat="47.449608" lon="10.64071">
      <ele>965.28</ele>
      <time>2025-06-25T12:42:08Z</time>
    </rtept>
    <rtept lat="47.449651" lon="10.640881">
      <ele>964.8</ele>
      <time>2025-06-25T12:42:09Z</time>
    </rtept>
    <rtept lat="47.449694" lon="10.64101">
      <ele>965.28</ele>
      <time>2025-06-25T12:42:10Z</time>
    </rtept>
    <rtept lat="47.449737" lon="10.641139">
      <ele>965.76</ele>
      <time>2025-06-25T12:42:11Z</time>
    </rtept>
    <rtept lat="47.449802" lon="10.641375">
      <ele>967.2</ele>
      <time>2025-06-25T12:42:14Z</time>
    </rtept>
    <rtept lat="47.44978" lon="10.641461">
      <ele>967.69</ele>
      <time>2025-06-25T12:42:15Z</time>
    </rtept>
    <rtept lat="47.449759" lon="10.641546">
      <ele>966.72</ele>
      <time>2025-06-25T12:42:16Z</time>
    </rtept>
    <rtept lat="47.449759" lon="10.641568">
      <ele>963.84</ele>
      <time>2025-06-25T12:42:17Z</time>
    </rtept>
    <rtept lat="47.449716" lon="10.641589">
      <ele>962.4</ele>
      <time>2025-06-25T12:42:18Z</time>
    </rtept>
    <rtept lat="47.449651" lon="10.641611">
      <ele>961.44</ele>
      <time>2025-06-25T12:42:19Z</time>
    </rtept>
    <rtept lat="47.449587" lon="10.641589">
      <ele>958.55</ele>
      <time>2025-06-25T12:42:20Z</time>
    </rtept>
    <rtept lat="47.449523" lon="10.641375">
      <ele>958.07</ele>
      <time>2025-06-25T12:42:21Z</time>
    </rtept>
    <rtept lat="47.449523" lon="10.64116">
      <ele>959.03</ele>
      <time>2025-06-25T12:42:22Z</time>
    </rtept>
    <rtept lat="47.449523" lon="10.640988">
      <ele>959.99</ele>
      <time>2025-06-25T12:42:23Z</time>
    </rtept>
    <rtept lat="47.449458" lon="10.640538">
      <ele>958.55</ele>
      <time>2025-06-25T12:42:26Z</time>
    </rtept>
    <rtept lat="47.449501" lon="10.639014">
      <ele>961.44</ele>
      <time>2025-06-25T12:42:33Z</time>
    </rtept>
    <rtept lat="47.449544" lon="10.638821">
      <ele>961.92</ele>
      <time>2025-06-25T12:42:34Z</time>
    </rtept>
    <rtept lat="47.449651" lon="10.637727">
      <ele>962.4</ele>
      <time>2025-06-25T12:42:41Z</time>
    </rtept>
    <rtept lat="47.449694" lon="10.637577">
      <ele>961.92</ele>
      <time>2025-06-25T12:42:42Z</time>
    </rtept>
    <rtept lat="47.449737" lon="10.637469">
      <ele>961.92</ele>
      <time>2025-06-25T12:42:43Z</time>
    </rtept>
    <rtept lat="47.449737" lon="10.63719">
      <ele>961.92</ele>
      <time>2025-06-25T12:42:47Z</time>
    </rtept>
    <rtept lat="47.449737" lon="10.63719">
      <ele>961.92</ele>
      <time>2025-06-25T12:42:48Z</time>
    </rtept>
    <rtept lat="47.449587" lon="10.637148">
      <ele>961.44</ele>
      <time>2025-06-25T12:42:49Z</time>
    </rtept>
    <rtept lat="47.449587" lon="10.637148">
      <ele>960.48</ele>
      <time>2025-06-25T12:42:50Z</time>
    </rtept>
    <rtept lat="47.449544" lon="10.637233">
      <ele>957.59</ele>
      <time>2025-06-25T12:42:51Z</time>
    </rtept>
    <rtept lat="47.449501" lon="10.637319">
      <ele>948.46</ele>
      <time>2025-06-25T12:42:52Z</time>
    </rtept>
    <rtept lat="47.44948" lon="10.637512">
      <ele>942.69</ele>
      <time>2025-06-25T12:42:53Z</time>
    </rtept>
    <rtept lat="47.44948" lon="10.637684">
      <ele>939.81</ele>
      <time>2025-06-25T12:42:54Z</time>
    </rtept>
    <rtept lat="47.449458" lon="10.637899">
      <ele>940.29</ele>
      <time>2025-06-25T12:42:55Z</time>
    </rtept>
    <rtept lat="47.449201" lon="10.639722">
      <ele>943.17</ele>
      <time>2025-06-25T12:43:03Z</time>
    </rtept>
    <rtept lat="47.449029" lon="10.641525">
      <ele>935.0</ele>
      <time>2025-06-25T12:43:11Z</time>
    </rtept>
    <rtept lat="47.448965" lon="10.641697">
      <ele>932.6</ele>
      <time>2025-06-25T12:43:12Z</time>
    </rtept>
    <rtept lat="47.4489" lon="10.64189">
      <ele>931.16</ele>
      <time>2025-06-25T12:43:13Z</time>
    </rtept>
    <rtept lat="47.448814" lon="10.642126">
      <ele>929.71</ele>
      <time>2025-06-25T12:43:15Z</time>
    </rtept>
    <rtept lat="47.448814" lon="10.642362">
      <ele>929.23</ele>
      <time>2025-06-25T12:43:16Z</time>
    </rtept>
    <rtept lat="47.448836" lon="10.642491">
      <ele>929.23</ele>
      <time>2025-06-25T12:43:17Z</time>
    </rtept>
    <rtept lat="47.448857" lon="10.642619">
      <ele>927.79</ele>
      <time>2025-06-25T12:43:18Z</time>
    </rtept>
    <rtept lat="47.448879" lon="10.642748">
      <ele>928.27</ele>
      <time>2025-06-25T12:43:19Z</time>
    </rtept>
    <rtept lat="47.448857" lon="10.642877">
      <ele>928.27</ele>
      <time>2025-06-25T12:43:20Z</time>
    </rtept>
    <rtept lat="47.448857" lon="10.642898">
      <ele>928.27</ele>
      <time>2025-06-25T12:43:21Z</time>
    </rtept>
    <rtept lat="47.448857" lon="10.642898">
      <ele>927.31</ele>
      <time>2025-06-25T12:43:22Z</time>
    </rtept>
    <rtept lat="47.44875" lon="10.642984">
      <ele>926.35</ele>
      <time>2025-06-25T12:43:23Z</time>
    </rtept>
    <rtept lat="47.448707" lon="10.642984">
      <ele>924.43</ele>
      <time>2025-06-25T12:43:24Z</time>
    </rtept>
    <rtept lat="47.448643" lon="10.642941">
      <ele>922.5</ele>
      <time>2025-06-25T12:43:25Z</time>
    </rtept>
    <rtept lat="47.448578" lon="10.642619">
      <ele>923.47</ele>
      <time>2025-06-25T12:43:26Z</time>
    </rtept>
    <rtept lat="47.448557" lon="10.642362">
      <ele>923.47</ele>
      <time>2025-06-25T12:43:27Z</time>
    </rtept>
    <rtept lat="47.448557" lon="10.642083">
      <ele>922.5</ele>
      <time>2025-06-25T12:43:28Z</time>
    </rtept>
    <rtept lat="47.448514" lon="10.641182">
      <ele>920.1</ele>
      <time>2025-06-25T12:43:32Z</time>
    </rtept>
    <rtept lat="47.448471" lon="10.640988">
      <ele>920.1</ele>
      <time>2025-06-25T12:43:33Z</time>
    </rtept>
    <rtept lat="47.44845" lon="10.64086">
      <ele>922.02</ele>
      <time>2025-06-25T12:43:34Z</time>
    </rtept>
    <rtept lat="47.44845" lon="10.640624">
      <ele>919.62</ele>
      <time>2025-06-25T12:43:35Z</time>
    </rtept>
    <rtept lat="47.44845" lon="10.640452">
      <ele>918.66</ele>
      <time>2025-06-25T12:43:36Z</time>
    </rtept>
    <rtept lat="47.44845" lon="10.64028">
      <ele>917.22</ele>
      <time>2025-06-25T12:43:37Z</time>
    </rtept>
    <rtept lat="47.448342" lon="10.638542">
      <ele>910.97</ele>
      <time>2025-06-25T12:43:47Z</time>
    </rtept>
    <rtept lat="47.448278" lon="10.638435">
      <ele>909.05</ele>
      <time>2025-06-25T12:43:48Z</time>
    </rtept>
    <rtept lat="47.448214" lon="10.638285">
      <ele>906.64</ele>
      <time>2025-06-25T12:43:49Z</time>
    </rtept>
    <rtept lat="47.448063" lon="10.638199">
      <ele>910.01</ele>
      <time>2025-06-25T12:43:50Z</time>
    </rtept>
    <rtept lat="47.448021" lon="10.638178">
      <ele>909.53</ele>
      <time>2025-06-25T12:43:51Z</time>
    </rtept>
    <rtept lat="47.447849" lon="10.63822">
      <ele>909.05</ele>
      <time>2025-06-25T12:43:52Z</time>
    </rtept>
    <rtept lat="47.447742" lon="10.638242">
      <ele>909.05</ele>
      <time>2025-06-25T12:43:53Z</time>
    </rtept>
    <rtept lat="47.447634" lon="10.638328">
      <ele>910.01</ele>
      <time>2025-06-25T12:43:54Z</time>
    </rtept>
    <rtept lat="47.447527" lon="10.638392">
      <ele>909.05</ele>
      <time>2025-06-25T12:43:55Z</time>
    </rtept>
    <rtept lat="47.44742" lon="10.638456">
      <ele>907.6</ele>
      <time>2025-06-25T12:43:56Z</time>
    </rtept>
    <rtept lat="47.446583" lon="10.638821">
      <ele>905.2</ele>
      <time>2025-06-25T12:44:05Z</time>
    </rtept>
    <rtept lat="47.445789" lon="10.639379">
      <ele>902.32</ele>
      <time>2025-06-25T12:44:14Z</time>
    </rtept>
    <rtept lat="47.444909" lon="10.639959">
      <ele>900.39</ele>
      <time>2025-06-25T12:44:24Z</time>
    </rtept>
    <rtept lat="47.444609" lon="10.640109">
      <ele>895.59</ele>
      <time>2025-06-25T12:44:27Z</time>
    </rtept>
    <rtept lat="47.444501" lon="10.64013">
      <ele>894.63</ele>
      <time>2025-06-25T12:44:28Z</time>
    </rtept>
    <rtept lat="47.444223" lon="10.640195">
      <ele>893.66</ele>
      <time>2025-06-25T12:44:31Z</time>
    </rtept>
    <rtept lat="47.444115" lon="10.640302">
      <ele>893.18</ele>
      <time>2025-06-25T12:44:32Z</time>
    </rtept>
    <rtept lat="47.444029" lon="10.640388">
      <ele>892.7</ele>
      <time>2025-06-25T12:44:33Z</time>
    </rtept>
    <rtept lat="47.4433" lon="10.641053">
      <ele>891.74</ele>
      <time>2025-06-25T12:44:43Z</time>
    </rtept>
    <rtept lat="47.443107" lon="10.641225">
      <ele>893.18</ele>
      <time>2025-06-25T12:44:46Z</time>
    </rtept>
    <rtept lat="47.442957" lon="10.641332">
      <ele>894.63</ele>
      <time>2025-06-25T12:44:48Z</time>
    </rtept>
    <rtept lat="47.442334" lon="10.641911">
      <ele>889.82</ele>
      <time>2025-06-25T12:44:57Z</time>
    </rtept>
    <rtept lat="47.442227" lon="10.64204">
      <ele>888.86</ele>
      <time>2025-06-25T12:44:58Z</time>
    </rtept>
    <rtept lat="47.442163" lon="10.642126">
      <ele>889.34</ele>
      <time>2025-06-25T12:44:59Z</time>
    </rtept>
    <rtept lat="47.442077" lon="10.64219">
      <ele>888.86</ele>
      <time>2025-06-25T12:45:00Z</time>
    </rtept>
    <rtept lat="47.441991" lon="10.642254">
      <ele>887.9</ele>
      <time>2025-06-25T12:45:01Z</time>
    </rtept>
    <rtept lat="47.441712" lon="10.642426">
      <ele>887.9</ele>
      <time>2025-06-25T12:45:05Z</time>
    </rtept>
    <rtept lat="47.441648" lon="10.642426">
      <ele>887.9</ele>
      <time>2025-06-25T12:45:06Z</time>
    </rtept>
    <rtept lat="47.441347" lon="10.642448">
      <ele>889.34</ele>
      <time>2025-06-25T12:45:13Z</time>
    </rtept>
    <rtept lat="47.441047" lon="10.642491">
      <ele>892.7</ele>
      <time>2025-06-25T12:45:21Z</time>
    </rtept>
    <rtept lat="47.440918" lon="10.642491">
      <ele>893.18</ele>
      <time>2025-06-25T12:45:24Z</time>
    </rtept>
    <rtept lat="47.440854" lon="10.64234">
      <ele>893.18</ele>
      <time>2025-06-25T12:45:25Z</time>
    </rtept>
    <rtept lat="47.440854" lon="10.64234">
      <ele>891.26</ele>
      <time>2025-06-25T12:45:26Z</time>
    </rtept>
    <rtept lat="47.440789" lon="10.642276">
      <ele>889.34</ele>
      <time>2025-06-25T12:45:27Z</time>
    </rtept>
    <rtept lat="47.440768" lon="10.642147">
      <ele>887.9</ele>
      <time>2025-06-25T12:45:28Z</time>
    </rtept>
    <rtept lat="47.440746" lon="10.641976">
      <ele>886.94</ele>
      <time>2025-06-25T12:45:29Z</time>
    </rtept>
    <rtept lat="47.440725" lon="10.641782">
      <ele>887.9</ele>
      <time>2025-06-25T12:45:30Z</time>
    </rtept>
    <rtept lat="47.440725" lon="10.641568">
      <ele>886.94</ele>
      <time>2025-06-25T12:45:31Z</time>
    </rtept>
    <rtept lat="47.440639" lon="10.639422">
      <ele>884.53</ele>
      <time>2025-06-25T12:45:41Z</time>
    </rtept>
    <rtept lat="47.440425" lon="10.637899">
      <ele>885.01</ele>
      <time>2025-06-25T12:45:49Z</time>
    </rtept>
    <rtept lat="47.44006" lon="10.636804">
      <ele>884.53</ele>
      <time>2025-06-25T12:45:57Z</time>
    </rtept>
    <rtept lat="47.439523" lon="10.635431">
      <ele>886.94</ele>
      <time>2025-06-25T12:46:08Z</time>
    </rtept>
    <rtept lat="47.439008" lon="10.634143">
      <ele>889.82</ele>
      <time>2025-06-25T12:46:18Z</time>
    </rtept>
    <rtept lat="47.438386" lon="10.632577">
      <ele>886.45</ele>
      <time>2025-06-25T12:46:26Z</time>
    </rtept>
    <rtept lat="47.437635" lon="10.63026">
      <ele>889.82</ele>
      <time>2025-06-25T12:46:35Z</time>
    </rtept>
    <rtept lat="47.437356" lon="10.627921">
      <ele>889.34</ele>
      <time>2025-06-25T12:46:43Z</time>
    </rtept>
    <rtept lat="47.437141" lon="10.62496">
      <ele>890.78</ele>
      <time>2025-06-25T12:46:54Z</time>
    </rtept>
    <rtept lat="47.436927" lon="10.62187">
      <ele>893.18</ele>
      <time>2025-06-25T12:47:04Z</time>
    </rtept>
    <rtept lat="47.436669" lon="10.618329">
      <ele>893.18</ele>
      <time>2025-06-25T12:47:15Z</time>
    </rtept>
    <rtept lat="47.436519" lon="10.616784">
      <ele>897.03</ele>
      <time>2025-06-25T12:47:22Z</time>
    </rtept>
    <rtept lat="47.436283" lon="10.614767">
      <ele>896.07</ele>
      <time>2025-06-25T12:47:31Z</time>
    </rtept>
    <rtept lat="47.43594" lon="10.61187">
      <ele>896.55</ele>
      <time>2025-06-25T12:47:41Z</time>
    </rtept>
    <rtept lat="47.435618" lon="10.609338">
      <ele>896.55</ele>
      <time>2025-06-25T12:47:50Z</time>
    </rtept>
    <rtept lat="47.435339" lon="10.607">
      <ele>897.99</ele>
      <time>2025-06-25T12:47:58Z</time>
    </rtept>
    <rtept lat="47.435167" lon="10.606356">
      <ele>896.55</ele>
      <time>2025-06-25T12:48:01Z</time>
    </rtept>
    <rtept lat="47.434717" lon="10.605497">
      <ele>896.07</ele>
      <time>2025-06-25T12:48:06Z</time>
    </rtept>
    <rtept lat="47.434631" lon="10.605347">
      <ele>895.59</ele>
      <time>2025-06-25T12:48:07Z</time>
    </rtept>
    <rtept lat="47.434502" lon="10.605197">
      <ele>895.11</ele>
      <time>2025-06-25T12:48:08Z</time>
    </rtept>
    <rtept lat="47.433987" lon="10.604832">
      <ele>896.55</ele>
      <time>2025-06-25T12:48:12Z</time>
    </rtept>
    <rtept lat="47.432936" lon="10.604639">
      <ele>901.84</ele>
      <time>2025-06-25T12:48:20Z</time>
    </rtept>
    <rtept lat="47.431541" lon="10.60494">
      <ele>905.2</ele>
      <time>2025-06-25T12:48:29Z</time>
    </rtept>
    <rtept lat="47.429975" lon="10.605304">
      <ele>904.72</ele>
      <time>2025-06-25T12:48:40Z</time>
    </rtept>
    <rtept lat="47.42888" lon="10.605326">
      <ele>905.2</ele>
      <time>2025-06-25T12:48:47Z</time>
    </rtept>
    <rtept lat="47.428065" lon="10.604854">
      <ele>902.8</ele>
      <time>2025-06-25T12:48:53Z</time>
    </rtept>
    <rtept lat="47.427936" lon="10.604725">
      <ele>902.8</ele>
      <time>2025-06-25T12:48:54Z</time>
    </rtept>
    <rtept lat="47.427764" lon="10.604553">
      <ele>903.28</ele>
      <time>2025-06-25T12:48:55Z</time>
    </rtept>
    <rtept lat="47.427636" lon="10.604382">
      <ele>902.8</ele>
      <time>2025-06-25T12:48:56Z</time>
    </rtept>
    <rtept lat="47.427486" lon="10.604146">
      <ele>902.8</ele>
      <time>2025-06-25T12:48:57Z</time>
    </rtept>
    <rtept lat="47.427335" lon="10.603931">
      <ele>902.32</ele>
      <time>2025-06-25T12:48:58Z</time>
    </rtept>
    <rtept lat="47.427185" lon="10.603631">
      <ele>902.8</ele>
      <time>2025-06-25T12:48:59Z</time>
    </rtept>
    <rtept lat="47.427056" lon="10.603309">
      <ele>903.76</ele>
      <time>2025-06-25T12:49:00Z</time>
    </rtept>
    <rtept lat="47.426928" lon="10.602944">
      <ele>902.32</ele>
      <time>2025-06-25T12:49:01Z</time>
    </rtept>
    <rtept lat="47.426799" lon="10.602579">
      <ele>901.35</ele>
      <time>2025-06-25T12:49:02Z</time>
    </rtept>
    <rtept lat="47.426048" lon="10.600433">
      <ele>903.28</ele>
      <time>2025-06-25T12:49:09Z</time>
    </rtept>
    <rtept lat="47.424975" lon="10.597386">
      <ele>908.56</ele>
      <time>2025-06-25T12:49:19Z</time>
    </rtept>
    <rtept lat="47.424374" lon="10.59567">
      <ele>911.45</ele>
      <time>2025-06-25T12:49:26Z</time>
    </rtept>
    <rtept lat="47.423494" lon="10.593138">
      <ele>911.93</ele>
      <time>2025-06-25T12:49:37Z</time>
    </rtept>
    <rtept lat="47.422314" lon="10.589726">
      <ele>911.93</ele>
      <time>2025-06-25T12:49:50Z</time>
    </rtept>
    <rtept lat="47.421284" lon="10.586743">
      <ele>915.77</ele>
      <time>2025-06-25T12:50:02Z</time>
    </rtept>
    <rtept lat="47.420297" lon="10.584362">
      <ele>914.33</ele>
      <time>2025-06-25T12:50:11Z</time>
    </rtept>
    <rtept lat="47.419246" lon="10.583053">
      <ele>912.41</ele>
      <time>2025-06-25T12:50:17Z</time>
    </rtept>
    <rtept lat="47.41783" lon="10.582194">
      <ele>912.41</ele>
      <time>2025-06-25T12:50:24Z</time>
    </rtept>
    <rtept lat="47.416521" lon="10.582109">
      <ele>915.77</ele>
      <time>2025-06-25T12:50:31Z</time>
    </rtept>
    <rtept lat="47.414632" lon="10.582602">
      <ele>922.02</ele>
      <time>2025-06-25T12:50:42Z</time>
    </rtept>
    <rtept lat="47.412787" lon="10.583053">
      <ele>925.87</ele>
      <time>2025-06-25T12:50:53Z</time>
    </rtept>
    <rtept lat="47.411478" lon="10.582817">
      <ele>924.91</ele>
      <time>2025-06-25T12:51:01Z</time>
    </rtept>
    <rtept lat="47.410856" lon="10.582345">
      <ele>924.43</ele>
      <time>2025-06-25T12:51:05Z</time>
    </rtept>
    <rtept lat="47.410727" lon="10.582173">
      <ele>924.43</ele>
      <time>2025-06-25T12:51:06Z</time>
    </rtept>
    <rtept lat="47.410598" lon="10.58198">
      <ele>922.98</ele>
      <time>2025-06-25T12:51:07Z</time>
    </rtept>
    <rtept lat="47.410019" lon="10.581164">
      <ele>923.95</ele>
      <time>2025-06-25T12:51:12Z</time>
    </rtept>
    <rtept lat="47.40989" lon="10.581057">
      <ele>924.43</ele>
      <time>2025-06-25T12:51:13Z</time>
    </rtept>
    <rtept lat="47.409762" lon="10.580971">
      <ele>925.39</ele>
      <time>2025-06-25T12:51:14Z</time>
    </rtept>
    <rtept lat="47.409611" lon="10.580907">
      <ele>925.87</ele>
      <time>2025-06-25T12:51:15Z</time>
    </rtept>
    <rtept lat="47.409461" lon="10.580843">
      <ele>926.35</ele>
      <time>2025-06-25T12:51:16Z</time>
    </rtept>
    <rtept lat="47.409311" lon="10.5808">
      <ele>926.83</ele>
      <time>2025-06-25T12:51:17Z</time>
    </rtept>
    <rtept lat="47.409161" lon="10.5808">
      <ele>927.31</ele>
      <time>2025-06-25T12:51:18Z</time>
    </rtept>
    <rtept lat="47.407852" lon="10.580671">
      <ele>929.71</ele>
      <time>2025-06-25T12:51:26Z</time>
    </rtept>
    <rtept lat="47.407702" lon="10.580585">
      <ele>929.71</ele>
      <time>2025-06-25T12:51:27Z</time>
    </rtept>
    <rtept lat="47.407551" lon="10.580478">
      <ele>929.71</ele>
      <time>2025-06-25T12:51:28Z</time>
    </rtept>
    <rtept lat="47.406951" lon="10.580135">
      <ele>928.27</ele>
      <time>2025-06-25T12:51:32Z</time>
    </rtept>
    <rtept lat="47.4068" lon="10.580092">
      <ele>927.79</ele>
      <time>2025-06-25T12:51:33Z</time>
    </rtept>
    <rtept lat="47.40665" lon="10.580049">
      <ele>927.79</ele>
      <time>2025-06-25T12:51:34Z</time>
    </rtept>
    <rtept lat="47.405019" lon="10.58007">
      <ele>931.64</ele>
      <time>2025-06-25T12:51:44Z</time>
    </rtept>
    <rtept lat="47.403453" lon="10.579984">
      <ele>935.96</ele>
      <time>2025-06-25T12:51:53Z</time>
    </rtept>
    <rtept lat="47.403281" lon="10.57992">
      <ele>935.48</ele>
      <time>2025-06-25T12:51:54Z</time>
    </rtept>
    <rtept lat="47.402831" lon="10.57977">
      <ele>934.52</ele>
      <time>2025-06-25T12:51:57Z</time>
    </rtept>
    <rtept lat="47.402058" lon="10.579491">
      <ele>929.23</ele>
      <time>2025-06-25T12:52:02Z</time>
    </rtept>
    <rtept lat="47.401887" lon="10.579448">
      <ele>928.27</ele>
      <time>2025-06-25T12:52:03Z</time>
    </rtept>
    <rtept lat="47.401736" lon="10.579341">
      <ele>927.79</ele>
      <time>2025-06-25T12:52:04Z</time>
    </rtept>
    <rtept lat="47.401586" lon="10.57919">
      <ele>928.27</ele>
      <time>2025-06-25T12:52:05Z</time>
    </rtept>
    <rtept lat="47.401436" lon="10.57904">
      <ele>929.23</ele>
      <time>2025-06-25T12:52:06Z</time>
    </rtept>
    <rtept lat="47.401264" lon="10.57889">
      <ele>930.68</ele>
      <time>2025-06-25T12:52:07Z</time>
    </rtept>
    <rtept lat="47.401114" lon="10.578697">
      <ele>930.68</ele>
      <time>2025-06-25T12:52:08Z</time>
    </rtept>
    <rtept lat="47.40032" lon="10.577324">
      <ele>927.79</ele>
      <time>2025-06-25T12:52:15Z</time>
    </rtept>
    <rtept lat="47.40002" lon="10.576894">
      <ele>923.95</ele>
      <time>2025-06-25T12:52:18Z</time>
    </rtept>
    <rtept lat="47.399891" lon="10.576787">
      <ele>923.95</ele>
      <time>2025-06-25T12:52:19Z</time>
    </rtept>
    <rtept lat="47.399784" lon="10.57668">
      <ele>923.47</ele>
      <time>2025-06-25T12:52:20Z</time>
    </rtept>
    <rtept lat="47.39826" lon="10.575457">
      <ele>931.64</ele>
      <time>2025-06-25T12:52:31Z</time>
    </rtept>
    <rtept lat="47.39693" lon="10.574405">
      <ele>935.0</ele>
      <time>2025-06-25T12:52:41Z</time>
    </rtept>
    <rtept lat="47.395106" lon="10.572946">
      <ele>935.0</ele>
      <time>2025-06-25T12:52:53Z</time>
    </rtept>
    <rtept lat="47.393411" lon="10.571509">
      <ele>938.37</ele>
      <time>2025-06-25T12:53:02Z</time>
    </rtept>
    <rtept lat="47.392059" lon="10.5702">
      <ele>937.88</ele>
      <time>2025-06-25T12:53:10Z</time>
    </rtept>
    <rtept lat="47.390857" lon="10.568655">
      <ele>936.92</ele>
      <time>2025-06-25T12:53:20Z</time>
    </rtept>
    <rtept lat="47.389484" lon="10.566681">
      <ele>935.48</ele>
      <time>2025-06-25T12:53:33Z</time>
    </rtept>
    <rtept lat="47.388433" lon="10.565114">
      <ele>943.17</ele>
      <time>2025-06-25T12:53:45Z</time>
    </rtept>
    <rtept lat="47.387574" lon="10.563848">
      <ele>952.79</ele>
      <time>2025-06-25T12:53:56Z</time>
    </rtept>
    <rtept lat="47.387145" lon="10.563247">
      <ele>941.25</ele>
      <time>2025-06-25T12:54:05Z</time>
    </rtept>
    <rtept lat="47.386544" lon="10.562368">
      <ele>942.21</ele>
      <time>2025-06-25T12:54:13Z</time>
    </rtept>
    <rtept lat="47.38575" lon="10.561273">
      <ele>942.69</ele>
      <time>2025-06-25T12:54:22Z</time>
    </rtept>
    <rtept lat="47.385643" lon="10.561166">
      <ele>943.17</ele>
      <time>2025-06-25T12:54:23Z</time>
    </rtept>
    <rtept lat="47.385514" lon="10.561123">
      <ele>942.21</ele>
      <time>2025-06-25T12:54:24Z</time>
    </rtept>
    <rtept lat="47.385407" lon="10.561102">
      <ele>941.73</ele>
      <time>2025-06-25T12:54:25Z</time>
    </rtept>
    <rtept lat="47.385257" lon="10.561123">
      <ele>940.77</ele>
      <time>2025-06-25T12:54:26Z</time>
    </rtept>
    <rtept lat="47.385128" lon="10.561123">
      <ele>942.21</ele>
      <time>2025-06-25T12:54:27Z</time>
    </rtept>
    <rtept lat="47.385021" lon="10.561144">
      <ele>942.69</ele>
      <time>2025-06-25T12:54:28Z</time>
    </rtept>
    <rtept lat="47.384956" lon="10.561144">
      <ele>943.65</ele>
      <time>2025-06-25T12:54:29Z</time>
    </rtept>
    <rtept lat="47.384828" lon="10.56108">
      <ele>943.65</ele>
      <time>2025-06-25T12:54:30Z</time>
    </rtept>
    <rtept lat="47.384763" lon="10.561059">
      <ele>942.69</ele>
      <time>2025-06-25T12:54:31Z</time>
    </rtept>
    <rtept lat="47.384527" lon="10.560994">
      <ele>942.21</ele>
      <time>2025-06-25T12:54:34Z</time>
    </rtept>
    <rtept lat="47.384441" lon="10.560951">
      <ele>941.73</ele>
      <time>2025-06-25T12:54:35Z</time>
    </rtept>
    <rtept lat="47.384377" lon="10.560973">
      <ele>941.25</ele>
      <time>2025-06-25T12:54:36Z</time>
    </rtept>
    <rtept lat="47.384291" lon="10.560994">
      <ele>940.77</ele>
      <time>2025-06-25T12:54:37Z</time>
    </rtept>
    <rtept lat="47.384205" lon="10.561016">
      <ele>941.73</ele>
      <time>2025-06-25T12:54:38Z</time>
    </rtept>
    <rtept lat="47.384141" lon="10.561059">
      <ele>942.69</ele>
      <time>2025-06-25T12:54:39Z</time>
    </rtept>
    <rtept lat="47.384034" lon="10.561123">
      <ele>942.69</ele>
      <time>2025-06-25T12:54:40Z</time>
    </rtept>
    <rtept lat="47.383626" lon="10.561316">
      <ele>947.98</ele>
      <time>2025-06-25T12:54:45Z</time>
    </rtept>
    <rtept lat="47.383562" lon="10.561338">
      <ele>947.02</ele>
      <time>2025-06-25T12:54:46Z</time>
    </rtept>
    <rtept lat="47.383454" lon="10.561316">
      <ele>946.54</ele>
      <time>2025-06-25T12:54:47Z</time>
    </rtept>
    <rtept lat="47.383347" lon="10.561273">
      <ele>947.02</ele>
      <time>2025-06-25T12:54:48Z</time>
    </rtept>
    <rtept lat="47.383283" lon="10.561252">
      <ele>947.98</ele>
      <time>2025-06-25T12:54:49Z</time>
    </rtept>
    <rtept lat="47.383004" lon="10.561037">
      <ele>948.46</ele>
      <time>2025-06-25T12:54:54Z</time>
    </rtept>
    <rtept lat="47.382982" lon="10.560994">
      <ele>948.46</ele>
      <time>2025-06-25T12:54:55Z</time>
    </rtept>
    <rtept lat="47.382982" lon="10.560844">
      <ele>948.46</ele>
      <time>2025-06-25T12:54:56Z</time>
    </rtept>
    <rtept lat="47.383004" lon="10.56078">
      <ele>947.98</ele>
      <time>2025-06-25T12:54:57Z</time>
    </rtept>
    <rtept lat="47.383047" lon="10.560651">
      <ele>948.46</ele>
      <time>2025-06-25T12:54:58Z</time>
    </rtept>
    <rtept lat="47.383068" lon="10.560351">
      <ele>948.46</ele>
      <time>2025-06-25T12:55:01Z</time>
    </rtept>
    <rtept lat="47.382982" lon="10.560222">
      <ele>947.98</ele>
      <time>2025-06-25T12:55:02Z</time>
    </rtept>
    <rtept lat="47.382982" lon="10.560222">
      <ele>947.02</ele>
      <time>2025-06-25T12:55:03Z</time>
    </rtept>
    <rtept lat="47.382875" lon="10.560222">
      <ele>947.02</ele>
      <time>2025-06-25T12:55:04Z</time>
    </rtept>
    <rtept lat="47.382789" lon="10.560222">
      <ele>947.5</ele>
      <time>2025-06-25T12:55:05Z</time>
    </rtept>
    <rtept lat="47.382682" lon="10.5602">
      <ele>947.02</ele>
      <time>2025-06-25T12:55:06Z</time>
    </rtept>
    <rtept lat="47.382403" lon="10.560157">
      <ele>946.06</ele>
      <time>2025-06-25T12:55:09Z</time>
    </rtept>
    <rtept lat="47.382317" lon="10.560115">
      <ele>947.98</ele>
      <time>2025-06-25T12:55:10Z</time>
    </rtept>
    <rtept lat="47.38221" lon="10.560072">
      <ele>949.9</ele>
      <time>2025-06-25T12:55:11Z</time>
    </rtept>
    <rtept lat="47.381266" lon="10.559621">
      <ele>949.42</ele>
      <time>2025-06-25T12:55:21Z</time>
    </rtept>
    <rtept lat="47.381158" lon="10.559557">
      <ele>949.42</ele>
      <time>2025-06-25T12:55:22Z</time>
    </rtept>
    <rtept lat="47.381073" lon="10.559492">
      <ele>949.9</ele>
      <time>2025-06-25T12:55:23Z</time>
    </rtept>
    <rtept lat="47.380965" lon="10.559406">
      <ele>950.38</ele>
      <time>2025-06-25T12:55:24Z</time>
    </rtept>
    <rtept lat="47.380879" lon="10.559299">
      <ele>950.38</ele>
      <time>2025-06-25T12:55:25Z</time>
    </rtept>
    <rtept lat="47.380815" lon="10.559192">
      <ele>949.42</ele>
      <time>2025-06-25T12:55:26Z</time>
    </rtept>
    <rtept lat="47.379935" lon="10.558183">
      <ele>946.06</ele>
      <time>2025-06-25T12:55:33Z</time>
    </rtept>
    <rtept lat="47.378412" lon="10.556789">
      <ele>945.09</ele>
      <time>2025-06-25T12:55:41Z</time>
    </rtept>
    <rtept lat="47.377081" lon="10.555909">
      <ele>946.54</ele>
      <time>2025-06-25T12:55:47Z</time>
    </rtept>
    <rtept lat="47.375944" lon="10.555287">
      <ele>943.17</ele>
      <time>2025-06-25T12:55:52Z</time>
    </rtept>
    <rtept lat="47.375751" lon="10.555136">
      <ele>943.65</ele>
      <time>2025-06-25T12:55:53Z</time>
    </rtept>
    <rtept lat="47.374185" lon="10.553956">
      <ele>948.94</ele>
      <time>2025-06-25T12:56:02Z</time>
    </rtept>
    <rtept lat="47.374034" lon="10.55387">
      <ele>949.9</ele>
      <time>2025-06-25T12:56:03Z</time>
    </rtept>
    <rtept lat="47.373863" lon="10.553827">
      <ele>950.86</ele>
      <time>2025-06-25T12:56:04Z</time>
    </rtept>
    <rtept lat="47.373691" lon="10.553784">
      <ele>951.82</ele>
      <time>2025-06-25T12:56:05Z</time>
    </rtept>
    <rtept lat="47.373519" lon="10.553742">
      <ele>952.3</ele>
      <time>2025-06-25T12:56:06Z</time>
    </rtept>
    <rtept lat="47.373348" lon="10.553742">
      <ele>953.75</ele>
      <time>2025-06-25T12:56:07Z</time>
    </rtept>
    <rtept lat="47.373176" lon="10.553763">
      <ele>954.23</ele>
      <time>2025-06-25T12:56:08Z</time>
    </rtept>
    <rtept lat="47.372983" lon="10.553784">
      <ele>954.71</ele>
      <time>2025-06-25T12:56:09Z</time>
    </rtept>
    <rtept lat="47.372017" lon="10.553849">
      <ele>959.03</ele>
      <time>2025-06-25T12:56:15Z</time>
    </rtept>
    <rtept lat="47.371867" lon="10.553742">
      <ele>959.03</ele>
      <time>2025-06-25T12:56:16Z</time>
    </rtept>
    <rtept lat="47.371717" lon="10.553634">
      <ele>959.99</ele>
      <time>2025-06-25T12:56:17Z</time>
    </rtept>
    <rtept lat="47.370816" lon="10.553076">
      <ele>966.72</ele>
      <time>2025-06-25T12:56:23Z</time>
    </rtept>
    <rtept lat="47.370687" lon="10.553076">
      <ele>965.76</ele>
      <time>2025-06-25T12:56:24Z</time>
    </rtept>
    <rtept lat="47.370537" lon="10.553098">
      <ele>966.24</ele>
      <time>2025-06-25T12:56:25Z</time>
    </rtept>
    <rtept lat="47.370172" lon="10.553162">
      <ele>965.76</ele>
      <time>2025-06-25T12:56:27Z</time>
    </rtept>
    <rtept lat="47.37" lon="10.553184">
      <ele>965.76</ele>
      <time>2025-06-25T12:56:28Z</time>
    </rtept>
    <rtept lat="47.369786" lon="10.553162">
      <ele>965.76</ele>
      <time>2025-06-25T12:56:29Z</time>
    </rtept>
    <rtept lat="47.369185" lon="10.553033">
      <ele>966.72</ele>
      <time>2025-06-25T12:56:32Z</time>
    </rtept>
    <rtept lat="47.368777" lon="10.552948">
      <ele>966.72</ele>
      <time>2025-06-25T12:56:34Z</time>
    </rtept>
    <rtept lat="47.368541" lon="10.552926">
      <ele>966.24</ele>
      <time>2025-06-25T12:56:35Z</time>
    </rtept>
    <rtept lat="47.367662" lon="10.552669">
      <ele>966.24</ele>
      <time>2025-06-25T12:56:39Z</time>
    </rtept>
    <rtept lat="47.367082" lon="10.552476">
      <ele>968.17</ele>
      <time>2025-06-25T12:56:42Z</time>
    </rtept>
    <rtept lat="47.366889" lon="10.552433">
      <ele>968.17</ele>
      <time>2025-06-25T12:56:43Z</time>
    </rtept>
    <rtept lat="47.366503" lon="10.552325">
      <ele>967.2</ele>
      <time>2025-06-25T12:56:45Z</time>
    </rtept>
    <rtept lat="47.366138" lon="10.552154">
      <ele>965.76</ele>
      <time>2025-06-25T12:56:47Z</time>
    </rtept>
    <rtept lat="47.364765" lon="10.551703">
      <ele>969.13</ele>
      <time>2025-06-25T12:56:55Z</time>
    </rtept>
    <rtept lat="47.364615" lon="10.551725">
      <ele>968.17</ele>
      <time>2025-06-25T12:56:56Z</time>
    </rtept>
    <rtept lat="47.364464" lon="10.551746">
      <ele>966.24</ele>
      <time>2025-06-25T12:56:57Z</time>
    </rtept>
    <rtept lat="47.364314" lon="10.551767">
      <ele>964.32</ele>
      <time>2025-06-25T12:56:58Z</time>
    </rtept>
    <rtept lat="47.364164" lon="10.551789">
      <ele>962.4</ele>
      <time>2025-06-25T12:56:59Z</time>
    </rtept>
    <rtept lat="47.364014" lon="10.551746">
      <ele>962.88</ele>
      <time>2025-06-25T12:57:00Z</time>
    </rtept>
    <rtept lat="47.363864" lon="10.551703">
      <ele>963.36</ele>
      <time>2025-06-25T12:57:01Z</time>
    </rtept>
    <rtept lat="47.363692" lon="10.551639">
      <ele>963.84</ele>
      <time>2025-06-25T12:57:02Z</time>
    </rtept>
    <rtept lat="47.36322" lon="10.551489">
      <ele>965.76</ele>
      <time>2025-06-25T12:57:05Z</time>
    </rtept>
    <rtept lat="47.363048" lon="10.551489">
      <ele>966.72</ele>
      <time>2025-06-25T12:57:06Z</time>
    </rtept>
    <rtept lat="47.362876" lon="10.551489">
      <ele>966.72</ele>
      <time>2025-06-25T12:57:07Z</time>
    </rtept>
    <rtept lat="47.36219" lon="10.551467">
      <ele>964.8</ele>
      <time>2025-06-25T12:57:11Z</time>
    </rtept>
    <rtept lat="47.362018" lon="10.551403">
      <ele>966.24</ele>
      <time>2025-06-25T12:57:12Z</time>
    </rtept>
    <rtept lat="47.361868" lon="10.551295">
      <ele>966.72</ele>
      <time>2025-06-25T12:57:13Z</time>
    </rtept>
    <rtept lat="47.361138" lon="10.550823">
      <ele>965.76</ele>
      <time>2025-06-25T12:57:18Z</time>
    </rtept>
    <rtept lat="47.36101" lon="10.55063">
      <ele>965.28</ele>
      <time>2025-06-25T12:57:19Z</time>
    </rtept>
    <rtept lat="47.360881" lon="10.550416">
      <ele>964.8</ele>
      <time>2025-06-25T12:57:20Z</time>
    </rtept>
    <rtept lat="47.360774" lon="10.550201">
      <ele>964.32</ele>
      <time>2025-06-25T12:57:21Z</time>
    </rtept>
    <rtept lat="47.360645" lon="10.549965">
      <ele>963.36</ele>
      <time>2025-06-25T12:57:22Z</time>
    </rtept>
    <rtept lat="47.359679" lon="10.548034">
      <ele>967.69</ele>
      <time>2025-06-25T12:57:30Z</time>
    </rtept>
    <rtept lat="47.359508" lon="10.547841">
      <ele>967.69</ele>
      <time>2025-06-25T12:57:31Z</time>
    </rtept>
    <rtept lat="47.359357" lon="10.547669">
      <ele>967.69</ele>
      <time>2025-06-25T12:57:32Z</time>
    </rtept>
    <rtept lat="47.359186" lon="10.547583">
      <ele>969.61</ele>
      <time>2025-06-25T12:57:33Z</time>
    </rtept>
    <rtept lat="47.358993" lon="10.547497">
      <ele>971.05</ele>
      <time>2025-06-25T12:57:34Z</time>
    </rtept>
    <rtept lat="47.3588" lon="10.54739">
      <ele>972.97</ele>
      <time>2025-06-25T12:57:35Z</time>
    </rtept>
    <rtept lat="47.358606" lon="10.54739">
      <ele>972.49</ele>
      <time>2025-06-25T12:57:36Z</time>
    </rtept>
    <rtept lat="47.356825" lon="10.547154">
      <ele>970.57</ele>
      <time>2025-06-25T12:57:45Z</time>
    </rtept>
    <rtept lat="47.355238" lon="10.547025">
      <ele>968.17</ele>
      <time>2025-06-25T12:57:53Z</time>
    </rtept>
    <rtept lat="47.353542" lon="10.547218">
      <ele>966.72</ele>
      <time>2025-06-25T12:58:01Z</time>
    </rtept>
    <rtept lat="47.351676" lon="10.547004">
      <ele>965.76</ele>
      <time>2025-06-25T12:58:10Z</time>
    </rtept>
    <rtept lat="47.350238" lon="10.545995">
      <ele>966.72</ele>
      <time>2025-06-25T12:58:17Z</time>
    </rtept>
    <rtept lat="47.348114" lon="10.544043">
      <ele>971.53</ele>
      <time>2025-06-25T12:58:28Z</time>
    </rtept>
    <rtept lat="47.345582" lon="10.541768">
      <ele>975.38</ele>
      <time>2025-06-25T12:58:41Z</time>
    </rtept>
    <rtept lat="47.344251" lon="10.540888">
      <ele>975.38</ele>
      <time>2025-06-25T12:58:49Z</time>
    </rtept>
    <rtept lat="47.342535" lon="10.540202">
      <ele>978.26</ele>
      <time>2025-06-25T12:58:58Z</time>
    </rtept>
    <rtept lat="47.340496" lon="10.53988">
      <ele>976.82</ele>
      <time>2025-06-25T12:59:07Z</time>
    </rtept>
    <rtept lat="47.338908" lon="10.53973">
      <ele>977.78</ele>
      <time>2025-06-25T12:59:15Z</time>
    </rtept>
    <rtept lat="47.337792" lon="10.539622">
      <ele>977.78</ele>
      <time>2025-06-25T12:59:24Z</time>
    </rtept>
    <rtept lat="47.336205" lon="10.539365">
      <ele>977.3</ele>
      <time>2025-06-25T12:59:35Z</time>
    </rtept>
    <rtept lat="47.335046" lon="10.538936">
      <ele>975.86</ele>
      <time>2025-06-25T12:59:43Z</time>
    </rtept>
    <rtept lat="47.333587" lon="10.538077">
      <ele>978.26</ele>
      <time>2025-06-25T12:59:50Z</time>
    </rtept>
    <rtept lat="47.332063" lon="10.536854">
      <ele>979.7</ele>
      <time>2025-06-25T12:59:58Z</time>
    </rtept>
    <rtept lat="47.331377" lon="10.536211">
      <ele>980.66</ele>
      <time>2025-06-25T13:00:04Z</time>
    </rtept>
    <rtept lat="47.331312" lon="10.536146">
      <ele>981.14</ele>
      <time>2025-06-25T13:00:05Z</time>
    </rtept>
    <rtept lat="47.331312" lon="10.536146">
      <ele>980.66</ele>
      <time>2025-06-25T13:00:06Z</time>
    </rtept>
    <rtept lat="47.331291" lon="10.536189">
      <ele>978.74</ele>
      <time>2025-06-25T13:00:07Z</time>
    </rtept>
    <rtept lat="47.331269" lon="10.536296">
      <ele>977.78</ele>
      <time>2025-06-25T13:00:08Z</time>
    </rtept>
    <rtept lat="47.331205" lon="10.536425">
      <ele>977.78</ele>
      <time>2025-06-25T13:00:09Z</time>
    </rtept>
    <rtept lat="47.331162" lon="10.536575">
      <ele>978.26</ele>
      <time>2025-06-25T13:00:10Z</time>
    </rtept>
    <rtept lat="47.33069" lon="10.538077">
      <ele>976.82</ele>
      <time>2025-06-25T13:00:18Z</time>
    </rtept>
    <rtept lat="47.330669" lon="10.538142">
      <ele>976.82</ele>
      <time>2025-06-25T13:00:19Z</time>
    </rtept>
    <rtept lat="47.33069" lon="10.538485">
      <ele>976.82</ele>
      <time>2025-06-25T13:00:20Z</time>
    </rtept>
    <rtept lat="47.330711" lon="10.538614">
      <ele>976.82</ele>
      <time>2025-06-25T13:00:21Z</time>
    </rtept>
    <rtept lat="47.330776" lon="10.538871">
      <ele>976.82</ele>
      <time>2025-06-25T13:00:22Z</time>
    </rtept>
    <rtept lat="47.330797" lon="10.538957">
      <ele>976.82</ele>
      <time>2025-06-25T13:00:23Z</time>
    </rtept>
    <rtept lat="47.330905" lon="10.539172">
      <ele>976.34</ele>
      <time>2025-06-25T13:00:24Z</time>
    </rtept>
    <rtept lat="47.330969" lon="10.539301">
      <ele>976.82</ele>
      <time>2025-06-25T13:00:25Z</time>
    </rtept>
    <rtept lat="47.331098" lon="10.539494">
      <ele>976.82</ele>
      <time>2025-06-25T13:00:26Z</time>
    </rtept>
    <rtept lat="47.331205" lon="10.539665">
      <ele>976.82</ele>
      <time>2025-06-25T13:00:27Z</time>
    </rtept>
    <rtept lat="47.331205" lon="10.539665">
      <ele>976.82</ele>
      <time>2025-06-25T13:00:29Z</time>
    </rtept>
    <rtept lat="47.331205" lon="10.539665">
      <ele>976.82</ele>
      <time>2025-06-25T13:00:30Z</time>
    </rtept>
    <rtept lat="47.331141" lon="10.539858">
      <ele>976.82</ele>
      <time>2025-06-25T13:00:31Z</time>
    </rtept>
    <rtept lat="47.331141" lon="10.539858">
      <ele>976.82</ele>
      <time>2025-06-25T13:00:32Z</time>
    </rtept>
    <rtept lat="47.331141" lon="10.539858">
      <ele>976.82</ele>
      <time>2025-06-25T13:00:33Z</time>
    </rtept>
    <rtept lat="47.330733" lon="10.539365">
      <ele>976.82</ele>
      <time>2025-06-25T13:00:35Z</time>
    </rtept>
    <rtept lat="47.330003" lon="10.53812">
      <ele>976.82</ele>
      <time>2025-06-25T13:00:40Z</time>
    </rtept>
    <rtept lat="47.32878" lon="10.536168">
      <ele>976.82</ele>
      <time>2025-06-25T13:00:48Z</time>
    </rtept>
    <rtept lat="47.327622" lon="10.534709">
      <ele>978.74</ele>
      <time>2025-06-25T13:00:56Z</time>
    </rtept>
    <rtept lat="47.326592" lon="10.5334">
      <ele>978.26</ele>
      <time>2025-06-25T13:01:04Z</time>
    </rtept>
    <rtept lat="47.326484" lon="10.533207">
      <ele>978.26</ele>
      <time>2025-06-25T13:01:05Z</time>
    </rtept>
    <rtept lat="47.325991" lon="10.532434">
      <ele>978.26</ele>
      <time>2025-06-25T13:01:11Z</time>
    </rtept>
    <rtept lat="47.325991" lon="10.532434">
      <ele>978.26</ele>
      <time>2025-06-25T13:01:12Z</time>
    </rtept>
    <rtept lat="47.325991" lon="10.532434">
      <ele>979.22</ele>
      <time>2025-06-25T13:01:13Z</time>
    </rtept>
    <rtept lat="47.325755" lon="10.532456">
      <ele>982.11</ele>
      <time>2025-06-25T13:01:15Z</time>
    </rtept>
    <rtept lat="47.325433" lon="10.532692">
      <ele>987.39</ele>
      <time>2025-06-25T13:01:18Z</time>
    </rtept>
    <rtept lat="47.325283" lon="10.532777">
      <ele>989.8</ele>
      <time>2025-06-25T13:01:19Z</time>
    </rtept>
    <rtept lat="47.325154" lon="10.532863">
      <ele>993.64</ele>
      <time>2025-06-25T13:01:20Z</time>
    </rtept>
    <rtept lat="47.324982" lon="10.532885">
      <ele>1002.29</ele>
      <time>2025-06-25T13:01:21Z</time>
    </rtept>
    <rtept lat="47.324853" lon="10.532906">
      <ele>1008.54</ele>
      <time>2025-06-25T13:01:22Z</time>
    </rtept>
    <rtept lat="47.324746" lon="10.532928">
      <ele>1013.83</ele>
      <time>2025-06-25T13:01:23Z</time>
    </rtept>
    <rtept lat="47.32451" lon="10.532971">
      <ele>1023.44</ele>
      <time>2025-06-25T13:01:24Z</time>
    </rtept>
    <rtept lat="47.32451" lon="10.532971">
      <ele>1033.05</ele>
      <time>2025-06-25T13:01:25Z</time>
    </rtept>
    <rtept lat="47.32436" lon="10.533164">
      <ele>1046.03</ele>
      <time>2025-06-25T13:01:26Z</time>
    </rtept>
    <rtept lat="47.324339" lon="10.533271">
      <ele>1053.24</ele>
      <time>2025-06-25T13:01:27Z</time>
    </rtept>
    <rtept lat="47.324038" lon="10.535095">
      <ele>1087.37</ele>
      <time>2025-06-25T13:01:33Z</time>
    </rtept>
    <rtept lat="47.323759" lon="10.536082">
      <ele>1105.63</ele>
      <time>2025-06-25T13:01:37Z</time>
    </rtept>
    <rtept lat="47.323652" lon="10.536318">
      <ele>1112.36</ele>
      <time>2025-06-25T13:01:38Z</time>
    </rtept>
    <rtept lat="47.323566" lon="10.536554">
      <ele>1125.82</ele>
      <time>2025-06-25T13:01:39Z</time>
    </rtept>
    <rtept lat="47.32348" lon="10.53679">
      <ele>1130.15</ele>
      <time>2025-06-25T13:01:40Z</time>
    </rtept>
    <rtept lat="47.323437" lon="10.537069">
      <ele>1132.07</ele>
      <time>2025-06-25T13:01:41Z</time>
    </rtept>
    <rtept lat="47.323094" lon="10.539">
      <ele>1146.49</ele>
      <time>2025-06-25T13:01:48Z</time>
    </rtept>
    <rtept lat="47.323073" lon="10.539215">
      <ele>1150.33</ele>
      <time>2025-06-25T13:01:49Z</time>
    </rtept>
    <rtept lat="47.323051" lon="10.539429">
      <ele>1157.54</ele>
      <time>2025-06-25T13:01:50Z</time>
    </rtept>
    <rtept lat="47.323094" lon="10.539622">
      <ele>1159.95</ele>
      <time>2025-06-25T13:01:51Z</time>
    </rtept>
    <rtept lat="47.323115" lon="10.539816">
      <ele>1151.78</ele>
      <time>2025-06-25T13:01:52Z</time>
    </rtept>
    <rtept lat="47.323115" lon="10.539837">
      <ele>1153.22</ele>
      <time>2025-06-25T13:01:53Z</time>
    </rtept>
    <rtept lat="47.323073" lon="10.540009">
      <ele>1154.18</ele>
      <time>2025-06-25T13:01:54Z</time>
    </rtept>
    <rtept lat="47.322922" lon="10.540245">
      <ele>1154.66</ele>
      <time>2025-06-25T13:01:55Z</time>
    </rtept>
    <rtept lat="47.322858" lon="10.540288">
      <ele>1155.62</ele>
      <time>2025-06-25T13:01:56Z</time>
    </rtept>
    <rtept lat="47.322686" lon="10.540438">
      <ele>1153.7</ele>
      <time>2025-06-25T13:01:57Z</time>
    </rtept>
    <rtept lat="47.322665" lon="10.540481">
      <ele>1154.18</ele>
      <time>2025-06-25T13:01:58Z</time>
    </rtept>
    <rtept lat="47.322558" lon="10.540652">
      <ele>1155.62</ele>
      <time>2025-06-25T13:01:59Z</time>
    </rtept>
    <rtept lat="47.322386" lon="10.54106">
      <ele>1162.83</ele>
      <time>2025-06-25T13:02:01Z</time>
    </rtept>
    <rtept lat="47.322279" lon="10.541403">
      <ele>1165.23</ele>
      <time>2025-06-25T13:02:02Z</time>
    </rtept>
    <rtept lat="47.322085" lon="10.542069">
      <ele>1169.56</ele>
      <time>2025-06-25T13:02:04Z</time>
    </rtept>
    <rtept lat="47.322" lon="10.54239">
      <ele>1170.52</ele>
      <time>2025-06-25T13:02:05Z</time>
    </rtept>
    <rtept lat="47.321249" lon="10.544129">
      <ele>1172.93</ele>
      <time>2025-06-25T13:02:12Z</time>
    </rtept>
    <rtept lat="47.321141" lon="10.544365">
      <ele>1173.41</ele>
      <time>2025-06-25T13:02:13Z</time>
    </rtept>
    <rtept lat="47.320412" lon="10.546382">
      <ele>1179.65</ele>
      <time>2025-06-25T13:02:22Z</time>
    </rtept>
    <rtept lat="47.320111" lon="10.547304">
      <ele>1186.38</ele>
      <time>2025-06-25T13:02:27Z</time>
    </rtept>
    <rtept lat="47.319618" lon="10.548527">
      <ele>1185.9</ele>
      <time>2025-06-25T13:02:32Z</time>
    </rtept>
    <rtept lat="47.319382" lon="10.5493">
      <ele>1185.9</ele>
      <time>2025-06-25T13:02:36Z</time>
    </rtept>
    <rtept lat="47.318824" lon="10.550308">
      <ele>1184.94</ele>
      <time>2025-06-25T13:02:41Z</time>
    </rtept>
    <rtept lat="47.318481" lon="10.551295">
      <ele>1187.34</ele>
      <time>2025-06-25T13:02:45Z</time>
    </rtept>
    <rtept lat="47.318416" lon="10.551596">
      <ele>1192.15</ele>
      <time>2025-06-25T13:02:46Z</time>
    </rtept>
    <rtept lat="47.318245" lon="10.552368">
      <ele>1201.76</ele>
      <time>2025-06-25T13:02:49Z</time>
    </rtept>
    <rtept lat="47.318159" lon="10.552604">
      <ele>1204.17</ele>
      <time>2025-06-25T13:02:50Z</time>
    </rtept>
    <rtept lat="47.317451" lon="10.554428">
      <ele>1212.82</ele>
      <time>2025-06-25T13:02:57Z</time>
    </rtept>
    <rtept lat="47.317129" lon="10.555093">
      <ele>1214.26</ele>
      <time>2025-06-25T13:03:01Z</time>
    </rtept>
    <rtept lat="47.317086" lon="10.555329">
      <ele>1212.82</ele>
      <time>2025-06-25T13:03:02Z</time>
    </rtept>
    <rtept lat="47.317064" lon="10.555523">
      <ele>1208.97</ele>
      <time>2025-06-25T13:03:03Z</time>
    </rtept>
    <rtept lat="47.317086" lon="10.555651">
      <ele>1208.49</ele>
      <time>2025-06-25T13:03:04Z</time>
    </rtept>
    <rtept lat="47.317129" lon="10.555802">
      <ele>1208.97</ele>
      <time>2025-06-25T13:03:05Z</time>
    </rtept>
    <rtept lat="47.317172" lon="10.55593">
      <ele>1210.42</ele>
      <time>2025-06-25T13:03:06Z</time>
    </rtept>
    <rtept lat="47.317172" lon="10.556102">
      <ele>1209.94</ele>
      <time>2025-06-25T13:03:07Z</time>
    </rtept>
    <rtept lat="47.317086" lon="10.556295">
      <ele>1209.46</ele>
      <time>2025-06-25T13:03:09Z</time>
    </rtept>
    <rtept lat="47.316914" lon="10.556553">
      <ele>1209.46</ele>
      <time>2025-06-25T13:03:12Z</time>
    </rtept>
    <rtept lat="47.316871" lon="10.556917">
      <ele>1209.46</ele>
      <time>2025-06-25T13:03:13Z</time>
    </rtept>
    <rtept lat="47.31685" lon="10.55711">
      <ele>1210.42</ele>
      <time>2025-06-25T13:03:14Z</time>
    </rtept>
    <rtept lat="47.316678" lon="10.557711">
      <ele>1209.94</ele>
      <time>2025-06-25T13:03:17Z</time>
    </rtept>
    <rtept lat="47.316571" lon="10.557926">
      <ele>1209.94</ele>
      <time>2025-06-25T13:03:18Z</time>
    </rtept>
    <rtept lat="47.316485" lon="10.558097">
      <ele>1208.97</ele>
      <time>2025-06-25T13:03:19Z</time>
    </rtept>
    <rtept lat="47.316034" lon="10.559707">
      <ele>1213.78</ele>
      <time>2025-06-25T13:03:25Z</time>
    </rtept>
    <rtept lat="47.315498" lon="10.561338">
      <ele>1218.59</ele>
      <time>2025-06-25T13:03:31Z</time>
    </rtept>
    <rtept lat="47.315348" lon="10.561745">
      <ele>1222.43</ele>
      <time>2025-06-25T13:03:33Z</time>
    </rtept>
    <rtept lat="47.315305" lon="10.561981">
      <ele>1227.24</ele>
      <time>2025-06-25T13:03:34Z</time>
    </rtept>
    <rtept lat="47.315112" lon="10.562625">
      <ele>1241.18</ele>
      <time>2025-06-25T13:03:37Z</time>
    </rtept>
    <rtept lat="47.315026" lon="10.562797">
      <ele>1244.06</ele>
      <time>2025-06-25T13:03:38Z</time>
    </rtept>
    <rtept lat="47.31494" lon="10.562925">
      <ele>1236.37</ele>
      <time>2025-06-25T13:03:39Z</time>
    </rtept>
    <rtept lat="47.31479" lon="10.563161">
      <ele>1239.26</ele>
      <time>2025-06-25T13:03:41Z</time>
    </rtept>
    <rtept lat="47.313631" lon="10.568333">
      <ele>1278.67</ele>
      <time>2025-06-25T13:04:07Z</time>
    </rtept>
    <rtept lat="47.313631" lon="10.568547">
      <ele>1272.42</ele>
      <time>2025-06-25T13:04:08Z</time>
    </rtept>
    <rtept lat="47.31361" lon="10.568783">
      <ele>1269.06</ele>
      <time>2025-06-25T13:04:09Z</time>
    </rtept>
    <rtept lat="47.31361" lon="10.568977">
      <ele>1270.98</ele>
      <time>2025-06-25T13:04:10Z</time>
    </rtept>
    <rtept lat="47.313545" lon="10.569277">
      <ele>1271.94</ele>
      <time>2025-06-25T13:04:11Z</time>
    </rtept>
    <rtept lat="47.313481" lon="10.569556">
      <ele>1273.86</ele>
      <time>2025-06-25T13:04:12Z</time>
    </rtept>
    <rtept lat="47.313417" lon="10.569899">
      <ele>1275.3</ele>
      <time>2025-06-25T13:04:13Z</time>
    </rtept>
    <rtept lat="47.313181" lon="10.571101">
      <ele>1272.9</ele>
      <time>2025-06-25T13:04:17Z</time>
    </rtept>
    <rtept lat="47.313009" lon="10.571873">
      <ele>1273.86</ele>
      <time>2025-06-25T13:04:20Z</time>
    </rtept>
    <rtept lat="47.312987" lon="10.572088">
      <ele>1276.27</ele>
      <time>2025-06-25T13:04:21Z</time>
    </rtept>
    <rtept lat="47.312923" lon="10.572281">
      <ele>1277.71</ele>
      <time>2025-06-25T13:04:22Z</time>
    </rtept>
    <rtept lat="47.312859" lon="10.572453">
      <ele>1279.15</ele>
      <time>2025-06-25T13:04:23Z</time>
    </rtept>
    <rtept lat="47.312773" lon="10.572667">
      <ele>1279.63</ele>
      <time>2025-06-25T13:04:24Z</time>
    </rtept>
    <rtept lat="47.312666" lon="10.572882">
      <ele>1280.11</ele>
      <time>2025-06-25T13:04:25Z</time>
    </rtept>
    <rtept lat="47.312537" lon="10.573139">
      <ele>1281.07</ele>
      <time>2025-06-25T13:04:26Z</time>
    </rtept>
    <rtept lat="47.312472" lon="10.573397">
      <ele>1283.0</ele>
      <time>2025-06-25T13:04:27Z</time>
    </rtept>
    <rtept lat="47.312408" lon="10.573654">
      <ele>1283.96</ele>
      <time>2025-06-25T13:04:28Z</time>
    </rtept>
    <rtept lat="47.312344" lon="10.57389">
      <ele>1285.4</ele>
      <time>2025-06-25T13:04:29Z</time>
    </rtept>
    <rtept lat="47.312215" lon="10.574362">
      <ele>1288.76</ele>
      <time>2025-06-25T13:04:31Z</time>
    </rtept>
    <rtept lat="47.312151" lon="10.574556">
      <ele>1290.69</ele>
      <time>2025-06-25T13:04:32Z</time>
    </rtept>
    <rtept lat="47.310691" lon="10.579126">
      <ele>1342.6</ele>
      <time>2025-06-25T13:04:59Z</time>
    </rtept>
    <rtept lat="47.310649" lon="10.57919">
      <ele>1311.83</ele>
      <time>2025-06-25T13:05:00Z</time>
    </rtept>
    <rtept lat="47.310627" lon="10.579362">
      <ele>1313.76</ele>
      <time>2025-06-25T13:05:01Z</time>
    </rtept>
    <rtept lat="47.310606" lon="10.579577">
      <ele>1311.83</ele>
      <time>2025-06-25T13:05:02Z</time>
    </rtept>
    <rtept lat="47.310627" lon="10.579813">
      <ele>1308.95</ele>
      <time>2025-06-25T13:05:03Z</time>
    </rtept>
    <rtept lat="47.310627" lon="10.579941">
      <ele>1308.95</ele>
      <time>2025-06-25T13:05:04Z</time>
    </rtept>
    <rtept lat="47.310584" lon="10.580177">
      <ele>1309.43</ele>
      <time>2025-06-25T13:05:05Z</time>
    </rtept>
    <rtept lat="47.310498" lon="10.580371">
      <ele>1310.39</ele>
      <time>2025-06-25T13:05:06Z</time>
    </rtept>
    <rtept lat="47.310391" lon="10.580585">
      <ele>1308.95</ele>
      <time>2025-06-25T13:05:07Z</time>
    </rtept>
    <rtept lat="47.310284" lon="10.5808">
      <ele>1310.87</ele>
      <time>2025-06-25T13:05:08Z</time>
    </rtept>
    <rtept lat="47.310241" lon="10.581014">
      <ele>1312.32</ele>
      <time>2025-06-25T13:05:09Z</time>
    </rtept>
    <rtept lat="47.310176" lon="10.58125">
      <ele>1313.76</ele>
      <time>2025-06-25T13:05:10Z</time>
    </rtept>
    <rtept lat="47.310155" lon="10.581529">
      <ele>1314.72</ele>
      <time>2025-06-25T13:05:11Z</time>
    </rtept>
    <rtept lat="47.310091" lon="10.58228">
      <ele>1316.16</ele>
      <time>2025-06-25T13:05:14Z</time>
    </rtept>
    <rtept lat="47.310134" lon="10.582473">
      <ele>1318.08</ele>
      <time>2025-06-25T13:05:15Z</time>
    </rtept>
    <rtept lat="47.310155" lon="10.582645">
      <ele>1319.53</ele>
      <time>2025-06-25T13:05:16Z</time>
    </rtept>
    <rtept lat="47.310198" lon="10.582817">
      <ele>1317.6</ele>
      <time>2025-06-25T13:05:17Z</time>
    </rtept>
    <rtept lat="47.310198" lon="10.582967">
      <ele>1318.56</ele>
      <time>2025-06-25T13:05:18Z</time>
    </rtept>
    <rtept lat="47.310112" lon="10.583203">
      <ele>1319.53</ele>
      <time>2025-06-25T13:05:19Z</time>
    </rtept>
    <rtept lat="47.310026" lon="10.583439">
      <ele>1319.53</ele>
      <time>2025-06-25T13:05:20Z</time>
    </rtept>
    <rtept lat="47.30994" lon="10.583675">
      <ele>1318.08</ele>
      <time>2025-06-25T13:05:21Z</time>
    </rtept>
    <rtept lat="47.309597" lon="10.584469">
      <ele>1320.97</ele>
      <time>2025-06-25T13:05:26Z</time>
    </rtept>
    <rtept lat="47.309511" lon="10.584576">
      <ele>1321.93</ele>
      <time>2025-06-25T13:05:27Z</time>
    </rtept>
    <rtept lat="47.309447" lon="10.584598">
      <ele>1321.93</ele>
      <time>2025-06-25T13:05:28Z</time>
    </rtept>
    <rtept lat="47.309404" lon="10.584576">
      <ele>1321.93</ele>
      <time>2025-06-25T13:05:29Z</time>
    </rtept>
    <rtept lat="47.30934" lon="10.584512">
      <ele>1322.89</ele>
      <time>2025-06-25T13:05:30Z</time>
    </rtept>
    <rtept lat="47.309254" lon="10.584448">
      <ele>1321.93</ele>
      <time>2025-06-25T13:05:31Z</time>
    </rtept>
    <rtept lat="47.309146" lon="10.584383">
      <ele>1320.01</ele>
      <time>2025-06-25T13:05:32Z</time>
    </rtept>
    <rtept lat="47.309104" lon="10.58434">
      <ele>1320.01</ele>
      <time>2025-06-25T13:05:33Z</time>
    </rtept>
    <rtept lat="47.308996" lon="10.584362">
      <ele>1320.49</ele>
      <time>2025-06-25T13:05:34Z</time>
    </rtept>
    <rtept lat="47.30891" lon="10.584405">
      <ele>1323.37</ele>
      <time>2025-06-25T13:05:35Z</time>
    </rtept>
    <rtept lat="47.308868" lon="10.584426">
      <ele>1325.29</ele>
      <time>2025-06-25T13:05:36Z</time>
    </rtept>
    <rtept lat="47.308803" lon="10.584512">
      <ele>1325.77</ele>
      <time>2025-06-25T13:05:37Z</time>
    </rtept>
    <rtept lat="47.308717" lon="10.584576">
      <ele>1326.74</ele>
      <time>2025-06-25T13:05:38Z</time>
    </rtept>
    <rtept lat="47.308653" lon="10.584662">
      <ele>1327.22</ele>
      <time>2025-06-25T13:05:39Z</time>
    </rtept>
    <rtept lat="47.308567" lon="10.584748">
      <ele>1327.7</ele>
      <time>2025-06-25T13:05:40Z</time>
    </rtept>
    <rtept lat="47.308481" lon="10.584812">
      <ele>1328.18</ele>
      <time>2025-06-25T13:05:41Z</time>
    </rtept>
    <rtept lat="47.308374" lon="10.584898">
      <ele>1328.18</ele>
      <time>2025-06-25T13:05:42Z</time>
    </rtept>
    <rtept lat="47.307644" lon="10.585435">
      <ele>1332.02</ele>
      <time>2025-06-25T13:05:51Z</time>
    </rtept>
    <rtept lat="47.307451" lon="10.585671">
      <ele>1330.1</ele>
      <time>2025-06-25T13:05:53Z</time>
    </rtept>
    <rtept lat="47.307365" lon="10.585821">
      <ele>1330.58</ele>
      <time>2025-06-25T13:05:54Z</time>
    </rtept>
    <rtept lat="47.30728" lon="10.585992">
      <ele>1332.02</ele>
      <time>2025-06-25T13:05:55Z</time>
    </rtept>
    <rtept lat="47.307215" lon="10.586186">
      <ele>1331.54</ele>
      <time>2025-06-25T13:05:56Z</time>
    </rtept>
    <rtept lat="47.307151" lon="10.586379">
      <ele>1326.74</ele>
      <time>2025-06-25T13:05:57Z</time>
    </rtept>
    <rtept lat="47.307108" lon="10.586593">
      <ele>1323.37</ele>
      <time>2025-06-25T13:05:58Z</time>
    </rtept>
    <rtept lat="47.307065" lon="10.586829">
      <ele>1318.08</ele>
      <time>2025-06-25T13:05:59Z</time>
    </rtept>
    <rtept lat="47.306765" lon="10.588803">
      <ele>1317.12</ele>
      <time>2025-06-25T13:06:08Z</time>
    </rtept>
    <rtept lat="47.306786" lon="10.588932">
      <ele>1317.6</ele>
      <time>2025-06-25T13:06:09Z</time>
    </rtept>
    <rtept lat="47.306743" lon="10.589168">
      <ele>1319.53</ele>
      <time>2025-06-25T13:06:11Z</time>
    </rtept>
    <rtept lat="47.306679" lon="10.589297">
      <ele>1319.53</ele>
      <time>2025-06-25T13:06:12Z</time>
    </rtept>
    <rtept lat="47.306593" lon="10.589383">
      <ele>1317.6</ele>
      <time>2025-06-25T13:06:13Z</time>
    </rtept>
    <rtept lat="47.306443" lon="10.58949">
      <ele>1320.49</ele>
      <time>2025-06-25T13:06:14Z</time>
    </rtept>
    <rtept lat="47.306357" lon="10.58964">
      <ele>1324.33</ele>
      <time>2025-06-25T13:06:15Z</time>
    </rtept>
    <rtept lat="47.30625" lon="10.589855">
      <ele>1328.18</ele>
      <time>2025-06-25T13:06:16Z</time>
    </rtept>
    <rtept lat="47.306121" lon="10.590091">
      <ele>1330.1</ele>
      <time>2025-06-25T13:06:17Z</time>
    </rtept>
    <rtept lat="47.305949" lon="10.590305">
      <ele>1331.06</ele>
      <time>2025-06-25T13:06:18Z</time>
    </rtept>
    <rtept lat="47.305799" lon="10.590499">
      <ele>1333.46</ele>
      <time>2025-06-25T13:06:19Z</time>
    </rtept>
    <rtept lat="47.305649" lon="10.59067">
      <ele>1334.43</ele>
      <time>2025-06-25T13:06:20Z</time>
    </rtept>
    <rtept lat="47.30552" lon="10.59082">
      <ele>1334.91</ele>
      <time>2025-06-25T13:06:21Z</time>
    </rtept>
    <rtept lat="47.305413" lon="10.590992">
      <ele>1333.46</ele>
      <time>2025-06-25T13:06:22Z</time>
    </rtept>
    <rtept lat="47.305284" lon="10.591207">
      <ele>1333.46</ele>
      <time>2025-06-25T13:06:23Z</time>
    </rtept>
    <rtept lat="47.305177" lon="10.591464">
      <ele>1331.54</ele>
      <time>2025-06-25T13:06:24Z</time>
    </rtept>
    <rtept lat="47.304812" lon="10.592408">
      <ele>1333.46</ele>
      <time>2025-06-25T13:06:28Z</time>
    </rtept>
    <rtept lat="47.304748" lon="10.592644">
      <ele>1333.46</ele>
      <time>2025-06-25T13:06:29Z</time>
    </rtept>
    <rtept lat="47.304469" lon="10.593803">
      <ele>1329.62</ele>
      <time>2025-06-25T13:06:35Z</time>
    </rtept>
    <rtept lat="47.304447" lon="10.593996">
      <ele>1331.54</ele>
      <time>2025-06-25T13:06:36Z</time>
    </rtept>
    <rtept lat="47.304404" lon="10.594318">
      <ele>1331.06</ele>
      <time>2025-06-25T13:06:38Z</time>
    </rtept>
    <rtept lat="47.304383" lon="10.594468">
      <ele>1331.06</ele>
      <time>2025-06-25T13:06:39Z</time>
    </rtept>
    <rtept lat="47.304426" lon="10.594683">
      <ele>1332.5</ele>
      <time>2025-06-25T13:06:41Z</time>
    </rtept>
    <rtept lat="47.304447" lon="10.594812">
      <ele>1333.46</ele>
      <time>2025-06-25T13:06:42Z</time>
    </rtept>
    <rtept lat="47.30449" lon="10.59494">
      <ele>1333.46</ele>
      <time>2025-06-25T13:06:43Z</time>
    </rtept>
    <rtept lat="47.304555" lon="10.595241">
      <ele>1333.46</ele>
      <time>2025-06-25T13:06:45Z</time>
    </rtept>
    <rtept lat="47.304597" lon="10.595391">
      <ele>1333.46</ele>
      <time>2025-06-25T13:06:46Z</time>
    </rtept>
    <rtept lat="47.304576" lon="10.59552">
      <ele>1332.98</ele>
      <time>2025-06-25T13:06:47Z</time>
    </rtept>
    <rtept lat="47.304533" lon="10.595691">
      <ele>1333.46</ele>
      <time>2025-06-25T13:06:48Z</time>
    </rtept>
    <rtept lat="47.304533" lon="10.595884">
      <ele>1333.46</ele>
      <time>2025-06-25T13:06:49Z</time>
    </rtept>
    <rtept lat="47.304555" lon="10.596056">
      <ele>1333.46</ele>
      <time>2025-06-25T13:06:50Z</time>
    </rtept>
    <rtept lat="47.304555" lon="10.596185">
      <ele>1333.46</ele>
      <time>2025-06-25T13:06:51Z</time>
    </rtept>
    <rtept lat="47.304512" lon="10.596314">
      <ele>1333.46</ele>
      <time>2025-06-25T13:06:52Z</time>
    </rtept>
    <rtept lat="47.30449" lon="10.596378">
      <ele>1333.46</ele>
      <time>2025-06-25T13:06:53Z</time>
    </rtept>
    <rtept lat="47.304383" lon="10.596464">
      <ele>1333.46</ele>
      <time>2025-06-25T13:06:54Z</time>
    </rtept>
    <rtept lat="47.304361" lon="10.596485">
      <ele>1333.46</ele>
      <time>2025-06-25T13:06:55Z</time>
    </rtept>
    <rtept lat="47.304211" lon="10.596507">
      <ele>1333.46</ele>
      <time>2025-06-25T13:06:56Z</time>
    </rtept>
    <rtept lat="47.304211" lon="10.596507">
      <ele>1333.95</ele>
      <time>2025-06-25T13:06:57Z</time>
    </rtept>
    <rtept lat="47.303932" lon="10.596292">
      <ele>1333.95</ele>
      <time>2025-06-25T13:06:58Z</time>
    </rtept>
    <rtept lat="47.303739" lon="10.596271">
      <ele>1332.5</ele>
      <time>2025-06-25T13:06:59Z</time>
    </rtept>
    <rtept lat="47.303589" lon="10.596314">
      <ele>1332.5</ele>
      <time>2025-06-25T13:07:00Z</time>
    </rtept>
    <rtept lat="47.303439" lon="10.596357">
      <ele>1332.02</ele>
      <time>2025-06-25T13:07:01Z</time>
    </rtept>
    <rtept lat="47.303289" lon="10.596442">
      <ele>1332.98</ele>
      <time>2025-06-25T13:07:02Z</time>
    </rtept>
    <rtept lat="47.303117" lon="10.59655">
      <ele>1336.35</ele>
      <time>2025-06-25T13:07:03Z</time>
    </rtept>
    <rtept lat="47.302967" lon="10.596678">
      <ele>1339.23</ele>
      <time>2025-06-25T13:07:04Z</time>
    </rtept>
    <rtept lat="47.302816" lon="10.59685">
      <ele>1339.71</ele>
      <time>2025-06-25T13:07:05Z</time>
    </rtept>
    <rtept lat="47.302688" lon="10.597">
      <ele>1340.19</ele>
      <time>2025-06-25T13:07:06Z</time>
    </rtept>
    <rtept lat="47.302366" lon="10.597258">
      <ele>1340.19</ele>
      <time>2025-06-25T13:07:08Z</time>
    </rtept>
    <rtept lat="47.302216" lon="10.597365">
      <ele>1339.71</ele>
      <time>2025-06-25T13:07:09Z</time>
    </rtept>
    <rtept lat="47.301937" lon="10.597644">
      <ele>1341.64</ele>
      <time>2025-06-25T13:07:11Z</time>
    </rtept>
    <rtept lat="47.301786" lon="10.597816">
      <ele>1341.64</ele>
      <time>2025-06-25T13:07:12Z</time>
    </rtept>
    <rtept lat="47.300799" lon="10.599253">
      <ele>1341.64</ele>
      <time>2025-06-25T13:07:19Z</time>
    </rtept>
    <rtept lat="47.300349" lon="10.60009">
      <ele>1341.15</ele>
      <time>2025-06-25T13:07:25Z</time>
    </rtept>
    <rtept lat="47.300327" lon="10.600219">
      <ele>1332.98</ele>
      <time>2025-06-25T13:07:26Z</time>
    </rtept>
    <rtept lat="47.300327" lon="10.600412">
      <ele>1331.06</ele>
      <time>2025-06-25T13:07:27Z</time>
    </rtept>
    <rtept lat="47.30037" lon="10.60082">
      <ele>1327.7</ele>
      <time>2025-06-25T13:07:29Z</time>
    </rtept>
    <rtept lat="47.300413" lon="10.60097">
      <ele>1327.7</ele>
      <time>2025-06-25T13:07:30Z</time>
    </rtept>
    <rtept lat="47.300456" lon="10.601163">
      <ele>1328.18</ele>
      <time>2025-06-25T13:07:31Z</time>
    </rtept>
    <rtept lat="47.30052" lon="10.601356">
      <ele>1326.74</ele>
      <time>2025-06-25T13:07:32Z</time>
    </rtept>
    <rtept lat="47.300563" lon="10.601549">
      <ele>1323.85</ele>
      <time>2025-06-25T13:07:33Z</time>
    </rtept>
    <rtept lat="47.300606" lon="10.601678">
      <ele>1320.49</ele>
      <time>2025-06-25T13:07:34Z</time>
    </rtept>
    <rtept lat="47.300628" lon="10.601936">
      <ele>1319.53</ele>
      <time>2025-06-25T13:07:35Z</time>
    </rtept>
    <rtept lat="47.300628" lon="10.60215">
      <ele>1319.04</ele>
      <time>2025-06-25T13:07:36Z</time>
    </rtept>
    <rtept lat="47.300628" lon="10.602386">
      <ele>1319.53</ele>
      <time>2025-06-25T13:07:37Z</time>
    </rtept>
    <rtept lat="47.300671" lon="10.604038">
      <ele>1324.81</ele>
      <time>2025-06-25T13:07:43Z</time>
    </rtept>
    <rtept lat="47.300735" lon="10.604317">
      <ele>1327.22</ele>
      <time>2025-06-25T13:07:44Z</time>
    </rtept>
    <rtept lat="47.300757" lon="10.604618">
      <ele>1329.14</ele>
      <time>2025-06-25T13:07:45Z</time>
    </rtept>
    <rtept lat="47.300778" lon="10.605154">
      <ele>1334.43</ele>
      <time>2025-06-25T13:07:47Z</time>
    </rtept>
    <rtept lat="47.300778" lon="10.60539">
      <ele>1337.79</ele>
      <time>2025-06-25T13:07:48Z</time>
    </rtept>
    <rtept lat="47.300799" lon="10.605626">
      <ele>1339.71</ele>
      <time>2025-06-25T13:07:49Z</time>
    </rtept>
    <rtept lat="47.300821" lon="10.605841">
      <ele>1342.6</ele>
      <time>2025-06-25T13:07:50Z</time>
    </rtept>
    <rtept lat="47.300799" lon="10.606034">
      <ele>1345.0</ele>
      <time>2025-06-25T13:07:51Z</time>
    </rtept>
    <rtept lat="47.300757" lon="10.606227">
      <ele>1345.48</ele>
      <time>2025-06-25T13:07:52Z</time>
    </rtept>
    <rtept lat="47.300735" lon="10.606399">
      <ele>1347.4</ele>
      <time>2025-06-25T13:07:53Z</time>
    </rtept>
    <rtept lat="47.300649" lon="10.606828">
      <ele>1345.96</ele>
      <time>2025-06-25T13:07:57Z</time>
    </rtept>
    <rtept lat="47.300649" lon="10.606828">
      <ele>1346.44</ele>
      <time>2025-06-25T13:07:58Z</time>
    </rtept>
    <rtept lat="47.300649" lon="10.606828">
      <ele>1346.44</ele>
      <time>2025-06-25T13:07:59Z</time>
    </rtept>
    <rtept lat="47.300563" lon="10.606806">
      <ele>1346.92</ele>
      <time>2025-06-25T13:08:00Z</time>
    </rtept>
    <rtept lat="47.300563" lon="10.606806">
      <ele>1345.48</ele>
      <time>2025-06-25T13:08:01Z</time>
    </rtept>
    <rtept lat="47.300542" lon="10.606699">
      <ele>1342.6</ele>
      <time>2025-06-25T13:08:02Z</time>
    </rtept>
    <rtept lat="47.300585" lon="10.606506">
      <ele>1345.48</ele>
      <time>2025-06-25T13:08:03Z</time>
    </rtept>
    <rtept lat="47.300628" lon="10.606291">
      <ele>1345.96</ele>
      <time>2025-06-25T13:08:04Z</time>
    </rtept>
    <rtept lat="47.300628" lon="10.606098">
      <ele>1345.96</ele>
      <time>2025-06-25T13:08:05Z</time>
    </rtept>
    <rtept lat="47.300628" lon="10.605884">
      <ele>1347.4</ele>
      <time>2025-06-25T13:08:06Z</time>
    </rtept>
    <rtept lat="47.300628" lon="10.605691">
      <ele>1349.81</ele>
      <time>2025-06-25T13:08:07Z</time>
    </rtept>
    <rtept lat="47.300563" lon="10.605433">
      <ele>1351.73</ele>
      <time>2025-06-25T13:08:08Z</time>
    </rtept>
    <rtept lat="47.300478" lon="10.605197">
      <ele>1353.65</ele>
      <time>2025-06-25T13:08:09Z</time>
    </rtept>
    <rtept lat="47.300435" lon="10.604961">
      <ele>1357.02</ele>
      <time>2025-06-25T13:08:10Z</time>
    </rtept>
    <rtept lat="47.300349" lon="10.60451">
      <ele>1363.26</ele>
      <time>2025-06-25T13:08:12Z</time>
    </rtept>
    <rtept lat="47.300263" lon="10.604339">
      <ele>1364.71</ele>
      <time>2025-06-25T13:08:13Z</time>
    </rtept>
    <rtept lat="47.30022" lon="10.60421">
      <ele>1366.15</ele>
      <time>2025-06-25T13:08:14Z</time>
    </rtept>
    <rtept lat="47.300134" lon="10.60406">
      <ele>1369.51</ele>
      <time>2025-06-25T13:08:15Z</time>
    </rtept>
    <rtept lat="47.300048" lon="10.603888">
      <ele>1372.4</ele>
      <time>2025-06-25T13:08:16Z</time>
    </rtept>
    <rtept lat="47.299877" lon="10.603502">
      <ele>1372.88</ele>
      <time>2025-06-25T13:08:18Z</time>
    </rtept>
    <rtept lat="47.299769" lon="10.603309">
      <ele>1373.36</ele>
      <time>2025-06-25T13:08:19Z</time>
    </rtept>
    <rtept lat="47.299684" lon="10.603094">
      <ele>1370.47</ele>
      <time>2025-06-25T13:08:20Z</time>
    </rtept>
    <rtept lat="47.299598" lon="10.602837">
      <ele>1370.96</ele>
      <time>2025-06-25T13:08:21Z</time>
    </rtept>
    <rtept lat="47.299512" lon="10.602601">
      <ele>1371.44</ele>
      <time>2025-06-25T13:08:22Z</time>
    </rtept>
    <rtept lat="47.299061" lon="10.601614">
      <ele>1372.4</ele>
      <time>2025-06-25T13:08:28Z</time>
    </rtept>
    <rtept lat="47.298976" lon="10.601549">
      <ele>1367.59</ele>
      <time>2025-06-25T13:08:29Z</time>
    </rtept>
    <rtept lat="47.298718" lon="10.601421">
      <ele>1369.03</ele>
      <time>2025-06-25T13:08:31Z</time>
    </rtept>
    <rtept lat="47.298546" lon="10.601399">
      <ele>1370.96</ele>
      <time>2025-06-25T13:08:32Z</time>
    </rtept>
    <rtept lat="47.298418" lon="10.601399">
      <ele>1371.44</ele>
      <time>2025-06-25T13:08:33Z</time>
    </rtept>
    <rtept lat="47.298225" lon="10.601442">
      <ele>1372.4</ele>
      <time>2025-06-25T13:08:34Z</time>
    </rtept>
    <rtept lat="47.298053" lon="10.601506">
      <ele>1373.36</ele>
      <time>2025-06-25T13:08:35Z</time>
    </rtept>
    <rtept lat="47.297881" lon="10.601549">
      <ele>1370.96</ele>
      <time>2025-06-25T13:08:36Z</time>
    </rtept>
    <rtept lat="47.296916" lon="10.601936">
      <ele>1366.63</ele>
      <time>2025-06-25T13:08:42Z</time>
    </rtept>
    <rtept lat="47.296765" lon="10.601957">
      <ele>1367.11</ele>
      <time>2025-06-25T13:08:43Z</time>
    </rtept>
    <rtept lat="47.295499" lon="10.602429">
      <ele>1370.47</ele>
      <time>2025-06-25T13:08:52Z</time>
    </rtept>
    <rtept lat="47.295435" lon="10.602515">
      <ele>1369.99</ele>
      <time>2025-06-25T13:08:53Z</time>
    </rtept>
    <rtept lat="47.295349" lon="10.602644">
      <ele>1369.99</ele>
      <time>2025-06-25T13:08:54Z</time>
    </rtept>
    <rtept lat="47.295285" lon="10.602751">
      <ele>1369.51</ele>
      <time>2025-06-25T13:08:56Z</time>
    </rtept>
    <rtept lat="47.29507" lon="10.602815">
      <ele>1369.03</ele>
      <time>2025-06-25T13:08:57Z</time>
    </rtept>
    <rtept lat="47.294963" lon="10.602837">
      <ele>1369.51</ele>
      <time>2025-06-25T13:08:58Z</time>
    </rtept>
    <rtept lat="47.294856" lon="10.602901">
      <ele>1370.96</ele>
      <time>2025-06-25T13:08:59Z</time>
    </rtept>
    <rtept lat="47.294748" lon="10.603008">
      <ele>1372.88</ele>
      <time>2025-06-25T13:09:00Z</time>
    </rtept>
    <rtept lat="47.29462" lon="10.603137">
      <ele>1373.84</ele>
      <time>2025-06-25T13:09:01Z</time>
    </rtept>
    <rtept lat="47.294448" lon="10.603244">
      <ele>1374.8</ele>
      <time>2025-06-25T13:09:02Z</time>
    </rtept>
    <rtept lat="47.294298" lon="10.603352">
      <ele>1375.76</ele>
      <time>2025-06-25T13:09:03Z</time>
    </rtept>
    <rtept lat="47.294126" lon="10.603395">
      <ele>1377.2</ele>
      <time>2025-06-25T13:09:04Z</time>
    </rtept>
    <rtept lat="47.293954" lon="10.603416">
      <ele>1377.68</ele>
      <time>2025-06-25T13:09:05Z</time>
    </rtept>
    <rtept lat="47.293761" lon="10.603438">
      <ele>1378.65</ele>
      <time>2025-06-25T13:09:06Z</time>
    </rtept>
    <rtept lat="47.293075" lon="10.603416">
      <ele>1380.09</ele>
      <time>2025-06-25T13:09:10Z</time>
    </rtept>
    <rtept lat="47.292796" lon="10.603416">
      <ele>1381.05</ele>
      <time>2025-06-25T13:09:12Z</time>
    </rtept>
    <rtept lat="47.292667" lon="10.603459">
      <ele>1383.45</ele>
      <time>2025-06-25T13:09:13Z</time>
    </rtept>
    <rtept lat="47.292517" lon="10.603523">
      <ele>1384.89</ele>
      <time>2025-06-25T13:09:14Z</time>
    </rtept>
    <rtept lat="47.292367" lon="10.603588">
      <ele>1385.86</ele>
      <time>2025-06-25T13:09:15Z</time>
    </rtept>
    <rtept lat="47.292216" lon="10.603652">
      <ele>1386.82</ele>
      <time>2025-06-25T13:09:16Z</time>
    </rtept>
    <rtept lat="47.292066" lon="10.603695">
      <ele>1388.26</ele>
      <time>2025-06-25T13:09:17Z</time>
    </rtept>
    <rtept lat="47.291916" lon="10.603738">
      <ele>1388.26</ele>
      <time>2025-06-25T13:09:18Z</time>
    </rtept>
    <rtept lat="47.291616" lon="10.603824">
      <ele>1387.78</ele>
      <time>2025-06-25T13:09:20Z</time>
    </rtept>
    <rtept lat="47.291487" lon="10.60391">
      <ele>1388.74</ele>
      <time>2025-06-25T13:09:21Z</time>
    </rtept>
    <rtept lat="47.290114" lon="10.604682">
      <ele>1396.91</ele>
      <time>2025-06-25T13:09:30Z</time>
    </rtept>
    <rtept lat="47.289105" lon="10.604961">
      <ele>1398.35</ele>
      <time>2025-06-25T13:09:38Z</time>
    </rtept>
    <rtept lat="47.288805" lon="10.60509">
      <ele>1400.28</ele>
      <time>2025-06-25T13:09:42Z</time>
    </rtept>
    <rtept lat="47.288783" lon="10.605111">
      <ele>1401.72</ele>
      <time>2025-06-25T13:09:43Z</time>
    </rtept>
    <rtept lat="47.288783" lon="10.605111">
      <ele>1402.2</ele>
      <time>2025-06-25T13:09:44Z</time>
    </rtept>
    <rtept lat="47.288783" lon="10.605111">
      <ele>1403.16</ele>
      <time>2025-06-25T13:09:45Z</time>
    </rtept>
    <rtept lat="47.288805" lon="10.605133">
      <ele>1403.16</ele>
      <time>2025-06-25T13:09:46Z</time>
    </rtept>
    <rtept lat="47.288912" lon="10.605283">
      <ele>1402.68</ele>
      <time>2025-06-25T13:09:47Z</time>
    </rtept>
    <rtept lat="47.288955" lon="10.605304">
      <ele>1404.12</ele>
      <time>2025-06-25T13:09:48Z</time>
    </rtept>
    <rtept lat="47.289062" lon="10.605326">
      <ele>1406.52</ele>
      <time>2025-06-25T13:09:49Z</time>
    </rtept>
    <rtept lat="47.28932" lon="10.605433">
      <ele>1410.85</ele>
      <time>2025-06-25T13:09:52Z</time>
    </rtept>
    <rtept lat="47.289341" lon="10.605433">
      <ele>1407.97</ele>
      <time>2025-06-25T13:09:53Z</time>
    </rtept>
    <rtept lat="47.289363" lon="10.60554">
      <ele>1407.97</ele>
      <time>2025-06-25T13:09:54Z</time>
    </rtept>
    <rtept lat="47.289341" lon="10.605605">
      <ele>1408.45</ele>
      <time>2025-06-25T13:09:55Z</time>
    </rtept>
    <rtept lat="47.289234" lon="10.605669">
      <ele>1410.37</ele>
      <time>2025-06-25T13:09:56Z</time>
    </rtept>
    <rtept lat="47.289126" lon="10.605734">
      <ele>1413.25</ele>
      <time>2025-06-25T13:09:57Z</time>
    </rtept>
    <rtept lat="47.288418" lon="10.606249">
      <ele>1423.35</ele>
      <time>2025-06-25T13:10:02Z</time>
    </rtept>
    <rtept lat="47.288333" lon="10.606399">
      <ele>1427.19</ele>
      <time>2025-06-25T13:10:03Z</time>
    </rtept>
    <rtept lat="47.288225" lon="10.60657">
      <ele>1428.63</ele>
      <time>2025-06-25T13:10:04Z</time>
    </rtept>
    <rtept lat="47.288182" lon="10.606656">
      <ele>1430.08</ele>
      <time>2025-06-25T13:10:05Z</time>
    </rtept>
    <rtept lat="47.288054" lon="10.606742">
      <ele>1431.52</ele>
      <time>2025-06-25T13:10:06Z</time>
    </rtept>
    <rtept lat="47.287946" lon="10.606763">
      <ele>1432.48</ele>
      <time>2025-06-25T13:10:07Z</time>
    </rtept>
    <rtept lat="47.287818" lon="10.606763">
      <ele>1434.4</ele>
      <time>2025-06-25T13:10:08Z</time>
    </rtept>
    <rtept lat="47.287646" lon="10.606785">
      <ele>1437.29</ele>
      <time>2025-06-25T13:10:09Z</time>
    </rtept>
    <rtept lat="47.287517" lon="10.606806">
      <ele>1439.21</ele>
      <time>2025-06-25T13:10:10Z</time>
    </rtept>
    <rtept lat="47.287388" lon="10.606935">
      <ele>1440.65</ele>
      <time>2025-06-25T13:10:11Z</time>
    </rtept>
    <rtept lat="47.28726" lon="10.607085">
      <ele>1443.05</ele>
      <time>2025-06-25T13:10:12Z</time>
    </rtept>
    <rtept lat="47.287174" lon="10.607193">
      <ele>1444.98</ele>
      <time>2025-06-25T13:10:13Z</time>
    </rtept>
    <rtept lat="47.287024" lon="10.607429">
      <ele>1445.46</ele>
      <time>2025-06-25T13:10:16Z</time>
    </rtept>
    <rtept lat="47.287024" lon="10.607493">
      <ele>1446.9</ele>
      <time>2025-06-25T13:10:17Z</time>
    </rtept>
    <rtept lat="47.287045" lon="10.607557">
      <ele>1446.9</ele>
      <time>2025-06-25T13:10:18Z</time>
    </rtept>
    <rtept lat="47.287045" lon="10.607557">
      <ele>1446.42</ele>
      <time>2025-06-25T13:10:19Z</time>
    </rtept>
    <rtept lat="47.287152" lon="10.607557">
      <ele>1447.38</ele>
      <time>2025-06-25T13:10:20Z</time>
    </rtept>
    <rtept lat="47.287281" lon="10.607472">
      <ele>1449.78</ele>
      <time>2025-06-25T13:10:21Z</time>
    </rtept>
    <rtept lat="47.28741" lon="10.607386">
      <ele>1450.26</ele>
      <time>2025-06-25T13:10:22Z</time>
    </rtept>
    <rtept lat="47.287517" lon="10.607321">
      <ele>1452.19</ele>
      <time>2025-06-25T13:10:23Z</time>
    </rtept>
    <rtept lat="47.287517" lon="10.607321">
      <ele>1455.07</ele>
      <time>2025-06-25T13:10:24Z</time>
    </rtept>
    <rtept lat="47.287603" lon="10.607386">
      <ele>1456.03</ele>
      <time>2025-06-25T13:10:25Z</time>
    </rtept>
    <rtept lat="47.287624" lon="10.607407">
      <ele>1456.99</ele>
      <time>2025-06-25T13:10:26Z</time>
    </rtept>
    <rtept lat="47.287624" lon="10.607429">
      <ele>1453.15</ele>
      <time>2025-06-25T13:10:27Z</time>
    </rtept>
    <rtept lat="47.287582" lon="10.607515">
      <ele>1457.47</ele>
      <time>2025-06-25T13:10:28Z</time>
    </rtept>
    <rtept lat="47.287517" lon="10.607622">
      <ele>1462.76</ele>
      <time>2025-06-25T13:10:29Z</time>
    </rtept>
    <rtept lat="47.28741" lon="10.607729">
      <ele>1462.28</ele>
      <time>2025-06-25T13:10:30Z</time>
    </rtept>
    <rtept lat="47.287324" lon="10.607901">
      <ele>1464.2</ele>
      <time>2025-06-25T13:10:31Z</time>
    </rtept>
    <rtept lat="47.287281" lon="10.608029">
      <ele>1466.13</ele>
      <time>2025-06-25T13:10:32Z</time>
    </rtept>
    <rtept lat="47.287195" lon="10.608115">
      <ele>1467.57</ele>
      <time>2025-06-25T13:10:33Z</time>
    </rtept>
    <rtept lat="47.287174" lon="10.608094">
      <ele>1469.01</ele>
      <time>2025-06-25T13:10:34Z</time>
    </rtept>
    <rtept lat="47.287109" lon="10.608051">
      <ele>1469.01</ele>
      <time>2025-06-25T13:10:35Z</time>
    </rtept>
    <rtept lat="47.287024" lon="10.607987">
      <ele>1469.49</ele>
      <time>2025-06-25T13:10:36Z</time>
    </rtept>
    <rtept lat="47.286938" lon="10.607922">
      <ele>1467.09</ele>
      <time>2025-06-25T13:10:37Z</time>
    </rtept>
    <rtept lat="47.286852" lon="10.607944">
      <ele>1467.09</ele>
      <time>2025-06-25T13:10:38Z</time>
    </rtept>
    <rtept lat="47.286831" lon="10.607944">
      <ele>1464.2</ele>
      <time>2025-06-25T13:10:39Z</time>
    </rtept>
    <rtept lat="47.286831" lon="10.608094">
      <ele>1455.07</ele>
      <time>2025-06-25T13:10:40Z</time>
    </rtept>
    <rtept lat="47.286809" lon="10.608266">
      <ele>1454.59</ele>
      <time>2025-06-25T13:10:41Z</time>
    </rtept>
    <rtept lat="47.286809" lon="10.608459">
      <ele>1455.07</ele>
      <time>2025-06-25T13:10:42Z</time>
    </rtept>
    <rtept lat="47.286788" lon="10.608695">
      <ele>1457.95</ele>
      <time>2025-06-25T13:10:43Z</time>
    </rtept>
    <rtept lat="47.286745" lon="10.608866">
      <ele>1460.36</ele>
      <time>2025-06-25T13:10:44Z</time>
    </rtept>
    <rtept lat="47.28668" lon="10.609081">
      <ele>1463.24</ele>
      <time>2025-06-25T13:10:45Z</time>
    </rtept>
    <rtept lat="47.286616" lon="10.609253">
      <ele>1467.09</ele>
      <time>2025-06-25T13:10:46Z</time>
    </rtept>
    <rtept lat="47.28653" lon="10.609489">
      <ele>1473.82</ele>
      <time>2025-06-25T13:10:48Z</time>
    </rtept>
    <rtept lat="47.286466" lon="10.609596">
      <ele>1476.22</ele>
      <time>2025-06-25T13:10:49Z</time>
    </rtept>
    <rtept lat="47.28638" lon="10.609617">
      <ele>1480.06</ele>
      <time>2025-06-25T13:10:50Z</time>
    </rtept>
    <rtept lat="47.28623" lon="10.60966">
      <ele>1485.83</ele>
      <time>2025-06-25T13:10:51Z</time>
    </rtept>
    <rtept lat="47.286101" lon="10.609682">
      <ele>1485.83</ele>
      <time>2025-06-25T13:10:52Z</time>
    </rtept>
    <rtept lat="47.285994" lon="10.609789">
      <ele>1487.27</ele>
      <time>2025-06-25T13:10:53Z</time>
    </rtept>
    <rtept lat="47.285843" lon="10.609939">
      <ele>1488.24</ele>
      <time>2025-06-25T13:10:54Z</time>
    </rtept>
    <rtept lat="47.285693" lon="10.610111">
      <ele>1493.04</ele>
      <time>2025-06-25T13:10:55Z</time>
    </rtept>
    <rtept lat="47.285436" lon="10.610476">
      <ele>1498.81</ele>
      <time>2025-06-25T13:10:57Z</time>
    </rtept>
    <rtept lat="47.285243" lon="10.610755">
      <ele>1506.98</ele>
      <time>2025-06-25T13:10:59Z</time>
    </rtept>
    <rtept lat="47.285178" lon="10.610862">
      <ele>1507.46</ele>
      <time>2025-06-25T13:11:00Z</time>
    </rtept>
    <rtept lat="47.285114" lon="10.610926">
      <ele>1506.5</ele>
      <time>2025-06-25T13:11:01Z</time>
    </rtept>
    <rtept lat="47.285092" lon="10.610969">
      <ele>1508.9</ele>
      <time>2025-06-25T13:11:02Z</time>
    </rtept>
    <rtept lat="47.285092" lon="10.610969">
      <ele>1508.9</ele>
      <time>2025-06-25T13:11:03Z</time>
    </rtept>
    <rtept lat="47.285092" lon="10.610969">
      <ele>1508.9</ele>
      <time>2025-06-25T13:11:04Z</time>
    </rtept>
    <rtept lat="47.285157" lon="10.611012">
      <ele>1507.46</ele>
      <time>2025-06-25T13:11:05Z</time>
    </rtept>
    <rtept lat="47.2852" lon="10.611012">
      <ele>1503.62</ele>
      <time>2025-06-25T13:11:06Z</time>
    </rtept>
    <rtept lat="47.285307" lon="10.610969">
      <ele>1504.1</ele>
      <time>2025-06-25T13:11:07Z</time>
    </rtept>
    <rtept lat="47.285414" lon="10.610905">
      <ele>1506.02</ele>
      <time>2025-06-25T13:11:08Z</time>
    </rtept>
    <rtept lat="47.285543" lon="10.610862">
      <ele>1507.46</ele>
      <time>2025-06-25T13:11:09Z</time>
    </rtept>
    <rtept lat="47.285693" lon="10.610819">
      <ele>1511.31</ele>
      <time>2025-06-25T13:11:10Z</time>
    </rtept>
    <rtept lat="47.286079" lon="10.610733">
      <ele>1519.0</ele>
      <time>2025-06-25T13:11:14Z</time>
    </rtept>
    <rtept lat="47.286101" lon="10.610798">
      <ele>1519.48</ele>
      <time>2025-06-25T13:11:15Z</time>
    </rtept>
    <rtept lat="47.286144" lon="10.61084">
      <ele>1518.52</ele>
      <time>2025-06-25T13:11:16Z</time>
    </rtept>
    <rtept lat="47.286144" lon="10.61084">
      <ele>1520.44</ele>
      <time>2025-06-25T13:11:17Z</time>
    </rtept>
    <rtept lat="47.286058" lon="10.610926">
      <ele>1525.25</ele>
      <time>2025-06-25T13:11:18Z</time>
    </rtept>
    <rtept lat="47.285951" lon="10.611012">
      <ele>1527.17</ele>
      <time>2025-06-25T13:11:19Z</time>
    </rtept>
    <rtept lat="47.285543" lon="10.611334">
      <ele>1529.57</ele>
      <time>2025-06-25T13:11:22Z</time>
    </rtept>
    <rtept lat="47.285436" lon="10.61142">
      <ele>1530.53</ele>
      <time>2025-06-25T13:11:23Z</time>
    </rtept>
    <rtept lat="47.285393" lon="10.611441">
      <ele>1531.49</ele>
      <time>2025-06-25T13:11:24Z</time>
    </rtept>
    <rtept lat="47.285328" lon="10.611634">
      <ele>1533.9</ele>
      <time>2025-06-25T13:11:25Z</time>
    </rtept>
    <rtept lat="47.285264" lon="10.611827">
      <ele>1533.42</ele>
      <time>2025-06-25T13:11:26Z</time>
    </rtept>
    <rtept lat="47.285157" lon="10.611978">
      <ele>1534.86</ele>
      <time>2025-06-25T13:11:27Z</time>
    </rtept>
    <rtept lat="47.285092" lon="10.612085">
      <ele>1535.34</ele>
      <time>2025-06-25T13:11:28Z</time>
    </rtept>
    <rtept lat="47.284964" lon="10.612106">
      <ele>1536.78</ele>
      <time>2025-06-25T13:11:29Z</time>
    </rtept>
    <rtept lat="47.284856" lon="10.612128">
      <ele>1538.22</ele>
      <time>2025-06-25T13:11:30Z</time>
    </rtept>
    <rtept lat="47.284749" lon="10.612128">
      <ele>1538.7</ele>
      <time>2025-06-25T13:11:31Z</time>
    </rtept>
    <rtept lat="47.284685" lon="10.612149">
      <ele>1539.18</ele>
      <time>2025-06-25T13:11:32Z</time>
    </rtept>
    <rtept lat="47.28462" lon="10.612235">
      <ele>1543.03</ele>
      <time>2025-06-25T13:11:33Z</time>
    </rtept>
    <rtept lat="47.284599" lon="10.612257">
      <ele>1543.03</ele>
      <time>2025-06-25T13:11:34Z</time>
    </rtept>
    <rtept lat="47.284577" lon="10.612536">
      <ele>1540.63</ele>
      <time>2025-06-25T13:11:35Z</time>
    </rtept>
    <rtept lat="47.284556" lon="10.61275">
      <ele>1541.11</ele>
      <time>2025-06-25T13:11:36Z</time>
    </rtept>
    <rtept lat="47.284449" lon="10.613651">
      <ele>1550.72</ele>
      <time>2025-06-25T13:11:40Z</time>
    </rtept>
    <rtept lat="47.284363" lon="10.613823">
      <ele>1553.12</ele>
      <time>2025-06-25T13:11:41Z</time>
    </rtept>
    <rtept lat="47.284234" lon="10.614123">
      <ele>1557.45</ele>
      <time>2025-06-25T13:11:43Z</time>
    </rtept>
    <rtept lat="47.284191" lon="10.614231">
      <ele>1558.89</ele>
      <time>2025-06-25T13:11:44Z</time>
    </rtept>
    <rtept lat="47.28417" lon="10.614531">
      <ele>1558.41</ele>
      <time>2025-06-25T13:11:45Z</time>
    </rtept>
    <rtept lat="47.284148" lon="10.615003">
      <ele>1564.66</ele>
      <time>2025-06-25T13:11:47Z</time>
    </rtept>
    <rtept lat="47.284148" lon="10.615068">
      <ele>1566.58</ele>
      <time>2025-06-25T13:11:48Z</time>
    </rtept>
    <rtept lat="47.284148" lon="10.615068">
      <ele>1567.06</ele>
      <time>2025-06-25T13:11:49Z</time>
    </rtept>
    <rtept lat="47.283955" lon="10.615282">
      <ele>1568.02</ele>
      <time>2025-06-25T13:11:50Z</time>
    </rtept>
    <rtept lat="47.283891" lon="10.615368">
      <ele>1569.47</ele>
      <time>2025-06-25T13:11:51Z</time>
    </rtept>
    <rtept lat="47.283805" lon="10.615561">
      <ele>1574.27</ele>
      <time>2025-06-25T13:11:52Z</time>
    </rtept>
    <rtept lat="47.283719" lon="10.615754">
      <ele>1577.64</ele>
      <time>2025-06-25T13:11:53Z</time>
    </rtept>
    <rtept lat="47.283655" lon="10.615969">
      <ele>1580.52</ele>
      <time>2025-06-25T13:11:54Z</time>
    </rtept>
    <rtept lat="47.28359" lon="10.616183">
      <ele>1582.44</ele>
      <time>2025-06-25T13:11:55Z</time>
    </rtept>
    <rtept lat="47.283547" lon="10.616419">
      <ele>1583.41</ele>
      <time>2025-06-25T13:11:56Z</time>
    </rtept>
    <rtept lat="47.283526" lon="10.61672">
      <ele>1581.0</ele>
      <time>2025-06-25T13:11:57Z</time>
    </rtept>
    <rtept lat="47.283526" lon="10.61702">
      <ele>1582.92</ele>
      <time>2025-06-25T13:11:58Z</time>
    </rtept>
    <rtept lat="47.283547" lon="10.617321">
      <ele>1585.81</ele>
      <time>2025-06-25T13:11:59Z</time>
    </rtept>
    <rtept lat="47.283526" lon="10.617879">
      <ele>1590.13</ele>
      <time>2025-06-25T13:12:01Z</time>
    </rtept>
    <rtept lat="47.283483" lon="10.618158">
      <ele>1593.98</ele>
      <time>2025-06-25T13:12:02Z</time>
    </rtept>
    <rtept lat="47.28344" lon="10.618458">
      <ele>1596.86</ele>
      <time>2025-06-25T13:12:03Z</time>
    </rtept>
    <rtept lat="47.28329" lon="10.619123">
      <ele>1602.15</ele>
      <time>2025-06-25T13:12:06Z</time>
    </rtept>
    <rtept lat="47.283269" lon="10.619252">
      <ele>1604.07</ele>
      <time>2025-06-25T13:12:07Z</time>
    </rtept>
    <rtept lat="47.283269" lon="10.619552">
      <ele>1606.48</ele>
      <time>2025-06-25T13:12:08Z</time>
    </rtept>
    <rtept lat="47.283247" lon="10.619788">
      <ele>1608.4</ele>
      <time>2025-06-25T13:12:09Z</time>
    </rtept>
    <rtept lat="47.283226" lon="10.620046">
      <ele>1609.36</ele>
      <time>2025-06-25T13:12:10Z</time>
    </rtept>
    <rtept lat="47.283183" lon="10.620282">
      <ele>1611.76</ele>
      <time>2025-06-25T13:12:11Z</time>
    </rtept>
    <rtept lat="47.283118" lon="10.620518">
      <ele>1612.73</ele>
      <time>2025-06-25T13:12:12Z</time>
    </rtept>
    <rtept lat="47.283075" lon="10.620711">
      <ele>1613.21</ele>
      <time>2025-06-25T13:12:13Z</time>
    </rtept>
    <rtept lat="47.283032" lon="10.620904">
      <ele>1614.17</ele>
      <time>2025-06-25T13:12:14Z</time>
    </rtept>
    <rtept lat="47.282947" lon="10.621333">
      <ele>1619.45</ele>
      <time>2025-06-25T13:12:17Z</time>
    </rtept>
    <rtept lat="47.282947" lon="10.621419">
      <ele>1618.97</ele>
      <time>2025-06-25T13:12:18Z</time>
    </rtept>
    <rtept lat="47.282968" lon="10.621526">
      <ele>1620.9</ele>
      <time>2025-06-25T13:12:19Z</time>
    </rtept>
    <rtept lat="47.28299" lon="10.621677">
      <ele>1621.38</ele>
      <time>2025-06-25T13:12:20Z</time>
    </rtept>
    <rtept lat="47.283032" lon="10.621805">
      <ele>1621.86</ele>
      <time>2025-06-25T13:12:21Z</time>
    </rtept>
    <rtept lat="47.283204" lon="10.622535">
      <ele>1624.74</ele>
      <time>2025-06-25T13:12:26Z</time>
    </rtept>
    <rtept lat="47.283247" lon="10.622664">
      <ele>1624.74</ele>
      <time>2025-06-25T13:12:27Z</time>
    </rtept>
    <rtept lat="47.283269" lon="10.62305">
      <ele>1629.07</ele>
      <time>2025-06-25T13:12:30Z</time>
    </rtept>
    <rtept lat="47.28329" lon="10.623222">
      <ele>1631.47</ele>
      <time>2025-06-25T13:12:31Z</time>
    </rtept>
    <rtept lat="47.28329" lon="10.623415">
      <ele>1631.95</ele>
      <time>2025-06-25T13:12:32Z</time>
    </rtept>
    <rtept lat="47.283269" lon="10.624895">
      <ele>1636.76</ele>
      <time>2025-06-25T13:12:37Z</time>
    </rtept>
    <rtept lat="47.283354" lon="10.625711">
      <ele>1643.49</ele>
      <time>2025-06-25T13:12:40Z</time>
    </rtept>
    <rtept lat="47.28344" lon="10.625904">
      <ele>1644.93</ele>
      <time>2025-06-25T13:12:41Z</time>
    </rtept>
    <rtept lat="47.283612" lon="10.62644">
      <ele>1647.33</ele>
      <time>2025-06-25T13:12:43Z</time>
    </rtept>
    <rtept lat="47.283676" lon="10.626719">
      <ele>1648.77</ele>
      <time>2025-06-25T13:12:44Z</time>
    </rtept>
    <rtept lat="47.283741" lon="10.626955">
      <ele>1651.66</ele>
      <time>2025-06-25T13:12:45Z</time>
    </rtept>
    <rtept lat="47.283869" lon="10.627191">
      <ele>1652.14</ele>
      <time>2025-06-25T13:12:46Z</time>
    </rtept>
    <rtept lat="47.283955" lon="10.627406">
      <ele>1654.54</ele>
      <time>2025-06-25T13:12:47Z</time>
    </rtept>
    <rtept lat="47.284041" lon="10.627663">
      <ele>1655.5</ele>
      <time>2025-06-25T13:12:48Z</time>
    </rtept>
    <rtept lat="47.284105" lon="10.628221">
      <ele>1660.31</ele>
      <time>2025-06-25T13:12:50Z</time>
    </rtept>
    <rtept lat="47.284105" lon="10.628543">
      <ele>1663.19</ele>
      <time>2025-06-25T13:12:51Z</time>
    </rtept>
    <rtept lat="47.284084" lon="10.628865">
      <ele>1666.08</ele>
      <time>2025-06-25T13:12:52Z</time>
    </rtept>
    <rtept lat="47.284084" lon="10.62938">
      <ele>1672.33</ele>
      <time>2025-06-25T13:12:54Z</time>
    </rtept>
    <rtept lat="47.284105" lon="10.629573">
      <ele>1672.33</ele>
      <time>2025-06-25T13:12:55Z</time>
    </rtept>
    <rtept lat="47.284127" lon="10.629766">
      <ele>1674.73</ele>
      <time>2025-06-25T13:12:56Z</time>
    </rtept>
    <rtept lat="47.284148" lon="10.629959">
      <ele>1677.13</ele>
      <time>2025-06-25T13:12:58Z</time>
    </rtept>
    <rtept lat="47.284105" lon="10.630002">
      <ele>1677.13</ele>
      <time>2025-06-25T13:12:59Z</time>
    </rtept>
    <rtept lat="47.284041" lon="10.630088">
      <ele>1677.61</ele>
      <time>2025-06-25T13:13:01Z</time>
    </rtept>
    <rtept lat="47.283912" lon="10.630045">
      <ele>1678.09</ele>
      <time>2025-06-25T13:13:02Z</time>
    </rtept>
    <rtept lat="47.283741" lon="10.629745">
      <ele>1679.06</ele>
      <time>2025-06-25T13:13:03Z</time>
    </rtept>
    <rtept lat="47.283612" lon="10.629552">
      <ele>1681.94</ele>
      <time>2025-06-25T13:13:04Z</time>
    </rtept>
    <rtept lat="47.283462" lon="10.629358">
      <ele>1683.86</ele>
      <time>2025-06-25T13:13:05Z</time>
    </rtept>
    <rtept lat="47.283311" lon="10.629165">
      <ele>1686.27</ele>
      <time>2025-06-25T13:13:06Z</time>
    </rtept>
    <rtept lat="47.283204" lon="10.629037">
      <ele>1687.71</ele>
      <time>2025-06-25T13:13:07Z</time>
    </rtept>
    <rtept lat="47.283118" lon="10.628758">
      <ele>1689.63</ele>
      <time>2025-06-25T13:13:08Z</time>
    </rtept>
    <rtept lat="47.283075" lon="10.628543">
      <ele>1690.59</ele>
      <time>2025-06-25T13:13:09Z</time>
    </rtept>
    <rtept lat="47.283032" lon="10.628436">
      <ele>1691.07</ele>
      <time>2025-06-25T13:13:10Z</time>
    </rtept>
    <rtept lat="47.283032" lon="10.628436">
      <ele>1693.48</ele>
      <time>2025-06-25T13:13:11Z</time>
    </rtept>
    <rtept lat="47.282925" lon="10.628371">
      <ele>1695.88</ele>
      <time>2025-06-25T13:13:12Z</time>
    </rtept>
    <rtept lat="47.282925" lon="10.628371">
      <ele>1695.88</ele>
      <time>2025-06-25T13:13:13Z</time>
    </rtept>
    <rtept lat="47.282925" lon="10.628371">
      <ele>1695.88</ele>
      <time>2025-06-25T13:13:14Z</time>
    </rtept>
    <rtept lat="47.282882" lon="10.628414">
      <ele>1692.51</ele>
      <time>2025-06-25T13:13:15Z</time>
    </rtept>
    <rtept lat="47.282861" lon="10.628543">
      <ele>1692.99</ele>
      <time>2025-06-25T13:13:16Z</time>
    </rtept>
    <rtept lat="47.282861" lon="10.628736">
      <ele>1695.88</ele>
      <time>2025-06-25T13:13:17Z</time>
    </rtept>
    <rtept lat="47.282882" lon="10.628972">
      <ele>1698.28</ele>
      <time>2025-06-25T13:13:18Z</time>
    </rtept>
    <rtept lat="47.282925" lon="10.629552">
      <ele>1704.53</ele>
      <time>2025-06-25T13:13:20Z</time>
    </rtept>
    <rtept lat="47.28299" lon="10.629809">
      <ele>1705.97</ele>
      <time>2025-06-25T13:13:21Z</time>
    </rtept>
    <rtept lat="47.283075" lon="10.630088">
      <ele>1708.86</ele>
      <time>2025-06-25T13:13:22Z</time>
    </rtept>
    <rtept lat="47.283183" lon="10.630646">
      <ele>1713.66</ele>
      <time>2025-06-25T13:13:24Z</time>
    </rtept>
    <rtept lat="47.283226" lon="10.630882">
      <ele>1715.1</ele>
      <time>2025-06-25T13:13:25Z</time>
    </rtept>
    <rtept lat="47.283269" lon="10.631118">
      <ele>1717.99</ele>
      <time>2025-06-25T13:13:26Z</time>
    </rtept>
    <rtept lat="47.283354" lon="10.631461">
      <ele>1722.31</ele>
      <time>2025-06-25T13:13:28Z</time>
    </rtept>
    <rtept lat="47.283419" lon="10.631633">
      <ele>1723.28</ele>
      <time>2025-06-25T13:13:29Z</time>
    </rtept>
    <rtept lat="47.283483" lon="10.631783">
      <ele>1725.2</ele>
      <time>2025-06-25T13:13:30Z</time>
    </rtept>
    <rtept lat="47.283526" lon="10.631933">
      <ele>1727.12</ele>
      <time>2025-06-25T13:13:31Z</time>
    </rtept>
    <rtept lat="47.283569" lon="10.632062">
      <ele>1729.52</ele>
      <time>2025-06-25T13:13:32Z</time>
    </rtept>
    <rtept lat="47.283547" lon="10.632234">
      <ele>1730.97</ele>
      <time>2025-06-25T13:13:33Z</time>
    </rtept>
    <rtept lat="47.283526" lon="10.632341">
      <ele>1730.97</ele>
      <time>2025-06-25T13:13:34Z</time>
    </rtept>
    <rtept lat="47.283462" lon="10.632491">
      <ele>1730.01</ele>
      <time>2025-06-25T13:13:35Z</time>
    </rtept>
    <rtept lat="47.283376" lon="10.63262">
      <ele>1731.45</ele>
      <time>2025-06-25T13:13:36Z</time>
    </rtept>
    <rtept lat="47.283311" lon="10.63277">
      <ele>1732.89</ele>
      <time>2025-06-25T13:13:37Z</time>
    </rtept>
    <rtept lat="47.283311" lon="10.63292">
      <ele>1731.93</ele>
      <time>2025-06-25T13:13:38Z</time>
    </rtept>
    <rtept lat="47.283333" lon="10.633135">
      <ele>1734.33</ele>
      <time>2025-06-25T13:13:39Z</time>
    </rtept>
    <rtept lat="47.283376" lon="10.63365">
      <ele>1740.58</ele>
      <time>2025-06-25T13:13:42Z</time>
    </rtept>
    <rtept lat="47.28344" lon="10.6338">
      <ele>1742.98</ele>
      <time>2025-06-25T13:13:43Z</time>
    </rtept>
    <rtept lat="47.283505" lon="10.633886">
      <ele>1744.91</ele>
      <time>2025-06-25T13:13:44Z</time>
    </rtept>
    <rtept lat="47.283569" lon="10.633993">
      <ele>1746.83</ele>
      <time>2025-06-25T13:13:45Z</time>
    </rtept>
    <rtept lat="47.283655" lon="10.634101">
      <ele>1748.27</ele>
      <time>2025-06-25T13:13:46Z</time>
    </rtept>
    <rtept lat="47.283719" lon="10.634186">
      <ele>1748.27</ele>
      <time>2025-06-25T13:13:47Z</time>
    </rtept>
    <rtept lat="47.283719" lon="10.634358">
      <ele>1750.67</ele>
      <time>2025-06-25T13:13:48Z</time>
    </rtept>
    <rtept lat="47.283719" lon="10.634508">
      <ele>1752.12</ele>
      <time>2025-06-25T13:13:49Z</time>
    </rtept>
    <rtept lat="47.283698" lon="10.634701">
      <ele>1756.92</ele>
      <time>2025-06-25T13:13:50Z</time>
    </rtept>
    <rtept lat="47.283698" lon="10.634894">
      <ele>1759.81</ele>
      <time>2025-06-25T13:13:51Z</time>
    </rtept>
    <rtept lat="47.283741" lon="10.635131">
      <ele>1760.29</ele>
      <time>2025-06-25T13:13:52Z</time>
    </rtept>
    <rtept lat="47.283784" lon="10.635345">
      <ele>1761.25</ele>
      <time>2025-06-25T13:13:53Z</time>
    </rtept>
    <rtept lat="47.284041" lon="10.636675">
      <ele>1774.23</ele>
      <time>2025-06-25T13:13:59Z</time>
    </rtept>
    <rtept lat="47.284127" lon="10.636933">
      <ele>1775.67</ele>
      <time>2025-06-25T13:14:00Z</time>
    </rtept>
    <rtept lat="47.284213" lon="10.637148">
      <ele>1777.59</ele>
      <time>2025-06-25T13:14:01Z</time>
    </rtept>
    <rtept lat="47.28447" lon="10.637899">
      <ele>1786.24</ele>
      <time>2025-06-25T13:14:05Z</time>
    </rtept>
    <rtept lat="47.284492" lon="10.638092">
      <ele>1788.65</ele>
      <time>2025-06-25T13:14:06Z</time>
    </rtept>
    <rtept lat="47.28447" lon="10.638306">
      <ele>1791.05</ele>
      <time>2025-06-25T13:14:07Z</time>
    </rtept>
    <rtept lat="47.284449" lon="10.638542">
      <ele>1791.53</ele>
      <time>2025-06-25T13:14:08Z</time>
    </rtept>
    <rtept lat="47.284449" lon="10.638671">
      <ele>1794.89</ele>
      <time>2025-06-25T13:14:09Z</time>
    </rtept>
    <rtept lat="47.28447" lon="10.638886">
      <ele>1797.3</ele>
      <time>2025-06-25T13:14:10Z</time>
    </rtept>
    <rtept lat="47.284535" lon="10.638993">
      <ele>1799.7</ele>
      <time>2025-06-25T13:14:11Z</time>
    </rtept>
    <rtept lat="47.284599" lon="10.6391">
      <ele>1801.62</ele>
      <time>2025-06-25T13:14:12Z</time>
    </rtept>
    <rtept lat="47.284685" lon="10.639165">
      <ele>1803.55</ele>
      <time>2025-06-25T13:14:13Z</time>
    </rtept>
    <rtept lat="47.284835" lon="10.639229">
      <ele>1806.91</ele>
      <time>2025-06-25T13:14:14Z</time>
    </rtept>
    <rtept lat="47.284985" lon="10.639315">
      <ele>1809.31</ele>
      <time>2025-06-25T13:14:15Z</time>
    </rtept>
    <rtept lat="47.285092" lon="10.639444">
      <ele>1809.31</ele>
      <time>2025-06-25T13:14:16Z</time>
    </rtept>
    <rtept lat="47.2852" lon="10.639594">
      <ele>1811.72</ele>
      <time>2025-06-25T13:14:17Z</time>
    </rtept>
    <rtept lat="47.285307" lon="10.639722">
      <ele>1810.76</ele>
      <time>2025-06-25T13:14:18Z</time>
    </rtept>
    <rtept lat="47.285457" lon="10.640152">
      <ele>1817.97</ele>
      <time>2025-06-25T13:14:21Z</time>
    </rtept>
    <rtept lat="47.285479" lon="10.640345">
      <ele>1819.41</ele>
      <time>2025-06-25T13:14:22Z</time>
    </rtept>
    <rtept lat="47.285522" lon="10.640581">
      <ele>1819.89</ele>
      <time>2025-06-25T13:14:23Z</time>
    </rtept>
    <rtept lat="47.285672" lon="10.640838">
      <ele>1820.85</ele>
      <time>2025-06-25T13:14:25Z</time>
    </rtept>
    <rtept lat="47.285758" lon="10.640967">
      <ele>1820.85</ele>
      <time>2025-06-25T13:14:26Z</time>
    </rtept>
    <rtept lat="47.285822" lon="10.64116">
      <ele>1823.25</ele>
      <time>2025-06-25T13:14:27Z</time>
    </rtept>
    <rtept lat="47.285886" lon="10.641375">
      <ele>1825.17</ele>
      <time>2025-06-25T13:14:28Z</time>
    </rtept>
    <rtept lat="47.285929" lon="10.641632">
      <ele>1827.1</ele>
      <time>2025-06-25T13:14:29Z</time>
    </rtept>
    <rtept lat="47.285972" lon="10.641933">
      <ele>1827.58</ele>
      <time>2025-06-25T13:14:30Z</time>
    </rtept>
    <rtept lat="47.286037" lon="10.642254">
      <ele>1828.06</ele>
      <time>2025-06-25T13:14:31Z</time>
    </rtept>
    <rtept lat="47.286208" lon="10.643048">
      <ele>1831.42</ele>
      <time>2025-06-25T13:14:34Z</time>
    </rtept>
    <rtept lat="47.286273" lon="10.643284">
      <ele>1832.87</ele>
      <time>2025-06-25T13:14:35Z</time>
    </rtept>
    <rtept lat="47.286423" lon="10.643714">
      <ele>1835.75</ele>
      <time>2025-06-25T13:14:37Z</time>
    </rtept>
    <rtept lat="47.286487" lon="10.64395">
      <ele>1837.19</ele>
      <time>2025-06-25T13:14:38Z</time>
    </rtept>
    <rtept lat="47.28653" lon="10.644186">
      <ele>1838.63</ele>
      <time>2025-06-25T13:14:39Z</time>
    </rtept>
    <rtept lat="47.286594" lon="10.644894">
      <ele>1842.96</ele>
      <time>2025-06-25T13:14:42Z</time>
    </rtept>
    <rtept lat="47.286594" lon="10.64513">
      <ele>1843.92</ele>
      <time>2025-06-25T13:14:43Z</time>
    </rtept>
    <rtept lat="47.286573" lon="10.647898">
      <ele>1854.98</ele>
      <time>2025-06-25T13:14:55Z</time>
    </rtept>
    <rtept lat="47.286637" lon="10.648091">
      <ele>1855.46</ele>
      <time>2025-06-25T13:14:56Z</time>
    </rtept>
    <rtept lat="47.286723" lon="10.648306">
      <ele>1857.38</ele>
      <time>2025-06-25T13:14:57Z</time>
    </rtept>
    <rtept lat="47.286788" lon="10.64852">
      <ele>1858.82</ele>
      <time>2025-06-25T13:14:58Z</time>
    </rtept>
    <rtept lat="47.286873" lon="10.648713">
      <ele>1860.26</ele>
      <time>2025-06-25T13:14:59Z</time>
    </rtept>
    <rtept lat="47.286938" lon="10.648928">
      <ele>1862.67</ele>
      <time>2025-06-25T13:15:00Z</time>
    </rtept>
    <rtept lat="47.287002" lon="10.649164">
      <ele>1864.59</ele>
      <time>2025-06-25T13:15:01Z</time>
    </rtept>
    <rtept lat="47.287131" lon="10.649872">
      <ele>1868.91</ele>
      <time>2025-06-25T13:15:04Z</time>
    </rtept>
    <rtept lat="47.287131" lon="10.650087">
      <ele>1872.28</ele>
      <time>2025-06-25T13:15:05Z</time>
    </rtept>
    <rtept lat="47.287195" lon="10.652039">
      <ele>1890.06</ele>
      <time>2025-06-25T13:15:14Z</time>
    </rtept>
    <rtept lat="47.287195" lon="10.653713">
      <ele>1897.75</ele>
      <time>2025-06-25T13:15:24Z</time>
    </rtept>
    <rtept lat="47.287174" lon="10.654786">
      <ele>1898.23</ele>
      <time>2025-06-25T13:15:30Z</time>
    </rtept>
    <rtept lat="47.287195" lon="10.654957">
      <ele>1898.23</ele>
      <time>2025-06-25T13:15:31Z</time>
    </rtept>
    <rtept lat="47.287238" lon="10.655065">
      <ele>1897.27</ele>
      <time>2025-06-25T13:15:32Z</time>
    </rtept>
    <rtept lat="47.287367" lon="10.655601">
      <ele>1895.35</ele>
      <time>2025-06-25T13:15:36Z</time>
    </rtept>
    <rtept lat="47.287388" lon="10.65573">
      <ele>1894.87</ele>
      <time>2025-06-25T13:15:37Z</time>
    </rtept>
    <rtept lat="47.287388" lon="10.65588">
      <ele>1895.35</ele>
      <time>2025-06-25T13:15:38Z</time>
    </rtept>
    <rtept lat="47.287367" lon="10.65603">
      <ele>1895.35</ele>
      <time>2025-06-25T13:15:39Z</time>
    </rtept>
    <rtept lat="47.287367" lon="10.656202">
      <ele>1895.35</ele>
      <time>2025-06-25T13:15:40Z</time>
    </rtept>
    <rtept lat="47.287388" lon="10.657618">
      <ele>1891.51</ele>
      <time>2025-06-25T13:15:48Z</time>
    </rtept>
    <rtept lat="47.287367" lon="10.657833">
      <ele>1890.54</ele>
      <time>2025-06-25T13:15:49Z</time>
    </rtept>
    <rtept lat="47.287345" lon="10.658047">
      <ele>1889.58</ele>
      <time>2025-06-25T13:15:50Z</time>
    </rtept>
    <rtept lat="47.287238" lon="10.658755">
      <ele>1888.14</ele>
      <time>2025-06-25T13:15:53Z</time>
    </rtept>
    <rtept lat="47.287281" lon="10.659034">
      <ele>1886.7</ele>
      <time>2025-06-25T13:15:54Z</time>
    </rtept>
    <rtept lat="47.287324" lon="10.659313">
      <ele>1886.22</ele>
      <time>2025-06-25T13:15:55Z</time>
    </rtept>
    <rtept lat="47.287474" lon="10.660472">
      <ele>1881.41</ele>
      <time>2025-06-25T13:15:59Z</time>
    </rtept>
    <rtept lat="47.287496" lon="10.660772">
      <ele>1879.97</ele>
      <time>2025-06-25T13:16:00Z</time>
    </rtept>
    <rtept lat="47.287517" lon="10.661094">
      <ele>1878.05</ele>
      <time>2025-06-25T13:16:01Z</time>
    </rtept>
    <rtept lat="47.28786" lon="10.663004">
      <ele>1869.88</ele>
      <time>2025-06-25T13:16:08Z</time>
    </rtept>
    <rtept lat="47.288268" lon="10.665579">
      <ele>1850.65</ele>
      <time>2025-06-25T13:16:18Z</time>
    </rtept>
    <rtept lat="47.28829" lon="10.665815">
      <ele>1849.21</ele>
      <time>2025-06-25T13:16:19Z</time>
    </rtept>
    <rtept lat="47.288268" lon="10.666051">
      <ele>1846.8</ele>
      <time>2025-06-25T13:16:20Z</time>
    </rtept>
    <rtept lat="47.288268" lon="10.666266">
      <ele>1844.88</ele>
      <time>2025-06-25T13:16:21Z</time>
    </rtept>
    <rtept lat="47.288204" lon="10.666845">
      <ele>1838.63</ele>
      <time>2025-06-25T13:16:24Z</time>
    </rtept>
    <rtept lat="47.288161" lon="10.666952">
      <ele>1837.67</ele>
      <time>2025-06-25T13:16:25Z</time>
    </rtept>
    <rtept lat="47.288032" lon="10.667124">
      <ele>1836.71</ele>
      <time>2025-06-25T13:16:26Z</time>
    </rtept>
    <rtept lat="47.287818" lon="10.667467">
      <ele>1834.31</ele>
      <time>2025-06-25T13:16:28Z</time>
    </rtept>
    <rtept lat="47.28771" lon="10.667682">
      <ele>1831.9</ele>
      <time>2025-06-25T13:16:29Z</time>
    </rtept>
    <rtept lat="47.287431" lon="10.668326">
      <ele>1826.62</ele>
      <time>2025-06-25T13:16:32Z</time>
    </rtept>
    <rtept lat="47.287303" lon="10.668476">
      <ele>1824.69</ele>
      <time>2025-06-25T13:16:33Z</time>
    </rtept>
    <rtept lat="47.287174" lon="10.668626">
      <ele>1824.21</ele>
      <time>2025-06-25T13:16:34Z</time>
    </rtept>
    <rtept lat="47.287045" lon="10.668776">
      <ele>1822.29</ele>
      <time>2025-06-25T13:16:35Z</time>
    </rtept>
    <rtept lat="47.286959" lon="10.668926">
      <ele>1823.25</ele>
      <time>2025-06-25T13:16:36Z</time>
    </rtept>
    <rtept lat="47.286895" lon="10.669098">
      <ele>1822.29</ele>
      <time>2025-06-25T13:16:37Z</time>
    </rtept>
    <rtept lat="47.286809" lon="10.669248">
      <ele>1821.81</ele>
      <time>2025-06-25T13:16:38Z</time>
    </rtept>
    <rtept lat="47.286788" lon="10.669377">
      <ele>1819.89</ele>
      <time>2025-06-25T13:16:39Z</time>
    </rtept>
    <rtept lat="47.286766" lon="10.669441">
      <ele>1818.45</ele>
      <time>2025-06-25T13:16:40Z</time>
    </rtept>
    <rtept lat="47.286809" lon="10.669549">
      <ele>1815.56</ele>
      <time>2025-06-25T13:16:41Z</time>
    </rtept>
    <rtept lat="47.286831" lon="10.669592">
      <ele>1813.64</ele>
      <time>2025-06-25T13:16:42Z</time>
    </rtept>
    <rtept lat="47.286981" lon="10.669549">
      <ele>1807.39</ele>
      <time>2025-06-25T13:16:44Z</time>
    </rtept>
    <rtept lat="47.287109" lon="10.66942">
      <ele>1807.87</ele>
      <time>2025-06-25T13:16:45Z</time>
    </rtept>
    <rtept lat="47.28726" lon="10.669334">
      <ele>1806.91</ele>
      <time>2025-06-25T13:16:46Z</time>
    </rtept>
    <rtept lat="47.287431" lon="10.669291">
      <ele>1804.99</ele>
      <time>2025-06-25T13:16:47Z</time>
    </rtept>
    <rtept lat="47.287603" lon="10.669227">
      <ele>1802.58</ele>
      <time>2025-06-25T13:16:48Z</time>
    </rtept>
    <rtept lat="47.287732" lon="10.66927">
      <ele>1800.66</ele>
      <time>2025-06-25T13:16:49Z</time>
    </rtept>
    <rtept lat="47.28786" lon="10.669313">
      <ele>1798.74</ele>
      <time>2025-06-25T13:16:50Z</time>
    </rtept>
    <rtept lat="47.287946" lon="10.669463">
      <ele>1795.37</ele>
      <time>2025-06-25T13:16:51Z</time>
    </rtept>
    <rtept lat="47.288075" lon="10.669656">
      <ele>1794.41</ele>
      <time>2025-06-25T13:16:52Z</time>
    </rtept>
    <rtept lat="47.288139" lon="10.669763">
      <ele>1792.97</ele>
      <time>2025-06-25T13:16:53Z</time>
    </rtept>
    <rtept lat="47.288161" lon="10.669956">
      <ele>1792.01</ele>
      <time>2025-06-25T13:16:54Z</time>
    </rtept>
    <rtept lat="47.288161" lon="10.670171">
      <ele>1791.53</ele>
      <time>2025-06-25T13:16:55Z</time>
    </rtept>
    <rtept lat="47.288118" lon="10.670428">
      <ele>1790.57</ele>
      <time>2025-06-25T13:16:56Z</time>
    </rtept>
    <rtept lat="47.288054" lon="10.670707">
      <ele>1789.61</ele>
      <time>2025-06-25T13:16:57Z</time>
    </rtept>
    <rtept lat="47.287946" lon="10.670943">
      <ele>1787.2</ele>
      <time>2025-06-25T13:16:58Z</time>
    </rtept>
    <rtept lat="47.28786" lon="10.671094">
      <ele>1786.24</ele>
      <time>2025-06-25T13:16:59Z</time>
    </rtept>
    <rtept lat="47.287689" lon="10.671308">
      <ele>1785.76</ele>
      <time>2025-06-25T13:17:00Z</time>
    </rtept>
    <rtept lat="47.287582" lon="10.671415">
      <ele>1784.8</ele>
      <time>2025-06-25T13:17:01Z</time>
    </rtept>
    <rtept lat="47.28756" lon="10.671544">
      <ele>1783.84</ele>
      <time>2025-06-25T13:17:02Z</time>
    </rtept>
    <rtept lat="47.287517" lon="10.671694">
      <ele>1779.51</ele>
      <time>2025-06-25T13:17:03Z</time>
    </rtept>
    <rtept lat="47.287539" lon="10.671952">
      <ele>1776.63</ele>
      <time>2025-06-25T13:17:04Z</time>
    </rtept>
    <rtept lat="47.28756" lon="10.672188">
      <ele>1774.71</ele>
      <time>2025-06-25T13:17:05Z</time>
    </rtept>
    <rtept lat="47.28756" lon="10.672403">
      <ele>1772.78</ele>
      <time>2025-06-25T13:17:06Z</time>
    </rtept>
    <rtept lat="47.287582" lon="10.672553">
      <ele>1770.86</ele>
      <time>2025-06-25T13:17:07Z</time>
    </rtept>
    <rtept lat="47.287517" lon="10.672767">
      <ele>1768.46</ele>
      <time>2025-06-25T13:17:08Z</time>
    </rtept>
    <rtept lat="47.287431" lon="10.673003">
      <ele>1766.53</ele>
      <time>2025-06-25T13:17:09Z</time>
    </rtept>
    <rtept lat="47.287388" lon="10.673261">
      <ele>1763.65</ele>
      <time>2025-06-25T13:17:10Z</time>
    </rtept>
    <rtept lat="47.287367" lon="10.673518">
      <ele>1761.25</ele>
      <time>2025-06-25T13:17:11Z</time>
    </rtept>
    <rtept lat="47.287388" lon="10.67384">
      <ele>1759.33</ele>
      <time>2025-06-25T13:17:12Z</time>
    </rtept>
    <rtept lat="47.287388" lon="10.674183">
      <ele>1756.92</ele>
      <time>2025-06-25T13:17:13Z</time>
    </rtept>
    <rtept lat="47.28741" lon="10.674527">
      <ele>1754.52</ele>
      <time>2025-06-25T13:17:14Z</time>
    </rtept>
    <rtept lat="47.28741" lon="10.674892">
      <ele>1753.08</ele>
      <time>2025-06-25T13:17:15Z</time>
    </rtept>
    <rtept lat="47.287345" lon="10.677316">
      <ele>1733.85</ele>
      <time>2025-06-25T13:17:23Z</time>
    </rtept>
    <rtept lat="47.287367" lon="10.677574">
      <ele>1730.97</ele>
      <time>2025-06-25T13:17:24Z</time>
    </rtept>
    <rtept lat="47.28741" lon="10.677788">
      <ele>1727.12</ele>
      <time>2025-06-25T13:17:25Z</time>
    </rtept>
    <rtept lat="47.287474" lon="10.678024">
      <ele>1725.2</ele>
      <time>2025-06-25T13:17:26Z</time>
    </rtept>
    <rtept lat="47.287775" lon="10.678904">
      <ele>1720.87</ele>
      <time>2025-06-25T13:17:30Z</time>
    </rtept>
    <rtept lat="47.287903" lon="10.679076">
      <ele>1718.95</ele>
      <time>2025-06-25T13:17:31Z</time>
    </rtept>
    <rtept lat="47.288097" lon="10.679462">
      <ele>1715.59</ele>
      <time>2025-06-25T13:17:33Z</time>
    </rtept>
    <rtept lat="47.288097" lon="10.679827">
      <ele>1712.22</ele>
      <time>2025-06-25T13:17:35Z</time>
    </rtept>
    <rtept lat="47.288118" lon="10.680256">
      <ele>1708.38</ele>
      <time>2025-06-25T13:17:37Z</time>
    </rtept>
    <rtept lat="47.288161" lon="10.680449">
      <ele>1707.9</ele>
      <time>2025-06-25T13:17:38Z</time>
    </rtept>
    <rtept lat="47.288268" lon="10.680578">
      <ele>1705.97</ele>
      <time>2025-06-25T13:17:39Z</time>
    </rtept>
    <rtept lat="47.288375" lon="10.680728">
      <ele>1704.05</ele>
      <time>2025-06-25T13:17:40Z</time>
    </rtept>
    <rtept lat="47.288547" lon="10.680857">
      <ele>1701.65</ele>
      <time>2025-06-25T13:17:41Z</time>
    </rtept>
    <rtept lat="47.288719" lon="10.681007">
      <ele>1699.24</ele>
      <time>2025-06-25T13:17:42Z</time>
    </rtept>
    <rtept lat="47.288848" lon="10.681179">
      <ele>1697.32</ele>
      <time>2025-06-25T13:17:43Z</time>
    </rtept>
    <rtept lat="47.288955" lon="10.681372">
      <ele>1695.88</ele>
      <time>2025-06-25T13:17:44Z</time>
    </rtept>
    <rtept lat="47.289041" lon="10.681586">
      <ele>1694.44</ele>
      <time>2025-06-25T13:17:45Z</time>
    </rtept>
    <rtept lat="47.289126" lon="10.681844">
      <ele>1692.03</ele>
      <time>2025-06-25T13:17:46Z</time>
    </rtept>
    <rtept lat="47.289169" lon="10.682101">
      <ele>1690.11</ele>
      <time>2025-06-25T13:17:47Z</time>
    </rtept>
    <rtept lat="47.289212" lon="10.68238">
      <ele>1688.19</ele>
      <time>2025-06-25T13:17:48Z</time>
    </rtept>
    <rtept lat="47.289212" lon="10.682638">
      <ele>1686.27</ele>
      <time>2025-06-25T13:17:49Z</time>
    </rtept>
    <rtept lat="47.289169" lon="10.68296">
      <ele>1684.34</ele>
      <time>2025-06-25T13:17:50Z</time>
    </rtept>
    <rtept lat="47.289148" lon="10.68326">
      <ele>1678.57</ele>
      <time>2025-06-25T13:17:51Z</time>
    </rtept>
    <rtept lat="47.289126" lon="10.683582">
      <ele>1675.21</ele>
      <time>2025-06-25T13:17:52Z</time>
    </rtept>
    <rtept lat="47.289148" lon="10.683904">
      <ele>1672.81</ele>
      <time>2025-06-25T13:17:53Z</time>
    </rtept>
    <rtept lat="47.289169" lon="10.684226">
      <ele>1670.4</ele>
      <time>2025-06-25T13:17:54Z</time>
    </rtept>
    <rtept lat="47.289513" lon="10.686886">
      <ele>1647.33</ele>
      <time>2025-06-25T13:18:03Z</time>
    </rtept>
    <rtept lat="47.289641" lon="10.68753">
      <ele>1642.53</ele>
      <time>2025-06-25T13:18:06Z</time>
    </rtept>
    <rtept lat="47.289663" lon="10.687766">
      <ele>1641.08</ele>
      <time>2025-06-25T13:18:07Z</time>
    </rtept>
    <rtept lat="47.289835" lon="10.689139">
      <ele>1629.55</ele>
      <time>2025-06-25T13:18:13Z</time>
    </rtept>
    <rtept lat="47.289813" lon="10.689376">
      <ele>1628.59</ele>
      <time>2025-06-25T13:18:14Z</time>
    </rtept>
    <rtept lat="47.28977" lon="10.689848">
      <ele>1623.78</ele>
      <time>2025-06-25T13:18:16Z</time>
    </rtept>
    <rtept lat="47.289792" lon="10.690084">
      <ele>1622.34</ele>
      <time>2025-06-25T13:18:17Z</time>
    </rtept>
    <rtept lat="47.289792" lon="10.690341">
      <ele>1621.38</ele>
      <time>2025-06-25T13:18:18Z</time>
    </rtept>
    <rtept lat="47.289856" lon="10.691071">
      <ele>1615.61</ele>
      <time>2025-06-25T13:18:21Z</time>
    </rtept>
    <rtept lat="47.289835" lon="10.691307">
      <ele>1614.17</ele>
      <time>2025-06-25T13:18:22Z</time>
    </rtept>
    <rtept lat="47.289813" lon="10.691564">
      <ele>1613.21</ele>
      <time>2025-06-25T13:18:23Z</time>
    </rtept>
    <rtept lat="47.289556" lon="10.692766">
      <ele>1603.59</ele>
      <time>2025-06-25T13:18:28Z</time>
    </rtept>
    <rtept lat="47.289255" lon="10.693817">
      <ele>1601.67</ele>
      <time>2025-06-25T13:18:33Z</time>
    </rtept>
    <rtept lat="47.289212" lon="10.69401">
      <ele>1601.19</ele>
      <time>2025-06-25T13:18:34Z</time>
    </rtept>
    <rtept lat="47.289191" lon="10.694225">
      <ele>1600.71</ele>
      <time>2025-06-25T13:18:35Z</time>
    </rtept>
    <rtept lat="47.289191" lon="10.69444">
      <ele>1600.71</ele>
      <time>2025-06-25T13:18:36Z</time>
    </rtept>
    <rtept lat="47.289212" lon="10.694676">
      <ele>1600.23</ele>
      <time>2025-06-25T13:18:37Z</time>
    </rtept>
    <rtept lat="47.289234" lon="10.694912">
      <ele>1599.75</ele>
      <time>2025-06-25T13:18:38Z</time>
    </rtept>
    <rtept lat="47.289191" lon="10.695577">
      <ele>1600.23</ele>
      <time>2025-06-25T13:18:41Z</time>
    </rtept>
    <rtept lat="47.289169" lon="10.695791">
      <ele>1600.23</ele>
      <time>2025-06-25T13:18:42Z</time>
    </rtept>
    <rtept lat="47.289084" lon="10.696221">
      <ele>1600.23</ele>
      <time>2025-06-25T13:18:44Z</time>
    </rtept>
    <rtept lat="47.289019" lon="10.696392">
      <ele>1599.75</ele>
      <time>2025-06-25T13:18:45Z</time>
    </rtept>
    <rtept lat="47.288933" lon="10.696585">
      <ele>1599.75</ele>
      <time>2025-06-25T13:18:46Z</time>
    </rtept>
    <rtept lat="47.288848" lon="10.696778">
      <ele>1599.75</ele>
      <time>2025-06-25T13:18:47Z</time>
    </rtept>
    <rtept lat="47.28874" lon="10.696972">
      <ele>1600.71</ele>
      <time>2025-06-25T13:18:48Z</time>
    </rtept>
    <rtept lat="47.288611" lon="10.697143">
      <ele>1601.19</ele>
      <time>2025-06-25T13:18:49Z</time>
    </rtept>
    <rtept lat="47.288483" lon="10.697293">
      <ele>1602.15</ele>
      <time>2025-06-25T13:18:50Z</time>
    </rtept>
    <rtept lat="47.288354" lon="10.697487">
      <ele>1603.59</ele>
      <time>2025-06-25T13:18:51Z</time>
    </rtept>
    <rtept lat="47.287582" lon="10.698323">
      <ele>1608.4</ele>
      <time>2025-06-25T13:18:57Z</time>
    </rtept>
    <rtept lat="47.286616" lon="10.698967">
      <ele>1608.88</ele>
      <time>2025-06-25T13:19:06Z</time>
    </rtept>
    <rtept lat="47.286552" lon="10.699074">
      <ele>1608.4</ele>
      <time>2025-06-25T13:19:07Z</time>
    </rtept>
    <rtept lat="47.286487" lon="10.699203">
      <ele>1607.44</ele>
      <time>2025-06-25T13:19:08Z</time>
    </rtept>
    <rtept lat="47.286444" lon="10.69931">
      <ele>1607.92</ele>
      <time>2025-06-25T13:19:09Z</time>
    </rtept>
    <rtept lat="47.286294" lon="10.699461">
      <ele>1607.44</ele>
      <time>2025-06-25T13:19:10Z</time>
    </rtept>
    <rtept lat="47.286251" lon="10.699525">
      <ele>1606.96</ele>
      <time>2025-06-25T13:19:11Z</time>
    </rtept>
    <rtept lat="47.286187" lon="10.699611">
      <ele>1606.48</ele>
      <time>2025-06-25T13:19:12Z</time>
    </rtept>
    <rtept lat="47.286144" lon="10.699697">
      <ele>1605.52</ele>
      <time>2025-06-25T13:19:13Z</time>
    </rtept>
    <rtept lat="47.286122" lon="10.699782">
      <ele>1604.55</ele>
      <time>2025-06-25T13:19:14Z</time>
    </rtept>
    <rtept lat="47.286101" lon="10.699868">
      <ele>1604.55</ele>
      <time>2025-06-25T13:19:15Z</time>
    </rtept>
    <rtept lat="47.286079" lon="10.699954">
      <ele>1605.03</ele>
      <time>2025-06-25T13:19:16Z</time>
    </rtept>
    <rtept lat="47.286015" lon="10.700061">
      <ele>1604.55</ele>
      <time>2025-06-25T13:19:17Z</time>
    </rtept>
    <rtept lat="47.285972" lon="10.700169">
      <ele>1604.07</ele>
      <time>2025-06-25T13:19:18Z</time>
    </rtept>
    <rtept lat="47.285908" lon="10.700276">
      <ele>1604.55</ele>
      <time>2025-06-25T13:19:19Z</time>
    </rtept>
    <rtept lat="47.285843" lon="10.70034">
      <ele>1604.07</ele>
      <time>2025-06-25T13:19:20Z</time>
    </rtept>
    <rtept lat="47.285758" lon="10.700426">
      <ele>1603.59</ele>
      <time>2025-06-25T13:19:21Z</time>
    </rtept>
    <rtept lat="47.285672" lon="10.700491">
      <ele>1604.07</ele>
      <time>2025-06-25T13:19:22Z</time>
    </rtept>
    <rtept lat="47.285607" lon="10.700555">
      <ele>1603.59</ele>
      <time>2025-06-25T13:19:23Z</time>
    </rtept>
    <rtept lat="47.285522" lon="10.70077">
      <ele>1600.71</ele>
      <time>2025-06-25T13:19:25Z</time>
    </rtept>
    <rtept lat="47.285479" lon="10.700898">
      <ele>1600.23</ele>
      <time>2025-06-25T13:19:26Z</time>
    </rtept>
    <rtept lat="47.285393" lon="10.701006">
      <ele>1600.23</ele>
      <time>2025-06-25T13:19:27Z</time>
    </rtept>
    <rtept lat="47.285307" lon="10.701113">
      <ele>1599.75</ele>
      <time>2025-06-25T13:19:28Z</time>
    </rtept>
    <rtept lat="47.285221" lon="10.701242">
      <ele>1598.31</ele>
      <time>2025-06-25T13:19:29Z</time>
    </rtept>
    <rtept lat="47.284899" lon="10.701649">
      <ele>1598.79</ele>
      <time>2025-06-25T13:19:32Z</time>
    </rtept>
    <rtept lat="47.284835" lon="10.701821">
      <ele>1598.31</ele>
      <time>2025-06-25T13:19:33Z</time>
    </rtept>
    <rtept lat="47.284771" lon="10.701971">
      <ele>1595.9</ele>
      <time>2025-06-25T13:19:34Z</time>
    </rtept>
    <rtept lat="47.284577" lon="10.702379">
      <ele>1591.1</ele>
      <time>2025-06-25T13:19:37Z</time>
    </rtept>
    <rtept lat="47.284492" lon="10.7024">
      <ele>1591.1</ele>
      <time>2025-06-25T13:19:38Z</time>
    </rtept>
    <rtept lat="47.284406" lon="10.702422">
      <ele>1591.58</ele>
      <time>2025-06-25T13:19:39Z</time>
    </rtept>
    <rtept lat="47.28432" lon="10.702443">
      <ele>1593.02</ele>
      <time>2025-06-25T13:19:40Z</time>
    </rtept>
    <rtept lat="47.284256" lon="10.702465">
      <ele>1593.02</ele>
      <time>2025-06-25T13:19:41Z</time>
    </rtept>
    <rtept lat="47.284213" lon="10.702529">
      <ele>1592.54</ele>
      <time>2025-06-25T13:19:42Z</time>
    </rtept>
    <rtept lat="47.284213" lon="10.702529">
      <ele>1592.06</ele>
      <time>2025-06-25T13:19:43Z</time>
    </rtept>
    <rtept lat="47.284191" lon="10.702701">
      <ele>1590.61</ele>
      <time>2025-06-25T13:19:44Z</time>
    </rtept>
    <rtept lat="47.284234" lon="10.702894">
      <ele>1592.06</ele>
      <time>2025-06-25T13:19:45Z</time>
    </rtept>
    <rtept lat="47.284256" lon="10.703023">
      <ele>1591.58</ele>
      <time>2025-06-25T13:19:46Z</time>
    </rtept>
    <rtept lat="47.284277" lon="10.703151">
      <ele>1589.65</ele>
      <time>2025-06-25T13:19:47Z</time>
    </rtept>
    <rtept lat="47.284256" lon="10.703259">
      <ele>1587.25</ele>
      <time>2025-06-25T13:19:48Z</time>
    </rtept>
    <rtept lat="47.284213" lon="10.703387">
      <ele>1584.85</ele>
      <time>2025-06-25T13:19:49Z</time>
    </rtept>
    <rtept lat="47.284191" lon="10.703538">
      <ele>1582.44</ele>
      <time>2025-06-25T13:19:50Z</time>
    </rtept>
    <rtept lat="47.28417" lon="10.703645">
      <ele>1580.04</ele>
      <time>2025-06-25T13:19:51Z</time>
    </rtept>
    <rtept lat="47.284084" lon="10.703731">
      <ele>1579.08</ele>
      <time>2025-06-25T13:19:52Z</time>
    </rtept>
    <rtept lat="47.283998" lon="10.703817">
      <ele>1577.64</ele>
      <time>2025-06-25T13:19:53Z</time>
    </rtept>
    <rtept lat="47.283912" lon="10.703902">
      <ele>1577.16</ele>
      <time>2025-06-25T13:19:54Z</time>
    </rtept>
    <rtept lat="47.283891" lon="10.703945">
      <ele>1578.12</ele>
      <time>2025-06-25T13:19:55Z</time>
    </rtept>
    <rtept lat="47.283848" lon="10.704181">
      <ele>1577.16</ele>
      <time>2025-06-25T13:19:56Z</time>
    </rtept>
    <rtept lat="47.283826" lon="10.704374">
      <ele>1575.23</ele>
      <time>2025-06-25T13:19:57Z</time>
    </rtept>
    <rtept lat="47.283784" lon="10.70461">
      <ele>1571.87</ele>
      <time>2025-06-25T13:19:58Z</time>
    </rtept>
    <rtept lat="47.283741" lon="10.704804">
      <ele>1569.47</ele>
      <time>2025-06-25T13:19:59Z</time>
    </rtept>
    <rtept lat="47.283676" lon="10.70504">
      <ele>1567.54</ele>
      <time>2025-06-25T13:20:00Z</time>
    </rtept>
    <rtept lat="47.283569" lon="10.705469">
      <ele>1560.81</ele>
      <time>2025-06-25T13:20:02Z</time>
    </rtept>
    <rtept lat="47.283547" lon="10.70564">
      <ele>1558.89</ele>
      <time>2025-06-25T13:20:03Z</time>
    </rtept>
    <rtept lat="47.283483" lon="10.705791">
      <ele>1557.45</ele>
      <time>2025-06-25T13:20:04Z</time>
    </rtept>
    <rtept lat="47.283419" lon="10.705919">
      <ele>1555.05</ele>
      <time>2025-06-25T13:20:05Z</time>
    </rtept>
    <rtept lat="47.283333" lon="10.706048">
      <ele>1555.05</ele>
      <time>2025-06-25T13:20:06Z</time>
    </rtept>
    <rtept lat="47.283269" lon="10.706198">
      <ele>1556.01</ele>
      <time>2025-06-25T13:20:07Z</time>
    </rtept>
    <rtept lat="47.283247" lon="10.70637">
      <ele>1553.6</ele>
      <time>2025-06-25T13:20:08Z</time>
    </rtept>
    <rtept lat="47.283204" lon="10.706542">
      <ele>1552.16</ele>
      <time>2025-06-25T13:20:09Z</time>
    </rtept>
    <rtept lat="47.283161" lon="10.706713">
      <ele>1551.2</ele>
      <time>2025-06-25T13:20:10Z</time>
    </rtept>
    <rtept lat="47.283097" lon="10.706842">
      <ele>1551.2</ele>
      <time>2025-06-25T13:20:11Z</time>
    </rtept>
    <rtept lat="47.283075" lon="10.706885">
      <ele>1550.24</ele>
      <time>2025-06-25T13:20:12Z</time>
    </rtept>
    <rtept lat="47.282925" lon="10.706971">
      <ele>1550.24</ele>
      <time>2025-06-25T13:20:13Z</time>
    </rtept>
    <rtept lat="47.282754" lon="10.706885">
      <ele>1551.2</ele>
      <time>2025-06-25T13:20:14Z</time>
    </rtept>
    <rtept lat="47.282625" lon="10.706799">
      <ele>1550.24</ele>
      <time>2025-06-25T13:20:15Z</time>
    </rtept>
    <rtept lat="47.282367" lon="10.706778">
      <ele>1545.43</ele>
      <time>2025-06-25T13:20:17Z</time>
    </rtept>
    <rtept lat="47.282217" lon="10.706885">
      <ele>1545.43</ele>
      <time>2025-06-25T13:20:18Z</time>
    </rtept>
    <rtept lat="47.282024" lon="10.707035">
      <ele>1551.2</ele>
      <time>2025-06-25T13:20:19Z</time>
    </rtept>
    <rtept lat="47.281831" lon="10.707185">
      <ele>1549.76</ele>
      <time>2025-06-25T13:20:20Z</time>
    </rtept>
    <rtept lat="47.281638" lon="10.707293">
      <ele>1548.32</ele>
      <time>2025-06-25T13:20:21Z</time>
    </rtept>
    <rtept lat="47.281445" lon="10.7074">
      <ele>1548.32</ele>
      <time>2025-06-25T13:20:22Z</time>
    </rtept>
    <rtept lat="47.281273" lon="10.707486">
      <ele>1547.36</ele>
      <time>2025-06-25T13:20:23Z</time>
    </rtept>
    <rtept lat="47.280908" lon="10.707765">
      <ele>1541.11</ele>
      <time>2025-06-25T13:20:26Z</time>
    </rtept>
    <rtept lat="47.280779" lon="10.708087">
      <ele>1534.86</ele>
      <time>2025-06-25T13:20:28Z</time>
    </rtept>
    <rtept lat="47.280737" lon="10.708344">
      <ele>1533.9</ele>
      <time>2025-06-25T13:20:29Z</time>
    </rtept>
    <rtept lat="47.280522" lon="10.709846">
      <ele>1527.17</ele>
      <time>2025-06-25T13:20:35Z</time>
    </rtept>
    <rtept lat="47.280586" lon="10.709996">
      <ele>1525.73</ele>
      <time>2025-06-25T13:20:36Z</time>
    </rtept>
    <rtept lat="47.280629" lon="10.710168">
      <ele>1525.25</ele>
      <time>2025-06-25T13:20:37Z</time>
    </rtept>
    <rtept lat="47.280715" lon="10.710383">
      <ele>1523.32</ele>
      <time>2025-06-25T13:20:38Z</time>
    </rtept>
    <rtept lat="47.280801" lon="10.710597">
      <ele>1520.92</ele>
      <time>2025-06-25T13:20:39Z</time>
    </rtept>
    <rtept lat="47.280973" lon="10.711155">
      <ele>1514.19</ele>
      <time>2025-06-25T13:20:41Z</time>
    </rtept>
    <rtept lat="47.28108" lon="10.71197">
      <ele>1510.83</ele>
      <time>2025-06-25T13:20:44Z</time>
    </rtept>
    <rtept lat="47.281187" lon="10.712335">
      <ele>1504.1</ele>
      <time>2025-06-25T13:20:46Z</time>
    </rtept>
    <rtept lat="47.28123" lon="10.712485">
      <ele>1500.73</ele>
      <time>2025-06-25T13:20:47Z</time>
    </rtept>
    <rtept lat="47.281252" lon="10.712786">
      <ele>1497.37</ele>
      <time>2025-06-25T13:20:48Z</time>
    </rtept>
    <rtept lat="47.281294" lon="10.713022">
      <ele>1493.52</ele>
      <time>2025-06-25T13:20:49Z</time>
    </rtept>
    <rtept lat="47.281316" lon="10.713279">
      <ele>1491.6</ele>
      <time>2025-06-25T13:20:50Z</time>
    </rtept>
    <rtept lat="47.281294" lon="10.713537">
      <ele>1491.12</ele>
      <time>2025-06-25T13:20:51Z</time>
    </rtept>
    <rtept lat="47.281273" lon="10.713816">
      <ele>1489.68</ele>
      <time>2025-06-25T13:20:52Z</time>
    </rtept>
    <rtept lat="47.281252" lon="10.714073">
      <ele>1487.75</ele>
      <time>2025-06-25T13:20:53Z</time>
    </rtept>
    <rtept lat="47.28123" lon="10.714331">
      <ele>1486.31</ele>
      <time>2025-06-25T13:20:54Z</time>
    </rtept>
    <rtept lat="47.281209" lon="10.714567">
      <ele>1485.35</ele>
      <time>2025-06-25T13:20:55Z</time>
    </rtept>
    <rtept lat="47.281187" lon="10.714803">
      <ele>1482.95</ele>
      <time>2025-06-25T13:20:56Z</time>
    </rtept>
    <rtept lat="47.280951" lon="10.716219">
      <ele>1471.89</ele>
      <time>2025-06-25T13:21:03Z</time>
    </rtept>
    <rtept lat="47.280822" lon="10.716584">
      <ele>1470.93</ele>
      <time>2025-06-25T13:21:07Z</time>
    </rtept>
    <rtept lat="47.280672" lon="10.71667">
      <ele>1472.85</ele>
      <time>2025-06-25T13:21:08Z</time>
    </rtept>
    <rtept lat="47.280608" lon="10.716713">
      <ele>1472.37</ele>
      <time>2025-06-25T13:21:09Z</time>
    </rtept>
    <rtept lat="47.280565" lon="10.716777">
      <ele>1471.41</ele>
      <time>2025-06-25T13:21:10Z</time>
    </rtept>
    <rtept lat="47.280522" lon="10.716841">
      <ele>1471.41</ele>
      <time>2025-06-25T13:21:11Z</time>
    </rtept>
    <rtept lat="47.280522" lon="10.716841">
      <ele>1470.45</ele>
      <time>2025-06-25T13:21:12Z</time>
    </rtept>
    <rtept lat="47.280543" lon="10.716927">
      <ele>1468.53</ele>
      <time>2025-06-25T13:21:13Z</time>
    </rtept>
    <rtept lat="47.280565" lon="10.717013">
      <ele>1466.61</ele>
      <time>2025-06-25T13:21:14Z</time>
    </rtept>
    <rtept lat="47.280586" lon="10.71712">
      <ele>1463.24</ele>
      <time>2025-06-25T13:21:15Z</time>
    </rtept>
    <rtept lat="47.280608" lon="10.717185">
      <ele>1462.76</ele>
      <time>2025-06-25T13:21:16Z</time>
    </rtept>
    <rtept lat="47.280694" lon="10.717292">
      <ele>1461.8</ele>
      <time>2025-06-25T13:21:17Z</time>
    </rtept>
    <rtept lat="47.280801" lon="10.717399">
      <ele>1464.68</ele>
      <time>2025-06-25T13:21:18Z</time>
    </rtept>
    <rtept lat="47.280887" lon="10.717485">
      <ele>1463.72</ele>
      <time>2025-06-25T13:21:19Z</time>
    </rtept>
    <rtept lat="47.280973" lon="10.717592">
      <ele>1462.76</ele>
      <time>2025-06-25T13:21:20Z</time>
    </rtept>
    <rtept lat="47.280994" lon="10.717614">
      <ele>1461.32</ele>
      <time>2025-06-25T13:21:21Z</time>
    </rtept>
    <rtept lat="47.281037" lon="10.71785">
      <ele>1458.43</ele>
      <time>2025-06-25T13:21:22Z</time>
    </rtept>
    <rtept lat="47.281058" lon="10.717979">
      <ele>1453.15</ele>
      <time>2025-06-25T13:21:23Z</time>
    </rtept>
    <rtept lat="47.281037" lon="10.718129">
      <ele>1449.3</ele>
      <time>2025-06-25T13:21:24Z</time>
    </rtept>
    <rtept lat="47.281015" lon="10.718279">
      <ele>1446.42</ele>
      <time>2025-06-25T13:21:25Z</time>
    </rtept>
    <rtept lat="47.281015" lon="10.718429">
      <ele>1445.46</ele>
      <time>2025-06-25T13:21:26Z</time>
    </rtept>
    <rtept lat="47.281015" lon="10.718708">
      <ele>1443.05</ele>
      <time>2025-06-25T13:21:28Z</time>
    </rtept>
    <rtept lat="47.281037" lon="10.718815">
      <ele>1441.61</ele>
      <time>2025-06-25T13:21:29Z</time>
    </rtept>
    <rtept lat="47.28108" lon="10.719073">
      <ele>1441.61</ele>
      <time>2025-06-25T13:21:31Z</time>
    </rtept>
    <rtept lat="47.28108" lon="10.719223">
      <ele>1439.69</ele>
      <time>2025-06-25T13:21:32Z</time>
    </rtept>
    <rtept lat="47.281058" lon="10.719373">
      <ele>1438.73</ele>
      <time>2025-06-25T13:21:33Z</time>
    </rtept>
    <rtept lat="47.280844" lon="10.720918">
      <ele>1422.87</ele>
      <time>2025-06-25T13:21:43Z</time>
    </rtept>
    <rtept lat="47.280801" lon="10.721154">
      <ele>1422.87</ele>
      <time>2025-06-25T13:21:45Z</time>
    </rtept>
    <rtept lat="47.280822" lon="10.721262">
      <ele>1423.83</ele>
      <time>2025-06-25T13:21:46Z</time>
    </rtept>
    <rtept lat="47.280865" lon="10.721347">
      <ele>1422.39</ele>
      <time>2025-06-25T13:21:47Z</time>
    </rtept>
    <rtept lat="47.280887" lon="10.721455">
      <ele>1419.98</ele>
      <time>2025-06-25T13:21:48Z</time>
    </rtept>
    <rtept lat="47.28093" lon="10.721583">
      <ele>1418.06</ele>
      <time>2025-06-25T13:21:49Z</time>
    </rtept>
    <rtept lat="47.280951" lon="10.721712">
      <ele>1417.1</ele>
      <time>2025-06-25T13:21:50Z</time>
    </rtept>
    <rtept lat="47.280951" lon="10.721862">
      <ele>1416.62</ele>
      <time>2025-06-25T13:21:51Z</time>
    </rtept>
    <rtept lat="47.280951" lon="10.722013">
      <ele>1414.7</ele>
      <time>2025-06-25T13:21:52Z</time>
    </rtept>
    <rtept lat="47.280973" lon="10.722163">
      <ele>1413.25</ele>
      <time>2025-06-25T13:21:53Z</time>
    </rtept>
    <rtept lat="47.280973" lon="10.722313">
      <ele>1412.77</ele>
      <time>2025-06-25T13:21:54Z</time>
    </rtept>
    <rtept lat="47.280994" lon="10.722463">
      <ele>1410.85</ele>
      <time>2025-06-25T13:21:55Z</time>
    </rtept>
    <rtept lat="47.281058" lon="10.722635">
      <ele>1408.93</ele>
      <time>2025-06-25T13:21:56Z</time>
    </rtept>
    <rtept lat="47.281144" lon="10.722957">
      <ele>1405.08</ele>
      <time>2025-06-25T13:21:58Z</time>
    </rtept>
    <rtept lat="47.281187" lon="10.723128">
      <ele>1403.64</ele>
      <time>2025-06-25T13:21:59Z</time>
    </rtept>
    <rtept lat="47.281638" lon="10.725231">
      <ele>1384.41</ele>
      <time>2025-06-25T13:22:11Z</time>
    </rtept>
    <rtept lat="47.282324" lon="10.726755">
      <ele>1368.55</ele>
      <time>2025-06-25T13:22:20Z</time>
    </rtept>
    <rtept lat="47.282432" lon="10.726926">
      <ele>1367.11</ele>
      <time>2025-06-25T13:22:21Z</time>
    </rtept>
    <rtept lat="47.282625" lon="10.727248">
      <ele>1363.26</ele>
      <time>2025-06-25T13:22:23Z</time>
    </rtept>
    <rtept lat="47.282711" lon="10.727635">
      <ele>1360.38</ele>
      <time>2025-06-25T13:22:25Z</time>
    </rtept>
    <rtept lat="47.282775" lon="10.727828">
      <ele>1358.94</ele>
      <time>2025-06-25T13:22:26Z</time>
    </rtept>
    <rtept lat="47.282818" lon="10.727999">
      <ele>1357.5</ele>
      <time>2025-06-25T13:22:27Z</time>
    </rtept>
    <rtept lat="47.282861" lon="10.72815">
      <ele>1356.54</ele>
      <time>2025-06-25T13:22:28Z</time>
    </rtept>
    <rtept lat="47.282925" lon="10.728278">
      <ele>1355.57</ele>
      <time>2025-06-25T13:22:29Z</time>
    </rtept>
    <rtept lat="47.283011" lon="10.728364">
      <ele>1354.13</ele>
      <time>2025-06-25T13:22:30Z</time>
    </rtept>
    <rtept lat="47.283075" lon="10.728471">
      <ele>1353.65</ele>
      <time>2025-06-25T13:22:31Z</time>
    </rtept>
    <rtept lat="47.283161" lon="10.728579">
      <ele>1352.69</ele>
      <time>2025-06-25T13:22:32Z</time>
    </rtept>
    <rtept lat="47.283483" lon="10.729072">
      <ele>1350.29</ele>
      <time>2025-06-25T13:22:37Z</time>
    </rtept>
    <rtept lat="47.283505" lon="10.729222">
      <ele>1348.85</ele>
      <time>2025-06-25T13:22:38Z</time>
    </rtept>
    <rtept lat="47.283547" lon="10.729373">
      <ele>1346.44</ele>
      <time>2025-06-25T13:22:39Z</time>
    </rtept>
    <rtept lat="47.283569" lon="10.729544">
      <ele>1344.52</ele>
      <time>2025-06-25T13:22:40Z</time>
    </rtept>
    <rtept lat="47.283569" lon="10.729694">
      <ele>1343.08</ele>
      <time>2025-06-25T13:22:41Z</time>
    </rtept>
    <rtept lat="47.283397" lon="10.731068">
      <ele>1325.29</ele>
      <time>2025-06-25T13:22:50Z</time>
    </rtept>
    <rtept lat="47.283333" lon="10.731239">
      <ele>1323.37</ele>
      <time>2025-06-25T13:22:51Z</time>
    </rtept>
    <rtept lat="47.283032" lon="10.732012">
      <ele>1322.41</ele>
      <time>2025-06-25T13:22:55Z</time>
    </rtept>
    <rtept lat="47.283011" lon="10.732226">
      <ele>1320.97</ele>
      <time>2025-06-25T13:22:56Z</time>
    </rtept>
    <rtept lat="47.28299" lon="10.732463">
      <ele>1319.04</ele>
      <time>2025-06-25T13:22:57Z</time>
    </rtept>
    <rtept lat="47.282775" lon="10.733943">
      <ele>1303.66</ele>
      <time>2025-06-25T13:23:05Z</time>
    </rtept>
    <rtept lat="47.282732" lon="10.734093">
      <ele>1303.18</ele>
      <time>2025-06-25T13:23:06Z</time>
    </rtept>
    <rtept lat="47.282668" lon="10.734244">
      <ele>1302.7</ele>
      <time>2025-06-25T13:23:07Z</time>
    </rtept>
    <rtept lat="47.282518" lon="10.734608">
      <ele>1299.34</ele>
      <time>2025-06-25T13:23:10Z</time>
    </rtept>
    <rtept lat="47.282496" lon="10.734737">
      <ele>1296.45</ele>
      <time>2025-06-25T13:23:11Z</time>
    </rtept>
    <rtept lat="47.282496" lon="10.734866">
      <ele>1295.49</ele>
      <time>2025-06-25T13:23:12Z</time>
    </rtept>
    <rtept lat="47.282496" lon="10.736389">
      <ele>1283.0</ele>
      <time>2025-06-25T13:23:22Z</time>
    </rtept>
    <rtept lat="47.282239" lon="10.73787">
      <ele>1272.9</ele>
      <time>2025-06-25T13:23:30Z</time>
    </rtept>
    <rtept lat="47.281788" lon="10.739157">
      <ele>1258.48</ele>
      <time>2025-06-25T13:23:37Z</time>
    </rtept>
    <rtept lat="47.281702" lon="10.739308">
      <ele>1258.48</ele>
      <time>2025-06-25T13:23:38Z</time>
    </rtept>
    <rtept lat="47.281573" lon="10.739415">
      <ele>1258.48</ele>
      <time>2025-06-25T13:23:39Z</time>
    </rtept>
    <rtept lat="47.281466" lon="10.739522">
      <ele>1258.96</ele>
      <time>2025-06-25T13:23:40Z</time>
    </rtept>
    <rtept lat="47.281337" lon="10.739629">
      <ele>1259.44</ele>
      <time>2025-06-25T13:23:41Z</time>
    </rtept>
    <rtept lat="47.281209" lon="10.739737">
      <ele>1259.44</ele>
      <time>2025-06-25T13:23:42Z</time>
    </rtept>
    <rtept lat="47.281144" lon="10.739844">
      <ele>1257.04</ele>
      <time>2025-06-25T13:23:43Z</time>
    </rtept>
    <rtept lat="47.281037" lon="10.739951">
      <ele>1254.64</ele>
      <time>2025-06-25T13:23:44Z</time>
    </rtept>
    <rtept lat="47.280522" lon="10.740552">
      <ele>1254.64</ele>
      <time>2025-06-25T13:23:50Z</time>
    </rtept>
    <rtept lat="47.280436" lon="10.740616">
      <ele>1253.68</ele>
      <time>2025-06-25T13:23:51Z</time>
    </rtept>
    <rtept lat="47.28035" lon="10.740595">
      <ele>1252.71</ele>
      <time>2025-06-25T13:23:52Z</time>
    </rtept>
    <rtept lat="47.280264" lon="10.740595">
      <ele>1250.31</ele>
      <time>2025-06-25T13:23:53Z</time>
    </rtept>
    <rtept lat="47.280157" lon="10.740531">
      <ele>1247.43</ele>
      <time>2025-06-25T13:23:54Z</time>
    </rtept>
    <rtept lat="47.28005" lon="10.740488">
      <ele>1245.99</ele>
      <time>2025-06-25T13:23:55Z</time>
    </rtept>
    <rtept lat="47.279986" lon="10.740402">
      <ele>1245.02</ele>
      <time>2025-06-25T13:23:56Z</time>
    </rtept>
    <rtept lat="47.2799" lon="10.740295">
      <ele>1244.06</ele>
      <time>2025-06-25T13:23:57Z</time>
    </rtept>
    <rtept lat="47.279814" lon="10.740209">
      <ele>1243.58</ele>
      <time>2025-06-25T13:23:58Z</time>
    </rtept>
    <rtept lat="47.278805" lon="10.739071">
      <ele>1242.14</ele>
      <time>2025-06-25T13:24:08Z</time>
    </rtept>
    <rtept lat="47.278162" lon="10.738557">
      <ele>1241.18</ele>
      <time>2025-06-25T13:24:15Z</time>
    </rtept>
    <rtept lat="47.278054" lon="10.738471">
      <ele>1239.74</ele>
      <time>2025-06-25T13:24:17Z</time>
    </rtept>
    <rtept lat="47.278054" lon="10.738471">
      <ele>1239.26</ele>
      <time>2025-06-25T13:24:18Z</time>
    </rtept>
    <rtept lat="47.278011" lon="10.738492">
      <ele>1238.29</ele>
      <time>2025-06-25T13:24:19Z</time>
    </rtept>
    <rtept lat="47.27799" lon="10.738492">
      <ele>1237.33</ele>
      <time>2025-06-25T13:24:20Z</time>
    </rtept>
    <rtept lat="47.27799" lon="10.738514">
      <ele>1237.33</ele>
      <time>2025-06-25T13:24:21Z</time>
    </rtept>
    <rtept lat="47.277968" lon="10.738599">
      <ele>1234.45</ele>
      <time>2025-06-25T13:24:22Z</time>
    </rtept>
    <rtept lat="47.278011" lon="10.738707">
      <ele>1232.05</ele>
      <time>2025-06-25T13:24:23Z</time>
    </rtept>
    <rtept lat="47.278076" lon="10.738793">
      <ele>1230.12</ele>
      <time>2025-06-25T13:24:24Z</time>
    </rtept>
    <rtept lat="47.278183" lon="10.738878">
      <ele>1228.68</ele>
      <time>2025-06-25T13:24:25Z</time>
    </rtept>
    <rtept lat="47.278998" lon="10.739823">
      <ele>1216.67</ele>
      <time>2025-06-25T13:24:33Z</time>
    </rtept>
    <rtept lat="47.279943" lon="10.741496">
      <ele>1212.34</ele>
      <time>2025-06-25T13:24:43Z</time>
    </rtept>
    <rtept lat="47.280157" lon="10.742183">
      <ele>1207.53</ele>
      <time>2025-06-25T13:24:47Z</time>
    </rtept>
    <rtept lat="47.280222" lon="10.742333">
      <ele>1207.05</ele>
      <time>2025-06-25T13:24:48Z</time>
    </rtept>
    <rtept lat="47.280286" lon="10.742505">
      <ele>1205.61</ele>
      <time>2025-06-25T13:24:49Z</time>
    </rtept>
    <rtept lat="47.28035" lon="10.742633">
      <ele>1201.76</ele>
      <time>2025-06-25T13:24:50Z</time>
    </rtept>
    <rtept lat="47.280436" lon="10.742784">
      <ele>1200.8</ele>
      <time>2025-06-25T13:24:51Z</time>
    </rtept>
    <rtept lat="47.280522" lon="10.742934">
      <ele>1201.76</ele>
      <time>2025-06-25T13:24:52Z</time>
    </rtept>
    <rtept lat="47.280973" lon="10.743513">
      <ele>1193.59</ele>
      <time>2025-06-25T13:24:58Z</time>
    </rtept>
    <rtept lat="47.280973" lon="10.743513">
      <ele>1186.86</ele>
      <time>2025-06-25T13:24:59Z</time>
    </rtept>
    <rtept lat="47.281187" lon="10.743513">
      <ele>1186.38</ele>
      <time>2025-06-25T13:25:00Z</time>
    </rtept>
    <rtept lat="47.281702" lon="10.743384">
      <ele>1180.62</ele>
      <time>2025-06-25T13:25:06Z</time>
    </rtept>
    <rtept lat="47.281745" lon="10.74332">
      <ele>1178.69</ele>
      <time>2025-06-25T13:25:07Z</time>
    </rtept>
    <rtept lat="47.281809" lon="10.743256">
      <ele>1179.65</ele>
      <time>2025-06-25T13:25:08Z</time>
    </rtept>
    <rtept lat="47.281981" lon="10.743256">
      <ele>1180.14</ele>
      <time>2025-06-25T13:25:15Z</time>
    </rtept>
    <rtept lat="47.281981" lon="10.743299">
      <ele>1178.69</ele>
      <time>2025-06-25T13:25:16Z</time>
    </rtept>
    <rtept lat="47.282003" lon="10.743363">
      <ele>1177.73</ele>
      <time>2025-06-25T13:25:17Z</time>
    </rtept>
    <rtept lat="47.281981" lon="10.74347">
      <ele>1175.81</ele>
      <time>2025-06-25T13:25:18Z</time>
    </rtept>
    <rtept lat="47.281938" lon="10.743556">
      <ele>1174.85</ele>
      <time>2025-06-25T13:25:19Z</time>
    </rtept>
    <rtept lat="47.281895" lon="10.743621">
      <ele>1173.41</ele>
      <time>2025-06-25T13:25:20Z</time>
    </rtept>
    <rtept lat="47.281638" lon="10.744136">
      <ele>1171.0</ele>
      <time>2025-06-25T13:25:24Z</time>
    </rtept>
    <rtept lat="47.28153" lon="10.744221">
      <ele>1171.0</ele>
      <time>2025-06-25T13:25:25Z</time>
    </rtept>
    <rtept lat="47.281423" lon="10.744286">
      <ele>1171.48</ele>
      <time>2025-06-25T13:25:26Z</time>
    </rtept>
    <rtept lat="47.281273" lon="10.744329">
      <ele>1171.0</ele>
      <time>2025-06-25T13:25:27Z</time>
    </rtept>
    <rtept lat="47.281123" lon="10.744307">
      <ele>1171.48</ele>
      <time>2025-06-25T13:25:28Z</time>
    </rtept>
    <rtept lat="47.280994" lon="10.744307">
      <ele>1171.0</ele>
      <time>2025-06-25T13:25:29Z</time>
    </rtept>
    <rtept lat="47.280865" lon="10.744286">
      <ele>1170.04</ele>
      <time>2025-06-25T13:25:30Z</time>
    </rtept>
    <rtept lat="47.280737" lon="10.744243">
      <ele>1167.64</ele>
      <time>2025-06-25T13:25:31Z</time>
    </rtept>
    <rtept lat="47.280629" lon="10.744178">
      <ele>1163.79</ele>
      <time>2025-06-25T13:25:32Z</time>
    </rtept>
    <rtept lat="47.280543" lon="10.744114">
      <ele>1160.91</ele>
      <time>2025-06-25T13:25:33Z</time>
    </rtept>
    <rtept lat="47.279749" lon="10.743363">
      <ele>1140.24</ele>
      <time>2025-06-25T13:25:40Z</time>
    </rtept>
    <rtept lat="47.278333" lon="10.742269">
      <ele>1130.15</ele>
      <time>2025-06-25T13:25:49Z</time>
    </rtept>
    <rtept lat="47.277303" lon="10.741711">
      <ele>1121.98</ele>
      <time>2025-06-25T13:25:57Z</time>
    </rtept>
    <rtept lat="47.277196" lon="10.741689">
      <ele>1120.53</ele>
      <time>2025-06-25T13:25:58Z</time>
    </rtept>
    <rtept lat="47.27711" lon="10.741732">
      <ele>1118.61</ele>
      <time>2025-06-25T13:25:59Z</time>
    </rtept>
    <rtept lat="47.277024" lon="10.741775">
      <ele>1116.69</ele>
      <time>2025-06-25T13:26:00Z</time>
    </rtept>
    <rtept lat="47.276917" lon="10.741861">
      <ele>1114.29</ele>
      <time>2025-06-25T13:26:01Z</time>
    </rtept>
    <rtept lat="47.276831" lon="10.741947">
      <ele>1111.88</ele>
      <time>2025-06-25T13:26:02Z</time>
    </rtept>
    <rtept lat="47.276724" lon="10.742054">
      <ele>1109.96</ele>
      <time>2025-06-25T13:26:03Z</time>
    </rtept>
    <rtept lat="47.275565" lon="10.742955">
      <ele>1098.42</ele>
      <time>2025-06-25T13:26:13Z</time>
    </rtept>
    <rtept lat="47.274685" lon="10.743363">
      <ele>1093.14</ele>
      <time>2025-06-25T13:26:20Z</time>
    </rtept>
    <rtept lat="47.2746" lon="10.743384">
      <ele>1092.66</ele>
      <time>2025-06-25T13:26:21Z</time>
    </rtept>
    <rtept lat="47.274471" lon="10.743342">
      <ele>1091.69</ele>
      <time>2025-06-25T13:26:22Z</time>
    </rtept>
    <rtept lat="47.273012" lon="10.743041">
      <ele>1079.2</ele>
      <time>2025-06-25T13:26:31Z</time>
    </rtept>
    <rtept lat="47.271703" lon="10.742848">
      <ele>1074.39</ele>
      <time>2025-06-25T13:26:36Z</time>
    </rtept>
    <rtept lat="47.269836" lon="10.742269">
      <ele>1067.18</ele>
      <time>2025-06-25T13:26:45Z</time>
    </rtept>
    <rtept lat="47.268463" lon="10.742033">
      <ele>1056.61</ele>
      <time>2025-06-25T13:26:53Z</time>
    </rtept>
    <rtept lat="47.267862" lon="10.741925">
      <ele>1049.88</ele>
      <time>2025-06-25T13:26:57Z</time>
    </rtept>
    <rtept lat="47.26769" lon="10.741904">
      <ele>1050.36</ele>
      <time>2025-06-25T13:26:58Z</time>
    </rtept>
    <rtept lat="47.267347" lon="10.741882">
      <ele>1050.84</ele>
      <time>2025-06-25T13:27:00Z</time>
    </rtept>
    <rtept lat="47.267175" lon="10.741882">
      <ele>1049.4</ele>
      <time>2025-06-25T13:27:01Z</time>
    </rtept>
    <rtept lat="47.26681" lon="10.741882">
      <ele>1049.88</ele>
      <time>2025-06-25T13:27:03Z</time>
    </rtept>
    <rtept lat="47.266682" lon="10.741882">
      <ele>1049.4</ele>
      <time>2025-06-25T13:27:04Z</time>
    </rtept>
    <rtept lat="47.266317" lon="10.741646">
      <ele>1046.99</ele>
      <time>2025-06-25T13:27:06Z</time>
    </rtept>
    <rtept lat="47.26621" lon="10.741561">
      <ele>1042.67</ele>
      <time>2025-06-25T13:27:07Z</time>
    </rtept>
    <rtept lat="47.266081" lon="10.741389">
      <ele>1040.26</ele>
      <time>2025-06-25T13:27:08Z</time>
    </rtept>
    <rtept lat="47.265952" lon="10.74126">
      <ele>1037.86</ele>
      <time>2025-06-25T13:27:09Z</time>
    </rtept>
    <rtept lat="47.265823" lon="10.741089">
      <ele>1036.42</ele>
      <time>2025-06-25T13:27:10Z</time>
    </rtept>
    <rtept lat="47.265523" lon="10.74081">
      <ele>1037.86</ele>
      <time>2025-06-25T13:27:12Z</time>
    </rtept>
    <rtept lat="47.265394" lon="10.740724">
      <ele>1039.3</ele>
      <time>2025-06-25T13:27:13Z</time>
    </rtept>
    <rtept lat="47.265201" lon="10.740681">
      <ele>1040.26</ele>
      <time>2025-06-25T13:27:14Z</time>
    </rtept>
    <rtept lat="47.26503" lon="10.740638">
      <ele>1039.78</ele>
      <time>2025-06-25T13:27:15Z</time>
    </rtept>
    <rtept lat="47.264879" lon="10.740616">
      <ele>1040.26</ele>
      <time>2025-06-25T13:27:16Z</time>
    </rtept>
    <rtept lat="47.264343" lon="10.740488">
      <ele>1037.38</ele>
      <time>2025-06-25T13:27:19Z</time>
    </rtept>
    <rtept lat="47.264171" lon="10.740402">
      <ele>1037.86</ele>
      <time>2025-06-25T13:27:20Z</time>
    </rtept>
    <rtept lat="47.262819" lon="10.739951">
      <ele>1032.57</ele>
      <time>2025-06-25T13:27:28Z</time>
    </rtept>
    <rtept lat="47.262691" lon="10.739865">
      <ele>1029.21</ele>
      <time>2025-06-25T13:27:29Z</time>
    </rtept>
    <rtept lat="47.261382" lon="10.738878">
      <ele>1022.0</ele>
      <time>2025-06-25T13:27:38Z</time>
    </rtept>
    <rtept lat="47.260802" lon="10.738535">
      <ele>1016.71</ele>
      <time>2025-06-25T13:27:42Z</time>
    </rtept>
    <rtept lat="47.260652" lon="10.738471">
      <ele>1015.75</ele>
      <time>2025-06-25T13:27:43Z</time>
    </rtept>
    <rtept lat="47.26048" lon="10.738406">
      <ele>1016.71</ele>
      <time>2025-06-25T13:27:44Z</time>
    </rtept>
    <rtept lat="47.259665" lon="10.738299">
      <ele>1018.15</ele>
      <time>2025-06-25T13:27:49Z</time>
    </rtept>
    <rtept lat="47.259515" lon="10.738342">
      <ele>1018.64</ele>
      <time>2025-06-25T13:27:50Z</time>
    </rtept>
    <rtept lat="47.259408" lon="10.738406">
      <ele>1016.71</ele>
      <time>2025-06-25T13:27:51Z</time>
    </rtept>
    <rtept lat="47.259279" lon="10.738514">
      <ele>1016.71</ele>
      <time>2025-06-25T13:27:52Z</time>
    </rtept>
    <rtept lat="47.259172" lon="10.738599">
      <ele>1019.6</ele>
      <time>2025-06-25T13:27:53Z</time>
    </rtept>
    <rtept lat="47.258871" lon="10.73875">
      <ele>1017.19</ele>
      <time>2025-06-25T13:27:55Z</time>
    </rtept>
    <rtept lat="47.258785" lon="10.738771">
      <ele>1016.23</ele>
      <time>2025-06-25T13:27:56Z</time>
    </rtept>
    <rtept lat="47.258571" lon="10.738728">
      <ele>1015.75</ele>
      <time>2025-06-25T13:27:57Z</time>
    </rtept>
    <rtept lat="47.258421" lon="10.738685">
      <ele>1013.35</ele>
      <time>2025-06-25T13:27:58Z</time>
    </rtept>
    <rtept lat="47.258292" lon="10.738621">
      <ele>1012.87</ele>
      <time>2025-06-25T13:27:59Z</time>
    </rtept>
    <rtept lat="47.258142" lon="10.738535">
      <ele>1011.43</ele>
      <time>2025-06-25T13:28:00Z</time>
    </rtept>
    <rtept lat="47.257991" lon="10.738428">
      <ele>1009.98</ele>
      <time>2025-06-25T13:28:01Z</time>
    </rtept>
    <rtept lat="47.25709" lon="10.737848">
      <ele>1002.77</ele>
      <time>2025-06-25T13:28:07Z</time>
    </rtept>
    <rtept lat="47.256919" lon="10.737784">
      <ele>1003.25</ele>
      <time>2025-06-25T13:28:08Z</time>
    </rtept>
    <rtept lat="47.256768" lon="10.73772">
      <ele>1004.7</ele>
      <time>2025-06-25T13:28:09Z</time>
    </rtept>
    <rtept lat="47.255953" lon="10.737634">
      <ele>991.72</ele>
      <time>2025-06-25T13:28:14Z</time>
    </rtept>
    <rtept lat="47.255781" lon="10.737698">
      <ele>989.31</ele>
      <time>2025-06-25T13:28:15Z</time>
    </rtept>
    <rtept lat="47.255674" lon="10.737827">
      <ele>986.43</ele>
      <time>2025-06-25T13:28:16Z</time>
    </rtept>
    <rtept lat="47.255545" lon="10.737956">
      <ele>984.99</ele>
      <time>2025-06-25T13:28:17Z</time>
    </rtept>
    <rtept lat="47.255502" lon="10.737999">
      <ele>984.99</ele>
      <time>2025-06-25T13:28:18Z</time>
    </rtept>
    <rtept lat="47.255395" lon="10.738213">
      <ele>984.99</ele>
      <time>2025-06-25T13:28:19Z</time>
    </rtept>
    <rtept lat="47.255309" lon="10.738363">
      <ele>984.51</ele>
      <time>2025-06-25T13:28:20Z</time>
    </rtept>
    <rtept lat="47.255266" lon="10.738514">
      <ele>983.55</ele>
      <time>2025-06-25T13:28:21Z</time>
    </rtept>
    <rtept lat="47.255245" lon="10.738707">
      <ele>981.62</ele>
      <time>2025-06-25T13:28:22Z</time>
    </rtept>
    <rtept lat="47.255202" lon="10.7389">
      <ele>975.38</ele>
      <time>2025-06-25T13:28:23Z</time>
    </rtept>
    <rtept lat="47.255223" lon="10.73905">
      <ele>972.01</ele>
      <time>2025-06-25T13:28:24Z</time>
    </rtept>
    <rtept lat="47.255245" lon="10.739222">
      <ele>970.57</ele>
      <time>2025-06-25T13:28:25Z</time>
    </rtept>
    <rtept lat="47.255266" lon="10.739393">
      <ele>969.13</ele>
      <time>2025-06-25T13:28:26Z</time>
    </rtept>
    <rtept lat="47.255309" lon="10.739565">
      <ele>968.65</ele>
      <time>2025-06-25T13:28:27Z</time>
    </rtept>
    <rtept lat="47.255481" lon="10.740702">
      <ele>961.92</ele>
      <time>2025-06-25T13:28:35Z</time>
    </rtept>
    <rtept lat="47.255502" lon="10.740831">
      <ele>960.48</ele>
      <time>2025-06-25T13:28:36Z</time>
    </rtept>
    <rtept lat="47.255545" lon="10.741582">
      <ele>957.11</ele>
      <time>2025-06-25T13:28:41Z</time>
    </rtept>
    <rtept lat="47.255588" lon="10.741711">
      <ele>956.63</ele>
      <time>2025-06-25T13:28:42Z</time>
    </rtept>
    <rtept lat="47.255631" lon="10.741818">
      <ele>956.63</ele>
      <time>2025-06-25T13:28:43Z</time>
    </rtept>
    <rtept lat="47.255674" lon="10.741925">
      <ele>956.15</ele>
      <time>2025-06-25T13:28:44Z</time>
    </rtept>
    <rtept lat="47.255738" lon="10.742011">
      <ele>954.71</ele>
      <time>2025-06-25T13:28:45Z</time>
    </rtept>
    <rtept lat="47.255781" lon="10.742097">
      <ele>953.75</ele>
      <time>2025-06-25T13:28:46Z</time>
    </rtept>
    <rtept lat="47.255803" lon="10.74214">
      <ele>951.82</ele>
      <time>2025-06-25T13:28:47Z</time>
    </rtept>
    <rtept lat="47.255781" lon="10.742269">
      <ele>951.34</ele>
      <time>2025-06-25T13:28:48Z</time>
    </rtept>
    <rtept lat="47.255781" lon="10.742312">
      <ele>948.94</ele>
      <time>2025-06-25T13:28:49Z</time>
    </rtept>
    <rtept lat="47.25576" lon="10.742312">
      <ele>945.09</ele>
      <time>2025-06-25T13:28:50Z</time>
    </rtept>
    <rtept lat="47.255695" lon="10.742355">
      <ele>944.13</ele>
      <time>2025-06-25T13:28:51Z</time>
    </rtept>
    <rtept lat="47.255653" lon="10.742269">
      <ele>943.65</ele>
      <time>2025-06-25T13:28:52Z</time>
    </rtept>
    <rtept lat="47.255567" lon="10.74214">
      <ele>942.21</ele>
      <time>2025-06-25T13:28:53Z</time>
    </rtept>
    <rtept lat="47.255481" lon="10.741968">
      <ele>942.69</ele>
      <time>2025-06-25T13:28:54Z</time>
    </rtept>
    <rtept lat="47.254773" lon="10.740767">
      <ele>942.69</ele>
      <time>2025-06-25T13:29:03Z</time>
    </rtept>
    <rtept lat="47.254065" lon="10.739436">
      <ele>932.6</ele>
      <time>2025-06-25T13:29:16Z</time>
    </rtept>
    <rtept lat="47.253829" lon="10.7389">
      <ele>925.87</ele>
      <time>2025-06-25T13:29:21Z</time>
    </rtept>
    <rtept lat="47.253764" lon="10.738793">
      <ele>929.23</ele>
      <time>2025-06-25T13:29:22Z</time>
    </rtept>
    <rtept lat="47.253743" lon="10.738685">
      <ele>929.71</ele>
      <time>2025-06-25T13:29:23Z</time>
    </rtept>
    <rtept lat="47.253635" lon="10.738342">
      <ele>929.23</ele>
      <time>2025-06-25T13:29:26Z</time>
    </rtept>
    <rtept lat="47.253635" lon="10.73832">
      <ele>926.83</ele>
      <time>2025-06-25T13:29:27Z</time>
    </rtept>
    <rtept lat="47.253635" lon="10.73832">
      <ele>926.35</ele>
      <time>2025-06-25T13:29:28Z</time>
    </rtept>
    <rtept lat="47.253571" lon="10.738342">
      <ele>921.54</ele>
      <time>2025-06-25T13:29:29Z</time>
    </rtept>
    <rtept lat="47.25355" lon="10.738385">
      <ele>921.06</ele>
      <time>2025-06-25T13:29:30Z</time>
    </rtept>
    <rtept lat="47.253528" lon="10.738428">
      <ele>914.33</ele>
      <time>2025-06-25T13:29:31Z</time>
    </rtept>
    <rtept lat="47.25355" lon="10.738557">
      <ele>910.97</ele>
      <time>2025-06-25T13:29:32Z</time>
    </rtept>
    <rtept lat="47.253571" lon="10.738685">
      <ele>909.05</ele>
      <time>2025-06-25T13:29:33Z</time>
    </rtept>
    <rtept lat="47.253593" lon="10.738793">
      <ele>909.05</ele>
      <time>2025-06-25T13:29:34Z</time>
    </rtept>
    <rtept lat="47.253614" lon="10.738943">
      <ele>911.45</ele>
      <time>2025-06-25T13:29:35Z</time>
    </rtept>
    <rtept lat="47.253593" lon="10.739029">
      <ele>912.89</ele>
      <time>2025-06-25T13:29:36Z</time>
    </rtept>
    <rtept lat="47.253593" lon="10.739114">
      <ele>914.33</ele>
      <time>2025-06-25T13:29:37Z</time>
    </rtept>
    <rtept lat="47.253571" lon="10.7392">
      <ele>914.33</ele>
      <time>2025-06-25T13:29:38Z</time>
    </rtept>
    <rtept lat="47.253507" lon="10.739286">
      <ele>914.81</ele>
      <time>2025-06-25T13:29:39Z</time>
    </rtept>
    <rtept lat="47.253442" lon="10.73935">
      <ele>914.33</ele>
      <time>2025-06-25T13:29:40Z</time>
    </rtept>
    <rtept lat="47.253378" lon="10.739436">
      <ele>914.33</ele>
      <time>2025-06-25T13:29:41Z</time>
    </rtept>
    <rtept lat="47.252327" lon="10.740466">
      <ele>895.59</ele>
      <time>2025-06-25T13:29:54Z</time>
    </rtept>
    <rtept lat="47.251404" lon="10.740981">
      <ele>885.49</ele>
      <time>2025-06-25T13:30:04Z</time>
    </rtept>
    <rtept lat="47.250717" lon="10.74096">
      <ele>873.96</ele>
      <time>2025-06-25T13:30:11Z</time>
    </rtept>
    <rtept lat="47.249644" lon="10.740767">
      <ele>860.5</ele>
      <time>2025-06-25T13:30:22Z</time>
    </rtept>
    <rtept lat="47.248679" lon="10.741131">
      <ele>854.25</ele>
      <time>2025-06-25T13:30:32Z</time>
    </rtept>
    <rtept lat="47.248507" lon="10.741174">
      <ele>851.85</ele>
      <time>2025-06-25T13:30:34Z</time>
    </rtept>
    <rtept lat="47.248421" lon="10.741153">
      <ele>851.37</ele>
      <time>2025-06-25T13:30:35Z</time>
    </rtept>
    <rtept lat="47.248335" lon="10.741131">
      <ele>850.89</ele>
      <time>2025-06-25T13:30:36Z</time>
    </rtept>
    <rtept lat="47.247949" lon="10.741024">
      <ele>845.12</ele>
      <time>2025-06-25T13:30:40Z</time>
    </rtept>
    <rtept lat="47.247863" lon="10.741067">
      <ele>844.64</ele>
      <time>2025-06-25T13:30:41Z</time>
    </rtept>
    <rtept lat="47.247778" lon="10.74111">
      <ele>845.12</ele>
      <time>2025-06-25T13:30:42Z</time>
    </rtept>
    <rtept lat="47.24767" lon="10.741131">
      <ele>845.12</ele>
      <time>2025-06-25T13:30:43Z</time>
    </rtept>
    <rtept lat="47.247563" lon="10.741174">
      <ele>845.6</ele>
      <time>2025-06-25T13:30:44Z</time>
    </rtept>
    <rtept lat="47.247198" lon="10.741282">
      <ele>846.08</ele>
      <time>2025-06-25T13:30:48Z</time>
    </rtept>
    <rtept lat="47.247112" lon="10.741282">
      <ele>846.08</ele>
      <time>2025-06-25T13:30:49Z</time>
    </rtept>
    <rtept lat="47.247027" lon="10.741282">
      <ele>845.12</ele>
      <time>2025-06-25T13:30:50Z</time>
    </rtept>
    <rtept lat="47.246941" lon="10.74126">
      <ele>842.72</ele>
      <time>2025-06-25T13:30:51Z</time>
    </rtept>
    <rtept lat="47.246876" lon="10.741239">
      <ele>837.91</ele>
      <time>2025-06-25T13:30:52Z</time>
    </rtept>
    <rtept lat="47.24679" lon="10.741153">
      <ele>835.51</ele>
      <time>2025-06-25T13:30:53Z</time>
    </rtept>
    <rtept lat="47.246726" lon="10.741067">
      <ele>834.54</ele>
      <time>2025-06-25T13:30:54Z</time>
    </rtept>
    <rtept lat="47.246662" lon="10.740981">
      <ele>833.1</ele>
      <time>2025-06-25T13:30:55Z</time>
    </rtept>
    <rtept lat="47.246512" lon="10.740917">
      <ele>831.18</ele>
      <time>2025-06-25T13:30:57Z</time>
    </rtept>
    <rtept lat="47.246426" lon="10.740852">
      <ele>831.18</ele>
      <time>2025-06-25T13:30:59Z</time>
    </rtept>
    <rtept lat="47.246447" lon="10.741003">
      <ele>832.14</ele>
      <time>2025-06-25T13:31:00Z</time>
    </rtept>
    <rtept lat="47.246383" lon="10.741089">
      <ele>832.14</ele>
      <time>2025-06-25T13:31:01Z</time>
    </rtept>
    <rtept lat="47.246318" lon="10.741153">
      <ele>831.66</ele>
      <time>2025-06-25T13:31:02Z</time>
    </rtept>
    <rtept lat="47.246254" lon="10.741239">
      <ele>832.62</ele>
      <time>2025-06-25T13:31:03Z</time>
    </rtept>
    <rtept lat="47.24619" lon="10.741325">
      <ele>834.06</ele>
      <time>2025-06-25T13:31:04Z</time>
    </rtept>
    <rtept lat="47.246125" lon="10.741539">
      <ele>826.85</ele>
      <time>2025-06-25T13:31:09Z</time>
    </rtept>
    <rtept lat="47.246147" lon="10.741646">
      <ele>821.09</ele>
      <time>2025-06-25T13:31:10Z</time>
    </rtept>
    <rtept lat="47.246168" lon="10.741754">
      <ele>818.68</ele>
      <time>2025-06-25T13:31:11Z</time>
    </rtept>
    <rtept lat="47.24649" lon="10.743299">
      <ele>825.41</ele>
      <time>2025-06-25T13:31:22Z</time>
    </rtept>
    <rtept lat="47.246683" lon="10.743685">
      <ele>824.93</ele>
      <time>2025-06-25T13:31:25Z</time>
    </rtept>
    <rtept lat="47.246748" lon="10.743814">
      <ele>823.97</ele>
      <time>2025-06-25T13:31:26Z</time>
    </rtept>
    <rtept lat="47.246812" lon="10.743942">
      <ele>823.49</ele>
      <time>2025-06-25T13:31:27Z</time>
    </rtept>
    <rtept lat="47.246898" lon="10.74405">
      <ele>822.53</ele>
      <time>2025-06-25T13:31:28Z</time>
    </rtept>
    <rtept lat="47.246984" lon="10.744157">
      <ele>822.05</ele>
      <time>2025-06-25T13:31:29Z</time>
    </rtept>
    <rtept lat="47.247069" lon="10.744264">
      <ele>823.01</ele>
      <time>2025-06-25T13:31:30Z</time>
    </rtept>
    <rtept lat="47.247499" lon="10.744865">
      <ele>823.01</ele>
      <time>2025-06-25T13:31:37Z</time>
    </rtept>
    <rtept lat="47.24752" lon="10.744929">
      <ele>823.49</ele>
      <time>2025-06-25T13:31:38Z</time>
    </rtept>
    <rtept lat="47.247542" lon="10.744951">
      <ele>823.49</ele>
      <time>2025-06-25T13:31:39Z</time>
    </rtept>
    <rtept lat="47.247542" lon="10.744994">
      <ele>823.01</ele>
      <time>2025-06-25T13:31:40Z</time>
    </rtept>
    <rtept lat="47.24752" lon="10.745058">
      <ele>822.05</ele>
      <time>2025-06-25T13:31:41Z</time>
    </rtept>
    <rtept lat="47.24752" lon="10.745123">
      <ele>821.09</ele>
      <time>2025-06-25T13:31:42Z</time>
    </rtept>
    <rtept lat="47.247499" lon="10.745123">
      <ele>820.6</ele>
      <time>2025-06-25T13:31:43Z</time>
    </rtept>
    <rtept lat="47.247434" lon="10.745165">
      <ele>820.12</ele>
      <time>2025-06-25T13:31:44Z</time>
    </rtept>
    <rtept lat="47.24737" lon="10.745208">
      <ele>819.64</ele>
      <time>2025-06-25T13:31:45Z</time>
    </rtept>
    <rtept lat="47.247263" lon="10.745273">
      <ele>820.12</ele>
      <time>2025-06-25T13:31:46Z</time>
    </rtept>
    <rtept lat="47.247198" lon="10.745273">
      <ele>819.16</ele>
      <time>2025-06-25T13:31:47Z</time>
    </rtept>
    <rtept lat="47.245911" lon="10.745273">
      <ele>813.88</ele>
      <time>2025-06-25T13:31:59Z</time>
    </rtept>
    <rtept lat="47.244795" lon="10.744887">
      <ele>809.07</ele>
      <time>2025-06-25T13:32:09Z</time>
    </rtept>
    <rtept lat="47.243658" lon="10.744007">
      <ele>801.86</ele>
      <time>2025-06-25T13:32:19Z</time>
    </rtept>
    <rtept lat="47.242349" lon="10.74317">
      <ele>797.53</ele>
      <time>2025-06-25T13:32:30Z</time>
    </rtept>
    <rtept lat="47.240933" lon="10.74302">
      <ele>788.88</ele>
      <time>2025-06-25T13:32:40Z</time>
    </rtept>
    <rtept lat="47.239452" lon="10.743535">
      <ele>784.07</ele>
      <time>2025-06-25T13:32:49Z</time>
    </rtept>
    <rtept lat="47.237757" lon="10.744243">
      <ele>781.67</ele>
      <time>2025-06-25T13:33:00Z</time>
    </rtept>
    <rtept lat="47.236212" lon="10.744307">
      <ele>772.54</ele>
      <time>2025-06-25T13:33:10Z</time>
    </rtept>
    <rtept lat="47.235032" lon="10.743985">
      <ele>771.58</ele>
      <time>2025-06-25T13:33:20Z</time>
    </rtept>
    <rtept lat="47.234946" lon="10.743942">
      <ele>771.58</ele>
      <time>2025-06-25T13:33:21Z</time>
    </rtept>
    <rtept lat="47.234881" lon="10.743921">
      <ele>772.06</ele>
      <time>2025-06-25T13:33:22Z</time>
    </rtept>
    <rtept lat="47.234881" lon="10.743921">
      <ele>771.58</ele>
      <time>2025-06-25T13:33:23Z</time>
    </rtept>
    <rtept lat="47.234881" lon="10.743835">
      <ele>771.58</ele>
      <time>2025-06-25T13:33:24Z</time>
    </rtept>
    <rtept lat="47.234881" lon="10.743728">
      <ele>771.1</ele>
      <time>2025-06-25T13:33:25Z</time>
    </rtept>
    <rtept lat="47.234839" lon="10.743535">
      <ele>771.1</ele>
      <time>2025-06-25T13:33:26Z</time>
    </rtept>
    <rtept lat="47.234796" lon="10.743427">
      <ele>771.58</ele>
      <time>2025-06-25T13:33:27Z</time>
    </rtept>
    <rtept lat="47.234688" lon="10.74332">
      <ele>771.1</ele>
      <time>2025-06-25T13:33:28Z</time>
    </rtept>
    <rtept lat="47.234645" lon="10.743299">
      <ele>772.06</ele>
      <time>2025-06-25T13:33:29Z</time>
    </rtept>
    <rtept lat="47.234495" lon="10.743277">
      <ele>773.98</ele>
      <time>2025-06-25T13:33:30Z</time>
    </rtept>
    <rtept lat="47.234431" lon="10.743299">
      <ele>774.46</ele>
      <time>2025-06-25T13:33:31Z</time>
    </rtept>
    <rtept lat="47.234345" lon="10.743363">
      <ele>773.98</ele>
      <time>2025-06-25T13:33:32Z</time>
    </rtept>
    <rtept lat="47.234302" lon="10.743427">
      <ele>773.5</ele>
      <time>2025-06-25T13:33:33Z</time>
    </rtept>
    <rtept lat="47.234259" lon="10.743513">
      <ele>773.98</ele>
      <time>2025-06-25T13:33:34Z</time>
    </rtept>
    <rtept lat="47.234216" lon="10.743578">
      <ele>773.98</ele>
      <time>2025-06-25T13:33:35Z</time>
    </rtept>
    <rtept lat="47.234195" lon="10.743642">
      <ele>774.94</ele>
      <time>2025-06-25T13:33:37Z</time>
    </rtept>
    <rtept lat="47.234152" lon="10.743942">
      <ele>774.94</ele>
      <time>2025-06-25T13:33:38Z</time>
    </rtept>
    <rtept lat="47.234088" lon="10.743985">
      <ele>774.94</ele>
      <time>2025-06-25T13:33:39Z</time>
    </rtept>
    <rtept lat="47.234002" lon="10.744028">
      <ele>775.42</ele>
      <time>2025-06-25T13:33:40Z</time>
    </rtept>
    <rtept lat="47.233916" lon="10.744071">
      <ele>774.94</ele>
      <time>2025-06-25T13:33:41Z</time>
    </rtept>
    <rtept lat="47.232693" lon="10.744543">
      <ele>767.73</ele>
      <time>2025-06-25T13:33:52Z</time>
    </rtept>
    <rtept lat="47.231663" lon="10.744779">
      <ele>761.97</ele>
      <time>2025-06-25T13:34:03Z</time>
    </rtept>
    <rtept lat="47.230697" lon="10.745037">
      <ele>758.12</ele>
      <time>2025-06-25T13:34:13Z</time>
    </rtept>
    <rtept lat="47.230354" lon="10.744994">
      <ele>756.68</ele>
      <time>2025-06-25T13:34:20Z</time>
    </rtept>
    <rtept lat="47.230311" lon="10.744994">
      <ele>756.68</ele>
      <time>2025-06-25T13:34:22Z</time>
    </rtept>
    <rtept lat="47.230247" lon="10.744972">
      <ele>756.68</ele>
      <time>2025-06-25T13:34:23Z</time>
    </rtept>
    <rtept lat="47.230182" lon="10.745015">
      <ele>756.2</ele>
      <time>2025-06-25T13:34:24Z</time>
    </rtept>
    <rtept lat="47.230139" lon="10.745101">
      <ele>756.2</ele>
      <time>2025-06-25T13:34:25Z</time>
    </rtept>
    <rtept lat="47.230032" lon="10.74523">
      <ele>755.72</ele>
      <time>2025-06-25T13:34:26Z</time>
    </rtept>
    <rtept lat="47.229925" lon="10.74523">
      <ele>754.75</ele>
      <time>2025-06-25T13:34:27Z</time>
    </rtept>
    <rtept lat="47.229817" lon="10.745251">
      <ele>753.31</ele>
      <time>2025-06-25T13:34:28Z</time>
    </rtept>
    <rtept lat="47.229689" lon="10.745273">
      <ele>752.35</ele>
      <time>2025-06-25T13:34:29Z</time>
    </rtept>
    <rtept lat="47.228509" lon="10.745659">
      <ele>743.7</ele>
      <time>2025-06-25T13:34:39Z</time>
    </rtept>
    <rtept lat="47.227436" lon="10.746625">
      <ele>739.37</ele>
      <time>2025-06-25T13:34:50Z</time>
    </rtept>
    <rtept lat="47.226556" lon="10.747869">
      <ele>738.41</ele>
      <time>2025-06-25T13:35:00Z</time>
    </rtept>
    <rtept lat="47.225397" lon="10.749629">
      <ele>735.05</ele>
      <time>2025-06-25T13:35:11Z</time>
    </rtept>
    <rtept lat="47.224432" lon="10.750873">
      <ele>737.93</ele>
      <time>2025-06-25T13:35:20Z</time>
    </rtept>
    <rtept lat="47.223251" lon="10.75171">
      <ele>743.22</ele>
      <time>2025-06-25T13:35:29Z</time>
    </rtept>
    <rtept lat="47.221664" lon="10.752633">
      <ele>748.51</ele>
      <time>2025-06-25T13:35:40Z</time>
    </rtept>
    <rtept lat="47.221535" lon="10.75274">
      <ele>748.99</ele>
      <time>2025-06-25T13:35:41Z</time>
    </rtept>
    <rtept lat="47.221406" lon="10.752847">
      <ele>749.95</ele>
      <time>2025-06-25T13:35:42Z</time>
    </rtept>
    <rtept lat="47.221277" lon="10.752998">
      <ele>752.35</ele>
      <time>2025-06-25T13:35:43Z</time>
    </rtept>
    <rtept lat="47.22117" lon="10.753191">
      <ele>753.31</ele>
      <time>2025-06-25T13:35:44Z</time>
    </rtept>
    <rtept lat="47.221063" lon="10.753405">
      <ele>754.75</ele>
      <time>2025-06-25T13:35:45Z</time>
    </rtept>
    <rtept lat="47.220955" lon="10.75362">
      <ele>756.2</ele>
      <time>2025-06-25T13:35:46Z</time>
    </rtept>
    <rtept lat="47.22087" lon="10.753856">
      <ele>756.2</ele>
      <time>2025-06-25T13:35:47Z</time>
    </rtept>
    <rtept lat="47.220805" lon="10.754049">
      <ele>757.16</ele>
      <time>2025-06-25T13:35:48Z</time>
    </rtept>
    <rtept lat="47.220762" lon="10.754306">
      <ele>756.68</ele>
      <time>2025-06-25T13:35:49Z</time>
    </rtept>
    <rtept lat="47.220719" lon="10.754542">
      <ele>757.16</ele>
      <time>2025-06-25T13:35:50Z</time>
    </rtept>
    <rtept lat="47.220483" lon="10.755615">
      <ele>757.64</ele>
      <time>2025-06-25T13:35:56Z</time>
    </rtept>
    <rtept lat="47.220462" lon="10.755766">
      <ele>759.08</ele>
      <time>2025-06-25T13:35:58Z</time>
    </rtept>
    <rtept lat="47.22044" lon="10.755787">
      <ele>759.08</ele>
      <time>2025-06-25T13:35:59Z</time>
    </rtept>
    <rtept lat="47.22044" lon="10.75583">
      <ele>758.6</ele>
      <time>2025-06-25T13:36:00Z</time>
    </rtept>
    <rtept lat="47.220355" lon="10.755766">
      <ele>761.0</ele>
      <time>2025-06-25T13:36:05Z</time>
    </rtept>
    <rtept lat="47.220269" lon="10.755808">
      <ele>761.48</ele>
      <time>2025-06-25T13:36:07Z</time>
    </rtept>
    <rtept lat="47.220226" lon="10.755916">
      <ele>759.56</ele>
      <time>2025-06-25T13:36:08Z</time>
    </rtept>
    <rtept lat="47.220226" lon="10.756023">
      <ele>755.24</ele>
      <time>2025-06-25T13:36:09Z</time>
    </rtept>
    <rtept lat="47.220247" lon="10.756152">
      <ele>753.31</ele>
      <time>2025-06-25T13:36:10Z</time>
    </rtept>
    <rtept lat="47.220376" lon="10.756216">
      <ele>751.39</ele>
      <time>2025-06-25T13:36:11Z</time>
    </rtept>
    <rtept lat="47.220419" lon="10.756345">
      <ele>750.91</ele>
      <time>2025-06-25T13:36:12Z</time>
    </rtept>
    <rtept lat="47.220462" lon="10.756474">
      <ele>750.43</ele>
      <time>2025-06-25T13:36:13Z</time>
    </rtept>
    <rtept lat="47.220526" lon="10.756602">
      <ele>751.39</ele>
      <time>2025-06-25T13:36:14Z</time>
    </rtept>
    <rtept lat="47.220612" lon="10.756688">
      <ele>752.35</ele>
      <time>2025-06-25T13:36:15Z</time>
    </rtept>
    <rtept lat="47.220698" lon="10.75671">
      <ele>752.83</ele>
      <time>2025-06-25T13:36:16Z</time>
    </rtept>
    <rtept lat="47.220805" lon="10.756753">
      <ele>751.87</ele>
      <time>2025-06-25T13:36:17Z</time>
    </rtept>
    <rtept lat="47.220913" lon="10.756774">
      <ele>751.39</ele>
      <time>2025-06-25T13:36:18Z</time>
    </rtept>
    <rtept lat="47.220977" lon="10.756796">
      <ele>750.91</ele>
      <time>2025-06-25T13:36:19Z</time>
    </rtept>
    <rtept lat="47.220977" lon="10.756796">
      <ele>751.39</ele>
      <time>2025-06-25T13:36:20Z</time>
    </rtept>
    <rtept lat="47.221084" lon="10.756989">
      <ele>750.43</ele>
      <time>2025-06-25T13:36:21Z</time>
    </rtept>
    <rtept lat="47.221149" lon="10.757096">
      <ele>749.95</ele>
      <time>2025-06-25T13:36:22Z</time>
    </rtept>
    <rtept lat="47.221149" lon="10.757246">
      <ele>750.91</ele>
      <time>2025-06-25T13:36:23Z</time>
    </rtept>
    <rtept lat="47.22117" lon="10.757461">
      <ele>752.83</ele>
      <time>2025-06-25T13:36:24Z</time>
    </rtept>
    <rtept lat="47.221149" lon="10.759242">
      <ele>763.41</ele>
      <time>2025-06-25T13:36:31Z</time>
    </rtept>
    <rtept lat="47.221041" lon="10.76186">
      <ele>766.77</ele>
      <time>2025-06-25T13:36:42Z</time>
    </rtept>
    <rtept lat="47.220934" lon="10.763083">
      <ele>768.69</ele>
      <time>2025-06-25T13:36:48Z</time>
    </rtept>
    <rtept lat="47.22087" lon="10.763276">
      <ele>769.17</ele>
      <time>2025-06-25T13:36:49Z</time>
    </rtept>
    <rtept lat="47.220269" lon="10.765443">
      <ele>770.62</ele>
      <time>2025-06-25T13:36:58Z</time>
    </rtept>
    <rtept lat="47.219925" lon="10.76746">
      <ele>777.83</ele>
      <time>2025-06-25T13:37:05Z</time>
    </rtept>
    <rtept lat="47.219861" lon="10.767653">
      <ele>779.27</ele>
      <time>2025-06-25T13:37:06Z</time>
    </rtept>
    <rtept lat="47.21911" lon="10.769777">
      <ele>786.0</ele>
      <time>2025-06-25T13:37:14Z</time>
    </rtept>
    <rtept lat="47.218295" lon="10.772073">
      <ele>792.25</ele>
      <time>2025-06-25T13:37:23Z</time>
    </rtept>
    <rtept lat="47.216857" lon="10.775314">
      <ele>800.9</ele>
      <time>2025-06-25T13:37:37Z</time>
    </rtept>
    <rtept lat="47.216063" lon="10.777524">
      <ele>807.15</ele>
      <time>2025-06-25T13:37:47Z</time>
    </rtept>
    <rtept lat="47.215205" lon="10.780399">
      <ele>816.28</ele>
      <time>2025-06-25T13:37:59Z</time>
    </rtept>
    <rtept lat="47.214261" lon="10.783446">
      <ele>825.41</ele>
      <time>2025-06-25T13:38:10Z</time>
    </rtept>
    <rtept lat="47.21366" lon="10.786085">
      <ele>832.62</ele>
      <time>2025-06-25T13:38:19Z</time>
    </rtept>
    <rtept lat="47.213531" lon="10.788746">
      <ele>835.51</ele>
      <time>2025-06-25T13:38:28Z</time>
    </rtept>
    <rtept lat="47.213595" lon="10.791514">
      <ele>825.89</ele>
      <time>2025-06-25T13:38:37Z</time>
    </rtept>
    <rtept lat="47.213724" lon="10.79499">
      <ele>814.36</ele>
      <time>2025-06-25T13:38:49Z</time>
    </rtept>
    <rtept lat="47.214046" lon="10.796771">
      <ele>806.67</ele>
      <time>2025-06-25T13:38:57Z</time>
    </rtept>
    <rtept lat="47.214282" lon="10.798316">
      <ele>796.57</ele>
      <time>2025-06-25T13:39:05Z</time>
    </rtept>
    <rtept lat="47.214411" lon="10.799432">
      <ele>791.77</ele>
      <time>2025-06-25T13:39:13Z</time>
    </rtept>
    <rtept lat="47.214647" lon="10.800741">
      <ele>790.32</ele>
      <time>2025-06-25T13:39:25Z</time>
    </rtept>
    <rtept lat="47.214904" lon="10.801342">
      <ele>784.56</ele>
      <time>2025-06-25T13:39:31Z</time>
    </rtept>
    <rtept lat="47.215398" lon="10.802264">
      <ele>780.23</ele>
      <time>2025-06-25T13:39:39Z</time>
    </rtept>
    <rtept lat="47.216127" lon="10.803616">
      <ele>774.94</ele>
      <time>2025-06-25T13:39:47Z</time>
    </rtept>
    <rtept lat="47.216578" lon="10.804474">
      <ele>771.58</ele>
      <time>2025-06-25T13:39:57Z</time>
    </rtept>
    <rtept lat="47.217136" lon="10.805526">
      <ele>767.25</ele>
      <time>2025-06-25T13:40:09Z</time>
    </rtept>
    <rtept lat="47.217565" lon="10.806298">
      <ele>761.97</ele>
      <time>2025-06-25T13:40:14Z</time>
    </rtept>
    <rtept lat="47.218338" lon="10.807972">
      <ele>751.87</ele>
      <time>2025-06-25T13:40:20Z</time>
    </rtept>
    <rtept lat="47.219003" lon="10.810332">
      <ele>741.78</ele>
      <time>2025-06-25T13:40:27Z</time>
    </rtept>
    <rtept lat="47.219711" lon="10.812178">
      <ele>733.13</ele>
      <time>2025-06-25T13:40:34Z</time>
    </rtept>
    <rtept lat="47.220955" lon="10.814281">
      <ele>733.13</ele>
      <time>2025-06-25T13:40:43Z</time>
    </rtept>
    <rtept lat="47.222329" lon="10.816469">
      <ele>725.92</ele>
      <time>2025-06-25T13:40:54Z</time>
    </rtept>
    <rtept lat="47.223273" lon="10.818207">
      <ele>722.07</ele>
      <time>2025-06-25T13:41:02Z</time>
    </rtept>
    <rtept lat="47.223359" lon="10.818486">
      <ele>721.11</ele>
      <time>2025-06-25T13:41:03Z</time>
    </rtept>
    <rtept lat="47.223423" lon="10.818744">
      <ele>720.63</ele>
      <time>2025-06-25T13:41:04Z</time>
    </rtept>
    <rtept lat="47.223487" lon="10.819001">
      <ele>720.15</ele>
      <time>2025-06-25T13:41:05Z</time>
    </rtept>
    <rtept lat="47.223552" lon="10.81928">
      <ele>719.67</ele>
      <time>2025-06-25T13:41:06Z</time>
    </rtept>
    <rtept lat="47.224002" lon="10.822456">
      <ele>720.15</ele>
      <time>2025-06-25T13:41:18Z</time>
    </rtept>
    <rtept lat="47.224067" lon="10.824645">
      <ele>726.88</ele>
      <time>2025-06-25T13:41:28Z</time>
    </rtept>
    <rtept lat="47.223638" lon="10.82619">
      <ele>727.84</ele>
      <time>2025-06-25T13:41:35Z</time>
    </rtept>
    <rtept lat="47.223552" lon="10.826404">
      <ele>727.84</ele>
      <time>2025-06-25T13:41:36Z</time>
    </rtept>
    <rtept lat="47.222221" lon="10.828571">
      <ele>736.01</ele>
      <time>2025-06-25T13:41:47Z</time>
    </rtept>
    <rtept lat="47.221706" lon="10.82973">
      <ele>740.34</ele>
      <time>2025-06-25T13:41:52Z</time>
    </rtept>
    <rtept lat="47.221642" lon="10.830009">
      <ele>740.34</ele>
      <time>2025-06-25T13:41:53Z</time>
    </rtept>
    <rtept lat="47.221599" lon="10.830331">
      <ele>739.37</ele>
      <time>2025-06-25T13:41:54Z</time>
    </rtept>
    <rtept lat="47.221578" lon="10.830653">
      <ele>737.45</ele>
      <time>2025-06-25T13:41:55Z</time>
    </rtept>
    <rtept lat="47.221556" lon="10.831018">
      <ele>737.93</ele>
      <time>2025-06-25T13:41:56Z</time>
    </rtept>
    <rtept lat="47.221535" lon="10.831382">
      <ele>736.97</ele>
      <time>2025-06-25T13:41:57Z</time>
    </rtept>
    <rtept lat="47.221578" lon="10.83179">
      <ele>736.01</ele>
      <time>2025-06-25T13:41:58Z</time>
    </rtept>
    <rtept lat="47.221599" lon="10.832262">
      <ele>734.09</ele>
      <time>2025-06-25T13:41:59Z</time>
    </rtept>
    <rtept lat="47.222028" lon="10.83576">
      <ele>736.01</ele>
      <time>2025-06-25T13:42:08Z</time>
    </rtept>
    <rtept lat="47.222672" lon="10.837691">
      <ele>734.57</ele>
      <time>2025-06-25T13:42:14Z</time>
    </rtept>
    <rtept lat="47.223445" lon="10.839815">
      <ele>734.09</ele>
      <time>2025-06-25T13:42:22Z</time>
    </rtept>
    <rtept lat="47.22441" lon="10.842068">
      <ele>734.57</ele>
      <time>2025-06-25T13:42:32Z</time>
    </rtept>
    <rtept lat="47.225547" lon="10.843785">
      <ele>728.8</ele>
      <time>2025-06-25T13:42:41Z</time>
    </rtept>
    <rtept lat="47.226685" lon="10.845394">
      <ele>726.88</ele>
      <time>2025-06-25T13:42:51Z</time>
    </rtept>
    <rtept lat="47.2278" lon="10.846939">
      <ele>726.88</ele>
      <time>2025-06-25T13:42:59Z</time>
    </rtept>
    <rtept lat="47.229388" lon="10.849707">
      <ele>730.72</ele>
      <time>2025-06-25T13:43:12Z</time>
    </rtept>
    <rtept lat="47.230268" lon="10.851638">
      <ele>736.01</ele>
      <time>2025-06-25T13:43:21Z</time>
    </rtept>
    <rtept lat="47.230998" lon="10.852604">
      <ele>739.85</ele>
      <time>2025-06-25T13:43:28Z</time>
    </rtept>
    <rtept lat="47.231341" lon="10.853098">
      <ele>740.34</ele>
      <time>2025-06-25T13:43:35Z</time>
    </rtept>
    <rtept lat="47.231556" lon="10.853527">
      <ele>740.34</ele>
      <time>2025-06-25T13:43:46Z</time>
    </rtept>
    <rtept lat="47.231577" lon="10.853591">
      <ele>739.85</ele>
      <time>2025-06-25T13:43:56Z</time>
    </rtept>
    <rtept lat="47.23162" lon="10.853655">
      <ele>739.85</ele>
      <time>2025-06-25T13:43:57Z</time>
    </rtept>
    <rtept lat="47.23162" lon="10.853763">
      <ele>739.85</ele>
      <time>2025-06-25T13:43:58Z</time>
    </rtept>
    <rtept lat="47.231556" lon="10.85387">
      <ele>740.82</ele>
      <time>2025-06-25T13:43:59Z</time>
    </rtept>
    <rtept lat="47.231534" lon="10.853934">
      <ele>740.82</ele>
      <time>2025-06-25T13:44:00Z</time>
    </rtept>
    <rtept lat="47.231577" lon="10.854192">
      <ele>740.34</ele>
      <time>2025-06-25T13:44:01Z</time>
    </rtept>
    <rtept lat="47.231513" lon="10.854299">
      <ele>739.85</ele>
      <time>2025-06-25T13:44:02Z</time>
    </rtept>
    <rtept lat="47.23147" lon="10.854385">
      <ele>739.85</ele>
      <time>2025-06-25T13:44:03Z</time>
    </rtept>
    <rtept lat="47.231041" lon="10.855029">
      <ele>740.82</ele>
      <time>2025-06-25T13:44:10Z</time>
    </rtept>
    <rtept lat="47.230976" lon="10.855093">
      <ele>740.82</ele>
      <time>2025-06-25T13:44:11Z</time>
    </rtept>
    <rtept lat="47.230912" lon="10.855136">
      <ele>740.82</ele>
      <time>2025-06-25T13:44:12Z</time>
    </rtept>
    <rtept lat="47.230826" lon="10.855136">
      <ele>739.85</ele>
      <time>2025-06-25T13:44:13Z</time>
    </rtept>
    <rtept lat="47.230762" lon="10.855115">
      <ele>739.37</ele>
      <time>2025-06-25T13:44:14Z</time>
    </rtept>
    <rtept lat="47.230719" lon="10.855093">
      <ele>738.89</ele>
      <time>2025-06-25T13:44:15Z</time>
    </rtept>
    <rtept lat="47.230697" lon="10.855072">
      <ele>738.41</ele>
      <time>2025-06-25T13:44:16Z</time>
    </rtept>
    <rtept lat="47.230676" lon="10.855072">
      <ele>737.93</ele>
      <time>2025-06-25T13:44:17Z</time>
    </rtept>
    <rtept lat="47.230676" lon="10.855072">
      <ele>737.45</ele>
      <time>2025-06-25T13:44:18Z</time>
    </rtept>
    <rtept lat="47.230633" lon="10.8549">
      <ele>738.41</ele>
      <time>2025-06-25T13:44:21Z</time>
    </rtept>
    <rtept lat="47.230633" lon="10.854857">
      <ele>737.93</ele>
      <time>2025-06-25T13:44:22Z</time>
    </rtept>
    <rtept lat="47.230568" lon="10.854643">
      <ele>735.05</ele>
      <time>2025-06-25T13:44:24Z</time>
    </rtept>
    <rtept lat="47.230483" lon="10.854621">
      <ele>733.13</ele>
      <time>2025-06-25T13:44:25Z</time>
    </rtept>
    <rtept lat="47.230418" lon="10.8546">
      <ele>733.13</ele>
      <time>2025-06-25T13:44:26Z</time>
    </rtept>
    <rtept lat="47.230354" lon="10.8546">
      <ele>733.13</ele>
      <time>2025-06-25T13:44:27Z</time>
    </rtept>
    <rtept lat="47.23029" lon="10.854664">
      <ele>733.13</ele>
      <time>2025-06-25T13:44:28Z</time>
    </rtept>
    <rtept lat="47.230247" lon="10.854728">
      <ele>735.05</ele>
      <time>2025-06-25T13:44:29Z</time>
    </rtept>
    <rtept lat="47.230225" lon="10.854814">
      <ele>735.53</ele>
      <time>2025-06-25T13:44:30Z</time>
    </rtept>
    <rtept lat="47.230247" lon="10.854964">
      <ele>735.05</ele>
      <time>2025-06-25T13:44:31Z</time>
    </rtept>
    <rtept lat="47.230247" lon="10.855029">
      <ele>735.53</ele>
      <time>2025-06-25T13:44:32Z</time>
    </rtept>
    <rtept lat="47.230268" lon="10.855265">
      <ele>735.05</ele>
      <time>2025-06-25T13:44:33Z</time>
    </rtept>
    <rtept lat="47.230204" lon="10.855351">
      <ele>735.05</ele>
      <time>2025-06-25T13:44:34Z</time>
    </rtept>
    <rtept lat="47.230139" lon="10.855458">
      <ele>735.53</ele>
      <time>2025-06-25T13:44:35Z</time>
    </rtept>
    <rtept lat="47.229367" lon="10.856466">
      <ele>742.26</ele>
      <time>2025-06-25T13:44:44Z</time>
    </rtept>
    <rtept lat="47.228058" lon="10.857732">
      <ele>742.74</ele>
      <time>2025-06-25T13:44:54Z</time>
    </rtept>
    <rtept lat="47.227328" lon="10.859063">
      <ele>746.1</ele>
      <time>2025-06-25T13:45:00Z</time>
    </rtept>
    <rtept lat="47.227243" lon="10.85932">
      <ele>746.1</ele>
      <time>2025-06-25T13:45:01Z</time>
    </rtept>
    <rtept lat="47.227049" lon="10.8599">
      <ele>747.55</ele>
      <time>2025-06-25T13:45:03Z</time>
    </rtept>
    <rtept lat="47.226921" lon="10.860136">
      <ele>747.06</ele>
      <time>2025-06-25T13:45:04Z</time>
    </rtept>
    <rtept lat="47.226749" lon="10.86035">
      <ele>746.58</ele>
      <time>2025-06-25T13:45:05Z</time>
    </rtept>
    <rtept lat="47.226599" lon="10.860522">
      <ele>746.58</ele>
      <time>2025-06-25T13:45:06Z</time>
    </rtept>
    <rtept lat="47.226406" lon="10.860672">
      <ele>746.58</ele>
      <time>2025-06-25T13:45:07Z</time>
    </rtept>
    <rtept lat="47.226191" lon="10.860801">
      <ele>746.1</ele>
      <time>2025-06-25T13:45:08Z</time>
    </rtept>
    <rtept lat="47.225977" lon="10.860865">
      <ele>745.14</ele>
      <time>2025-06-25T13:45:09Z</time>
    </rtept>
    <rtept lat="47.225741" lon="10.860951">
      <ele>744.18</ele>
      <time>2025-06-25T13:45:10Z</time>
    </rtept>
    <rtept lat="47.223573" lon="10.861402">
      <ele>741.78</ele>
      <time>2025-06-25T13:45:20Z</time>
    </rtept>
    <rtept lat="47.222157" lon="10.860951">
      <ele>742.26</ele>
      <time>2025-06-25T13:45:27Z</time>
    </rtept>
    <rtept lat="47.221385" lon="10.860586">
      <ele>742.74</ele>
      <time>2025-06-25T13:45:32Z</time>
    </rtept>
    <rtept lat="47.221234" lon="10.860608">
      <ele>742.74</ele>
      <time>2025-06-25T13:45:33Z</time>
    </rtept>
    <rtept lat="47.221084" lon="10.860629">
      <ele>742.74</ele>
      <time>2025-06-25T13:45:34Z</time>
    </rtept>
    <rtept lat="47.220998" lon="10.860651">
      <ele>742.26</ele>
      <time>2025-06-25T13:45:35Z</time>
    </rtept>
    <rtept lat="47.220848" lon="10.860801">
      <ele>744.18</ele>
      <time>2025-06-25T13:45:36Z</time>
    </rtept>
    <rtept lat="47.220719" lon="10.86093">
      <ele>745.14</ele>
      <time>2025-06-25T13:45:37Z</time>
    </rtept>
    <rtept lat="47.220591" lon="10.861058">
      <ele>747.06</ele>
      <time>2025-06-25T13:45:38Z</time>
    </rtept>
    <rtept lat="47.219732" lon="10.861981">
      <ele>748.51</ele>
      <time>2025-06-25T13:45:45Z</time>
    </rtept>
    <rtept lat="47.219647" lon="10.862196">
      <ele>749.47</ele>
      <time>2025-06-25T13:45:46Z</time>
    </rtept>
    <rtept lat="47.219561" lon="10.86241">
      <ele>749.95</ele>
      <time>2025-06-25T13:45:47Z</time>
    </rtept>
    <rtept lat="47.219518" lon="10.862625">
      <ele>749.95</ele>
      <time>2025-06-25T13:45:48Z</time>
    </rtept>
    <rtept lat="47.219475" lon="10.862904">
      <ele>751.87</ele>
      <time>2025-06-25T13:45:49Z</time>
    </rtept>
    <rtept lat="47.21941" lon="10.863161">
      <ele>751.87</ele>
      <time>2025-06-25T13:45:50Z</time>
    </rtept>
    <rtept lat="47.219089" lon="10.864899">
      <ele>759.08</ele>
      <time>2025-06-25T13:45:57Z</time>
    </rtept>
    <rtept lat="47.219024" lon="10.865092">
      <ele>760.04</ele>
      <time>2025-06-25T13:45:58Z</time>
    </rtept>
    <rtept lat="47.218938" lon="10.865286">
      <ele>761.48</ele>
      <time>2025-06-25T13:45:59Z</time>
    </rtept>
    <rtept lat="47.218402" lon="10.866294">
      <ele>768.21</ele>
      <time>2025-06-25T13:46:05Z</time>
    </rtept>
    <rtept lat="47.218295" lon="10.866401">
      <ele>768.69</ele>
      <time>2025-06-25T13:46:06Z</time>
    </rtept>
    <rtept lat="47.218209" lon="10.866487">
      <ele>768.69</ele>
      <time>2025-06-25T13:46:07Z</time>
    </rtept>
    <rtept lat="47.218123" lon="10.86653">
      <ele>769.17</ele>
      <time>2025-06-25T13:46:08Z</time>
    </rtept>
    <rtept lat="47.218016" lon="10.866573">
      <ele>768.69</ele>
      <time>2025-06-25T13:46:09Z</time>
    </rtept>
    <rtept lat="47.216857" lon="10.866745">
      <ele>762.45</ele>
      <time>2025-06-25T13:46:20Z</time>
    </rtept>
    <rtept lat="47.215977" lon="10.866637">
      <ele>761.97</ele>
      <time>2025-06-25T13:46:29Z</time>
    </rtept>
    <rtept lat="47.215891" lon="10.866659">
      <ele>762.45</ele>
      <time>2025-06-25T13:46:30Z</time>
    </rtept>
    <rtept lat="47.21499" lon="10.867238">
      <ele>765.81</ele>
      <time>2025-06-25T13:46:38Z</time>
    </rtept>
    <rtept lat="47.214089" lon="10.86844">
      <ele>767.25</ele>
      <time>2025-06-25T13:46:46Z</time>
    </rtept>
    <rtept lat="47.21308" lon="10.870199">
      <ele>765.33</ele>
      <time>2025-06-25T13:46:57Z</time>
    </rtept>
    <rtept lat="47.212072" lon="10.871015">
      <ele>766.77</ele>
      <time>2025-06-25T13:47:06Z</time>
    </rtept>
    <rtept lat="47.210785" lon="10.871594">
      <ele>768.21</ele>
      <time>2025-06-25T13:47:16Z</time>
    </rtept>
    <rtept lat="47.209325" lon="10.872131">
      <ele>767.25</ele>
      <time>2025-06-25T13:47:25Z</time>
    </rtept>
    <rtept lat="47.209175" lon="10.872238">
      <ele>767.25</ele>
      <time>2025-06-25T13:47:26Z</time>
    </rtept>
    <rtept lat="47.208317" lon="10.873482">
      <ele>767.73</ele>
      <time>2025-06-25T13:47:33Z</time>
    </rtept>
    <rtept lat="47.207823" lon="10.875092">
      <ele>771.58</ele>
      <time>2025-06-25T13:47:40Z</time>
    </rtept>
    <rtept lat="47.207115" lon="10.877881">
      <ele>776.87</ele>
      <time>2025-06-25T13:47:52Z</time>
    </rtept>
    <rtept lat="47.206858" lon="10.88007">
      <ele>769.66</ele>
      <time>2025-06-25T13:48:01Z</time>
    </rtept>
    <rtept lat="47.206858" lon="10.881958">
      <ele>770.14</ele>
      <time>2025-06-25T13:48:09Z</time>
    </rtept>
    <rtept lat="47.206686" lon="10.883417">
      <ele>768.21</ele>
      <time>2025-06-25T13:48:18Z</time>
    </rtept>
    <rtept lat="47.206193" lon="10.885027">
      <ele>773.5</ele>
      <time>2025-06-25T13:48:30Z</time>
    </rtept>
    <rtept lat="47.205527" lon="10.887301">
      <ele>777.35</ele>
      <time>2025-06-25T13:48:46Z</time>
    </rtept>
    <rtept lat="47.205356" lon="10.888009">
      <ele>776.38</ele>
      <time>2025-06-25T13:48:54Z</time>
    </rtept>
    <rtept lat="47.205227" lon="10.888589">
      <ele>775.9</ele>
      <time>2025-06-25T13:49:04Z</time>
    </rtept>
    <rtept lat="47.205055" lon="10.889683">
      <ele>773.02</ele>
      <time>2025-06-25T13:49:15Z</time>
    </rtept>
    <rtept lat="47.204862" lon="10.890756">
      <ele>775.9</ele>
      <time>2025-06-25T13:49:25Z</time>
    </rtept>
    <rtept lat="47.204412" lon="10.892193">
      <ele>775.9</ele>
      <time>2025-06-25T13:49:37Z</time>
    </rtept>
    <rtept lat="47.203982" lon="10.893803">
      <ele>778.31</ele>
      <time>2025-06-25T13:49:49Z</time>
    </rtept>
    <rtept lat="47.203618" lon="10.895112">
      <ele>782.63</ele>
      <time>2025-06-25T13:50:01Z</time>
    </rtept>
    <rtept lat="47.203553" lon="10.895305">
      <ele>783.11</ele>
      <time>2025-06-25T13:50:03Z</time>
    </rtept>
    <rtept lat="47.203317" lon="10.896034">
      <ele>779.27</ele>
      <time>2025-06-25T13:50:13Z</time>
    </rtept>
    <rtept lat="47.203231" lon="10.896335">
      <ele>777.83</ele>
      <time>2025-06-25T13:50:18Z</time>
    </rtept>
    <rtept lat="47.203339" lon="10.896292">
      <ele>776.38</ele>
      <time>2025-06-25T13:50:19Z</time>
    </rtept>
    <rtept lat="47.20336" lon="10.896313">
      <ele>777.83</ele>
      <time>2025-06-25T13:50:20Z</time>
    </rtept>
    <rtept lat="47.203489" lon="10.896485">
      <ele>780.23</ele>
      <time>2025-06-25T13:50:29Z</time>
    </rtept>
    <rtept lat="47.20351" lon="10.896592">
      <ele>780.23</ele>
      <time>2025-06-25T13:50:37Z</time>
    </rtept>
    <rtept lat="47.203489" lon="10.896614">
      <ele>780.71</ele>
      <time>2025-06-25T13:50:48Z</time>
    </rtept>
    <rtept lat="47.203489" lon="10.896614">
      <ele>781.19</ele>
      <time>2025-06-25T13:51:17Z</time>
    </rtept>
    <rtept lat="47.203489" lon="10.896614">
      <ele>781.19</ele>
      <time>2025-06-25T13:51:47Z</time>
    </rtept>
    <rtept lat="47.203532" lon="10.896721">
      <ele>781.19</ele>
      <time>2025-06-25T14:43:55Z</time>
    </rtept>
    <rtept lat="47.203188" lon="10.896485">
      <ele>810.51</ele>
      <time>2025-06-25T14:44:23Z</time>
    </rtept>
    <rtept lat="47.203188" lon="10.896485">
      <ele>791.28</ele>
      <time>2025-06-25T14:44:38Z</time>
    </rtept>
    <rtept lat="47.203553" lon="10.896571">
      <ele>789.36</ele>
      <time>2025-06-25T14:44:39Z</time>
    </rtept>
    <rtept lat="47.203553" lon="10.896571">
      <ele>787.92</ele>
      <time>2025-06-25T14:44:40Z</time>
    </rtept>
    <rtept lat="47.203532" lon="10.896549">
      <ele>787.44</ele>
      <time>2025-06-25T14:44:41Z</time>
    </rtept>
    <rtept lat="47.203532" lon="10.896549">
      <ele>784.56</ele>
      <time>2025-06-25T14:44:42Z</time>
    </rtept>
    <rtept lat="47.203532" lon="10.896549">
      <ele>784.56</ele>
      <time>2025-06-25T14:44:43Z</time>
    </rtept>
    <rtept lat="47.203467" lon="10.896464">
      <ele>782.63</ele>
      <time>2025-06-25T14:44:57Z</time>
    </rtept>
    <rtept lat="47.203382" lon="10.896356">
      <ele>788.4</ele>
      <time>2025-06-25T14:45:19Z</time>
    </rtept>
    <rtept lat="47.203317" lon="10.896249">
      <ele>788.4</ele>
      <time>2025-06-25T14:45:31Z</time>
    </rtept>
    <rtept lat="47.203296" lon="10.896227">
      <ele>789.84</ele>
      <time>2025-06-25T14:45:38Z</time>
    </rtept>
    <rtept lat="47.203274" lon="10.896227">
      <ele>789.36</ele>
      <time>2025-06-25T14:45:39Z</time>
    </rtept>
    <rtept lat="47.203253" lon="10.89627">
      <ele>788.4</ele>
      <time>2025-06-25T14:45:40Z</time>
    </rtept>
    <rtept lat="47.203231" lon="10.896335">
      <ele>787.92</ele>
      <time>2025-06-25T14:45:41Z</time>
    </rtept>
    <rtept lat="47.20321" lon="10.896399">
      <ele>787.44</ele>
      <time>2025-06-25T14:45:42Z</time>
    </rtept>
    <rtept lat="47.203188" lon="10.896485">
      <ele>786.0</ele>
      <time>2025-06-25T14:45:43Z</time>
    </rtept>
    <rtept lat="47.203167" lon="10.896571">
      <ele>785.04</ele>
      <time>2025-06-25T14:45:44Z</time>
    </rtept>
    <rtept lat="47.203124" lon="10.896678">
      <ele>786.96</ele>
      <time>2025-06-25T14:45:45Z</time>
    </rtept>
    <rtept lat="47.203103" lon="10.896807">
      <ele>787.44</ele>
      <time>2025-06-25T14:45:46Z</time>
    </rtept>
    <rtept lat="47.203081" lon="10.896893">
      <ele>787.44</ele>
      <time>2025-06-25T14:45:47Z</time>
    </rtept>
    <rtept lat="47.202802" lon="10.897858">
      <ele>792.25</ele>
      <time>2025-06-25T14:45:55Z</time>
    </rtept>
    <rtept lat="47.202652" lon="10.89833">
      <ele>787.92</ele>
      <time>2025-06-25T14:46:00Z</time>
    </rtept>
    <rtept lat="47.202609" lon="10.898438">
      <ele>789.84</ele>
      <time>2025-06-25T14:46:01Z</time>
    </rtept>
    <rtept lat="47.20203" lon="10.899189">
      <ele>789.84</ele>
      <time>2025-06-25T14:46:12Z</time>
    </rtept>
    <rtept lat="47.201751" lon="10.899317">
      <ele>790.32</ele>
      <time>2025-06-25T14:46:17Z</time>
    </rtept>
    <rtept lat="47.201708" lon="10.899317">
      <ele>792.25</ele>
      <time>2025-06-25T14:46:18Z</time>
    </rtept>
    <rtept lat="47.201644" lon="10.899339">
      <ele>794.65</ele>
      <time>2025-06-25T14:46:19Z</time>
    </rtept>
    <rtept lat="47.201622" lon="10.899339">
      <ele>794.65</ele>
      <time>2025-06-25T14:46:20Z</time>
    </rtept>
    <rtept lat="47.201536" lon="10.899511">
      <ele>795.61</ele>
      <time>2025-06-25T14:46:21Z</time>
    </rtept>
    <rtept lat="47.201408" lon="10.899553">
      <ele>794.17</ele>
      <time>2025-06-25T14:46:23Z</time>
    </rtept>
    <rtept lat="47.201365" lon="10.899575">
      <ele>793.69</ele>
      <time>2025-06-25T14:46:24Z</time>
    </rtept>
    <rtept lat="47.201343" lon="10.899575">
      <ele>793.69</ele>
      <time>2025-06-25T14:46:25Z</time>
    </rtept>
    <rtept lat="47.201343" lon="10.899575">
      <ele>793.69</ele>
      <time>2025-06-25T14:46:34Z</time>
    </rtept>
    <rtept lat="47.201343" lon="10.899575">
      <ele>793.69</ele>
      <time>2025-06-25T14:46:45Z</time>
    </rtept>
    <rtept lat="47.201257" lon="10.899596">
      <ele>795.13</ele>
      <time>2025-06-25T14:46:47Z</time>
    </rtept>
    <rtept lat="47.200571" lon="10.900004">
      <ele>800.42</ele>
      <time>2025-06-25T14:46:55Z</time>
    </rtept>
    <rtept lat="47.199691" lon="10.901034">
      <ele>803.78</ele>
      <time>2025-06-25T14:47:05Z</time>
    </rtept>
    <rtept lat="47.198682" lon="10.902729">
      <ele>811.47</ele>
      <time>2025-06-25T14:47:15Z</time>
    </rtept>
    <rtept lat="47.197459" lon="10.904853">
      <ele>818.68</ele>
      <time>2025-06-25T14:47:26Z</time>
    </rtept>
    <rtept lat="47.196129" lon="10.906527">
      <ele>824.93</ele>
      <time>2025-06-25T14:47:35Z</time>
    </rtept>
    <rtept lat="47.194584" lon="10.907364">
      <ele>838.39</ele>
      <time>2025-06-25T14:47:44Z</time>
    </rtept>
    <rtept lat="47.193661" lon="10.907471">
      <ele>843.68</ele>
      <time>2025-06-25T14:47:51Z</time>
    </rtept>
    <rtept lat="47.192438" lon="10.907235">
      <ele>849.44</ele>
      <time>2025-06-25T14:48:02Z</time>
    </rtept>
    <rtept lat="47.191065" lon="10.906677">
      <ele>855.69</ele>
      <time>2025-06-25T14:48:12Z</time>
    </rtept>
    <rtept lat="47.189563" lon="10.906184">
      <ele>857.62</ele>
      <time>2025-06-25T14:48:19Z</time>
    </rtept>
    <rtept lat="47.188254" lon="10.906506">
      <ele>856.17</ele>
      <time>2025-06-25T14:48:25Z</time>
    </rtept>
    <rtept lat="47.187052" lon="10.907192">
      <ele>856.17</ele>
      <time>2025-06-25T14:48:32Z</time>
    </rtept>
    <rtept lat="47.186881" lon="10.907235">
      <ele>857.62</ele>
      <time>2025-06-25T14:48:33Z</time>
    </rtept>
    <rtept lat="47.186709" lon="10.907257">
      <ele>859.06</ele>
      <time>2025-06-25T14:48:34Z</time>
    </rtept>
    <rtept lat="47.186516" lon="10.907257">
      <ele>857.13</ele>
      <time>2025-06-25T14:48:35Z</time>
    </rtept>
    <rtept lat="47.186301" lon="10.907278">
      <ele>858.58</ele>
      <time>2025-06-25T14:48:36Z</time>
    </rtept>
    <rtept lat="47.185743" lon="10.907364">
      <ele>860.98</ele>
      <time>2025-06-25T14:48:39Z</time>
    </rtept>
    <rtept lat="47.18555" lon="10.90745">
      <ele>861.94</ele>
      <time>2025-06-25T14:48:40Z</time>
    </rtept>
    <rtept lat="47.1854" lon="10.907557">
      <ele>862.9</ele>
      <time>2025-06-25T14:48:41Z</time>
    </rtept>
    <rtept lat="47.185271" lon="10.907686">
      <ele>863.86</ele>
      <time>2025-06-25T14:48:42Z</time>
    </rtept>
    <rtept lat="47.185121" lon="10.9079">
      <ele>866.75</ele>
      <time>2025-06-25T14:48:43Z</time>
    </rtept>
    <rtept lat="47.185057" lon="10.908094">
      <ele>869.15</ele>
      <time>2025-06-25T14:48:44Z</time>
    </rtept>
    <rtept lat="47.184992" lon="10.908287">
      <ele>871.55</ele>
      <time>2025-06-25T14:48:45Z</time>
    </rtept>
    <rtept lat="47.184928" lon="10.908501">
      <ele>872.03</ele>
      <time>2025-06-25T14:48:46Z</time>
    </rtept>
    <rtept lat="47.184692" lon="10.908995">
      <ele>873.0</ele>
      <time>2025-06-25T14:48:50Z</time>
    </rtept>
    <rtept lat="47.184628" lon="10.908995">
      <ele>872.52</ele>
      <time>2025-06-25T14:48:51Z</time>
    </rtept>
    <rtept lat="47.184563" lon="10.908973">
      <ele>871.55</ele>
      <time>2025-06-25T14:48:52Z</time>
    </rtept>
    <rtept lat="47.184563" lon="10.908973">
      <ele>866.27</ele>
      <time>2025-06-25T14:48:53Z</time>
    </rtept>
    <rtept lat="47.184499" lon="10.908845">
      <ele>857.62</ele>
      <time>2025-06-25T14:48:54Z</time>
    </rtept>
    <rtept lat="47.184456" lon="10.908716">
      <ele>850.41</ele>
      <time>2025-06-25T14:48:55Z</time>
    </rtept>
    <rtept lat="47.184499" lon="10.908523">
      <ele>848.0</ele>
      <time>2025-06-25T14:48:56Z</time>
    </rtept>
    <rtept lat="47.184606" lon="10.908287">
      <ele>849.44</ele>
      <time>2025-06-25T14:48:57Z</time>
    </rtept>
    <rtept lat="47.184671" lon="10.908072">
      <ele>849.92</ele>
      <time>2025-06-25T14:48:58Z</time>
    </rtept>
    <rtept lat="47.184692" lon="10.907879">
      <ele>850.89</ele>
      <time>2025-06-25T14:48:59Z</time>
    </rtept>
    <rtept lat="47.184713" lon="10.907686">
      <ele>849.92</ele>
      <time>2025-06-25T14:49:00Z</time>
    </rtept>
    <rtept lat="47.184692" lon="10.907493">
      <ele>850.41</ele>
      <time>2025-06-25T14:49:01Z</time>
    </rtept>
    <rtept lat="47.184692" lon="10.907278">
      <ele>850.89</ele>
      <time>2025-06-25T14:49:02Z</time>
    </rtept>
    <rtept lat="47.184692" lon="10.907085">
      <ele>852.33</ele>
      <time>2025-06-25T14:49:03Z</time>
    </rtept>
    <rtept lat="47.184692" lon="10.906506">
      <ele>855.69</ele>
      <time>2025-06-25T14:49:06Z</time>
    </rtept>
    <rtept lat="47.184713" lon="10.905626">
      <ele>863.86</ele>
      <time>2025-06-25T14:49:13Z</time>
    </rtept>
    <rtept lat="47.184692" lon="10.905476">
      <ele>864.34</ele>
      <time>2025-06-25T14:49:15Z</time>
    </rtept>
    <rtept lat="47.184671" lon="10.905411">
      <ele>865.79</ele>
      <time>2025-06-25T14:49:16Z</time>
    </rtept>
    <rtept lat="47.184649" lon="10.905347">
      <ele>866.75</ele>
      <time>2025-06-25T14:49:17Z</time>
    </rtept>
    <rtept lat="47.184628" lon="10.905326">
      <ele>868.67</ele>
      <time>2025-06-25T14:49:18Z</time>
    </rtept>
    <rtept lat="47.184563" lon="10.905304">
      <ele>870.11</ele>
      <time>2025-06-25T14:49:19Z</time>
    </rtept>
    <rtept lat="47.184499" lon="10.905283">
      <ele>871.55</ele>
      <time>2025-06-25T14:49:20Z</time>
    </rtept>
    <rtept lat="47.184456" lon="10.905326">
      <ele>873.96</ele>
      <time>2025-06-25T14:49:21Z</time>
    </rtept>
    <rtept lat="47.184392" lon="10.905454">
      <ele>879.73</ele>
      <time>2025-06-25T14:49:22Z</time>
    </rtept>
    <rtept lat="47.18437" lon="10.90569">
      <ele>883.09</ele>
      <time>2025-06-25T14:49:23Z</time>
    </rtept>
    <rtept lat="47.184327" lon="10.905948">
      <ele>886.94</ele>
      <time>2025-06-25T14:49:24Z</time>
    </rtept>
    <rtept lat="47.184263" lon="10.906549">
      <ele>883.09</ele>
      <time>2025-06-25T14:49:26Z</time>
    </rtept>
    <rtept lat="47.184198" lon="10.906849">
      <ele>884.53</ele>
      <time>2025-06-25T14:49:27Z</time>
    </rtept>
    <rtept lat="47.184005" lon="10.907686">
      <ele>886.45</ele>
      <time>2025-06-25T14:49:31Z</time>
    </rtept>
    <rtept lat="47.183898" lon="10.908201">
      <ele>885.49</ele>
      <time>2025-06-25T14:49:34Z</time>
    </rtept>
    <rtept lat="47.183855" lon="10.908373">
      <ele>885.97</ele>
      <time>2025-06-25T14:49:35Z</time>
    </rtept>
    <rtept lat="47.183791" lon="10.908501">
      <ele>885.97</ele>
      <time>2025-06-25T14:49:36Z</time>
    </rtept>
    <rtept lat="47.183683" lon="10.908673">
      <ele>885.49</ele>
      <time>2025-06-25T14:49:37Z</time>
    </rtept>
    <rtept lat="47.183576" lon="10.908823">
      <ele>885.49</ele>
      <time>2025-06-25T14:49:38Z</time>
    </rtept>
    <rtept lat="47.183469" lon="10.908888">
      <ele>885.97</ele>
      <time>2025-06-25T14:49:39Z</time>
    </rtept>
    <rtept lat="47.18334" lon="10.908973">
      <ele>886.94</ele>
      <time>2025-06-25T14:49:40Z</time>
    </rtept>
    <rtept lat="47.183168" lon="10.909081">
      <ele>889.34</ele>
      <time>2025-06-25T14:49:41Z</time>
    </rtept>
    <rtept lat="47.182954" lon="10.909188">
      <ele>893.66</ele>
      <time>2025-06-25T14:49:42Z</time>
    </rtept>
    <rtept lat="47.182782" lon="10.909317">
      <ele>897.99</ele>
      <time>2025-06-25T14:49:43Z</time>
    </rtept>
    <rtept lat="47.182267" lon="10.909767">
      <ele>894.63</ele>
      <time>2025-06-25T14:49:48Z</time>
    </rtept>
    <rtept lat="47.181409" lon="10.910304">
      <ele>897.51</ele>
      <time>2025-06-25T14:49:56Z</time>
    </rtept>
    <rtept lat="47.181087" lon="10.910475">
      <ele>897.99</ele>
      <time>2025-06-25T14:49:59Z</time>
    </rtept>
    <rtept lat="47.181023" lon="10.910583">
      <ele>897.99</ele>
      <time>2025-06-25T14:50:00Z</time>
    </rtept>
    <rtept lat="47.180958" lon="10.91069">
      <ele>897.99</ele>
      <time>2025-06-25T14:50:01Z</time>
    </rtept>
    <rtept lat="47.180894" lon="10.910797">
      <ele>897.51</ele>
      <time>2025-06-25T14:50:02Z</time>
    </rtept>
    <rtept lat="47.18083" lon="10.910883">
      <ele>897.51</ele>
      <time>2025-06-25T14:50:03Z</time>
    </rtept>
    <rtept lat="47.180765" lon="10.911012">
      <ele>897.99</ele>
      <time>2025-06-25T14:50:04Z</time>
    </rtept>
    <rtept lat="47.180722" lon="10.911119">
      <ele>897.99</ele>
      <time>2025-06-25T14:50:05Z</time>
    </rtept>
    <rtept lat="47.180336" lon="10.911634">
      <ele>897.99</ele>
      <time>2025-06-25T14:50:10Z</time>
    </rtept>
    <rtept lat="47.18025" lon="10.911677">
      <ele>898.47</ele>
      <time>2025-06-25T14:50:11Z</time>
    </rtept>
    <rtept lat="47.180164" lon="10.911741">
      <ele>897.99</ele>
      <time>2025-06-25T14:50:12Z</time>
    </rtept>
    <rtept lat="47.180057" lon="10.911763">
      <ele>897.99</ele>
      <time>2025-06-25T14:50:13Z</time>
    </rtept>
    <rtept lat="47.179928" lon="10.911806">
      <ele>898.47</ele>
      <time>2025-06-25T14:50:14Z</time>
    </rtept>
    <rtept lat="47.179821" lon="10.911806">
      <ele>898.47</ele>
      <time>2025-06-25T14:50:15Z</time>
    </rtept>
    <rtept lat="47.179692" lon="10.911806">
      <ele>898.95</ele>
      <time>2025-06-25T14:50:16Z</time>
    </rtept>
    <rtept lat="47.179585" lon="10.911806">
      <ele>899.91</ele>
      <time>2025-06-25T14:50:17Z</time>
    </rtept>
    <rtept lat="47.178362" lon="10.912063">
      <ele>904.24</ele>
      <time>2025-06-25T14:50:26Z</time>
    </rtept>
    <rtept lat="47.178233" lon="10.912042">
      <ele>905.68</ele>
      <time>2025-06-25T14:50:27Z</time>
    </rtept>
    <rtept lat="47.178083" lon="10.912042">
      <ele>907.12</ele>
      <time>2025-06-25T14:50:28Z</time>
    </rtept>
    <rtept lat="47.177976" lon="10.911999">
      <ele>908.56</ele>
      <time>2025-06-25T14:50:29Z</time>
    </rtept>
    <rtept lat="47.177847" lon="10.911935">
      <ele>908.56</ele>
      <time>2025-06-25T14:50:30Z</time>
    </rtept>
    <rtept lat="47.17774" lon="10.91187">
      <ele>909.05</ele>
      <time>2025-06-25T14:50:31Z</time>
    </rtept>
    <rtept lat="47.177632" lon="10.911806">
      <ele>909.53</ele>
      <time>2025-06-25T14:50:32Z</time>
    </rtept>
    <rtept lat="47.177504" lon="10.911763">
      <ele>912.89</ele>
      <time>2025-06-25T14:50:33Z</time>
    </rtept>
    <rtept lat="47.177418" lon="10.911677">
      <ele>918.18</ele>
      <time>2025-06-25T14:50:34Z</time>
    </rtept>
    <rtept lat="47.177311" lon="10.91157">
      <ele>923.47</ele>
      <time>2025-06-25T14:50:35Z</time>
    </rtept>
    <rtept lat="47.177225" lon="10.911484">
      <ele>924.43</ele>
      <time>2025-06-25T14:50:36Z</time>
    </rtept>
    <rtept lat="47.176045" lon="10.910347">
      <ele>942.69</ele>
      <time>2025-06-25T14:50:48Z</time>
    </rtept>
    <rtept lat="47.175079" lon="10.910025">
      <ele>934.04</ele>
      <time>2025-06-25T14:50:56Z</time>
    </rtept>
    <rtept lat="47.174414" lon="10.910068">
      <ele>932.12</ele>
      <time>2025-06-25T14:51:04Z</time>
    </rtept>
    <rtept lat="47.173427" lon="10.910175">
      <ele>937.88</ele>
      <time>2025-06-25T14:51:13Z</time>
    </rtept>
    <rtept lat="47.171753" lon="10.910518">
      <ele>936.92</ele>
      <time>2025-06-25T14:51:23Z</time>
    </rtept>
    <rtept lat="47.170015" lon="10.91069">
      <ele>941.25</ele>
      <time>2025-06-25T14:51:31Z</time>
    </rtept>
    <rtept lat="47.16862" lon="10.910669">
      <ele>943.17</ele>
      <time>2025-06-25T14:51:37Z</time>
    </rtept>
    <rtept lat="47.167204" lon="10.910432">
      <ele>942.69</ele>
      <time>2025-06-25T14:51:43Z</time>
    </rtept>
    <rtept lat="47.166668" lon="10.910432">
      <ele>940.29</ele>
      <time>2025-06-25T14:51:48Z</time>
    </rtept>
    <rtept lat="47.165895" lon="10.910454">
      <ele>941.25</ele>
      <time>2025-06-25T14:51:56Z</time>
    </rtept>
    <rtept lat="47.1645" lon="10.910454">
      <ele>943.17</ele>
      <time>2025-06-25T14:52:06Z</time>
    </rtept>
    <rtept lat="47.164221" lon="10.910561">
      <ele>943.65</ele>
      <time>2025-06-25T14:52:08Z</time>
    </rtept>
    <rtept lat="47.16405" lon="10.910647">
      <ele>943.65</ele>
      <time>2025-06-25T14:52:09Z</time>
    </rtept>
    <rtept lat="47.163191" lon="10.911291">
      <ele>943.17</ele>
      <time>2025-06-25T14:52:14Z</time>
    </rtept>
    <rtept lat="47.162998" lon="10.911377">
      <ele>943.17</ele>
      <time>2025-06-25T14:52:15Z</time>
    </rtept>
    <rtept lat="47.162784" lon="10.911462">
      <ele>942.69</ele>
      <time>2025-06-25T14:52:16Z</time>
    </rtept>
    <rtept lat="47.162591" lon="10.911484">
      <ele>941.73</ele>
      <time>2025-06-25T14:52:17Z</time>
    </rtept>
    <rtept lat="47.162397" lon="10.911484">
      <ele>942.69</ele>
      <time>2025-06-25T14:52:18Z</time>
    </rtept>
    <rtept lat="47.162183" lon="10.911462">
      <ele>942.69</ele>
      <time>2025-06-25T14:52:19Z</time>
    </rtept>
    <rtept lat="47.16199" lon="10.911398">
      <ele>942.69</ele>
      <time>2025-06-25T14:52:20Z</time>
    </rtept>
    <rtept lat="47.161797" lon="10.911291">
      <ele>942.69</ele>
      <time>2025-06-25T14:52:21Z</time>
    </rtept>
    <rtept lat="47.161625" lon="10.911205">
      <ele>942.69</ele>
      <time>2025-06-25T14:52:22Z</time>
    </rtept>
    <rtept lat="47.161432" lon="10.911098">
      <ele>942.69</ele>
      <time>2025-06-25T14:52:23Z</time>
    </rtept>
    <rtept lat="47.160144" lon="10.910411">
      <ele>944.13</ele>
      <time>2025-06-25T14:52:29Z</time>
    </rtept>
    <rtept lat="47.158127" lon="10.910068">
      <ele>944.13</ele>
      <time>2025-06-25T14:52:36Z</time>
    </rtept>
    <rtept lat="47.156926" lon="10.910475">
      <ele>944.13</ele>
      <time>2025-06-25T14:52:41Z</time>
    </rtept>
    <rtept lat="47.154694" lon="10.911656">
      <ele>945.58</ele>
      <time>2025-06-25T14:52:51Z</time>
    </rtept>
    <rtept lat="47.1536" lon="10.912171">
      <ele>950.38</ele>
      <time>2025-06-25T14:52:58Z</time>
    </rtept>
    <rtept lat="47.151754" lon="10.913029">
      <ele>955.19</ele>
      <time>2025-06-25T14:53:11Z</time>
    </rtept>
    <rtept lat="47.150531" lon="10.913758">
      <ele>957.59</ele>
      <time>2025-06-25T14:53:21Z</time>
    </rtept>
    <rtept lat="47.148879" lon="10.914831">
      <ele>962.88</ele>
      <time>2025-06-25T14:53:34Z</time>
    </rtept>
    <rtept lat="47.147785" lon="10.915625">
      <ele>974.41</ele>
      <time>2025-06-25T14:53:42Z</time>
    </rtept>
    <rtept lat="47.14624" lon="10.916398">
      <ele>984.99</ele>
      <time>2025-06-25T14:53:53Z</time>
    </rtept>
    <rtept lat="47.144459" lon="10.917213">
      <ele>997.01</ele>
      <time>2025-06-25T14:54:06Z</time>
    </rtept>
    <rtept lat="47.143365" lon="10.918307">
      <ele>1000.85</ele>
      <time>2025-06-25T14:54:14Z</time>
    </rtept>
    <rtept lat="47.141648" lon="10.920925">
      <ele>1011.91</ele>
      <time>2025-06-25T14:54:28Z</time>
    </rtept>
    <rtept lat="47.140532" lon="10.923071">
      <ele>1023.44</ele>
      <time>2025-06-25T14:54:39Z</time>
    </rtept>
    <rtept lat="47.140039" lon="10.924122">
      <ele>1028.73</ele>
      <time>2025-06-25T14:54:44Z</time>
    </rtept>
    <rtept lat="47.13888" lon="10.925238">
      <ele>1042.67</ele>
      <time>2025-06-25T14:54:52Z</time>
    </rtept>
    <rtept lat="47.137614" lon="10.925796">
      <ele>1050.36</ele>
      <time>2025-06-25T14:55:00Z</time>
    </rtept>
    <rtept lat="47.136047" lon="10.926139">
      <ele>1060.45</ele>
      <time>2025-06-25T14:55:11Z</time>
    </rtept>
    <rtept lat="47.134588" lon="10.925968">
      <ele>1065.26</ele>
      <time>2025-06-25T14:55:21Z</time>
    </rtept>
    <rtept lat="47.133365" lon="10.925324">
      <ele>1065.74</ele>
      <time>2025-06-25T14:55:28Z</time>
    </rtept>
    <rtept lat="47.132249" lon="10.923994">
      <ele>1062.37</ele>
      <time>2025-06-25T14:55:35Z</time>
    </rtept>
    <rtept lat="47.13137" lon="10.923028">
      <ele>1058.05</ele>
      <time>2025-06-25T14:55:42Z</time>
    </rtept>
    <rtept lat="47.131198" lon="10.922985">
      <ele>1056.61</ele>
      <time>2025-06-25T14:55:43Z</time>
    </rtept>
    <rtept lat="47.131005" lon="10.922921">
      <ele>1054.68</ele>
      <time>2025-06-25T14:55:44Z</time>
    </rtept>
    <rtept lat="47.130833" lon="10.922899">
      <ele>1052.28</ele>
      <time>2025-06-25T14:55:45Z</time>
    </rtept>
    <rtept lat="47.130683" lon="10.922899">
      <ele>1049.88</ele>
      <time>2025-06-25T14:55:46Z</time>
    </rtept>
    <rtept lat="47.130468" lon="10.923007">
      <ele>1046.03</ele>
      <time>2025-06-25T14:55:47Z</time>
    </rtept>
    <rtept lat="47.130297" lon="10.923114">
      <ele>1043.63</ele>
      <time>2025-06-25T14:55:48Z</time>
    </rtept>
    <rtept lat="47.130125" lon="10.923307">
      <ele>1042.19</ele>
      <time>2025-06-25T14:55:49Z</time>
    </rtept>
    <rtept lat="47.129932" lon="10.923543">
      <ele>1046.51</ele>
      <time>2025-06-25T14:55:50Z</time>
    </rtept>
    <rtept lat="47.129803" lon="10.923779">
      <ele>1046.03</ele>
      <time>2025-06-25T14:55:51Z</time>
    </rtept>
    <rtept lat="47.129653" lon="10.924015">
      <ele>1045.07</ele>
      <time>2025-06-25T14:55:52Z</time>
    </rtept>
    <rtept lat="47.129503" lon="10.924273">
      <ele>1044.59</ele>
      <time>2025-06-25T14:55:53Z</time>
    </rtept>
    <rtept lat="47.129353" lon="10.924487">
      <ele>1044.11</ele>
      <time>2025-06-25T14:55:54Z</time>
    </rtept>
    <rtept lat="47.12916" lon="10.924616">
      <ele>1043.15</ele>
      <time>2025-06-25T14:55:55Z</time>
    </rtept>
    <rtept lat="47.128988" lon="10.924745">
      <ele>1042.67</ele>
      <time>2025-06-25T14:55:56Z</time>
    </rtept>
    <rtept lat="47.128816" lon="10.924831">
      <ele>1041.71</ele>
      <time>2025-06-25T14:55:57Z</time>
    </rtept>
    <rtept lat="47.128623" lon="10.924852">
      <ele>1041.71</ele>
      <time>2025-06-25T14:55:58Z</time>
    </rtept>
    <rtept lat="47.12843" lon="10.924895">
      <ele>1041.71</ele>
      <time>2025-06-25T14:55:59Z</time>
    </rtept>
    <rtept lat="47.128237" lon="10.924895">
      <ele>1042.19</ele>
      <time>2025-06-25T14:56:00Z</time>
    </rtept>
    <rtept lat="47.127014" lon="10.925088">
      <ele>1041.71</ele>
      <time>2025-06-25T14:56:07Z</time>
    </rtept>
    <rtept lat="47.126864" lon="10.925152">
      <ele>1041.23</ele>
      <time>2025-06-25T14:56:08Z</time>
    </rtept>
    <rtept lat="47.126713" lon="10.925281">
      <ele>1040.26</ele>
      <time>2025-06-25T14:56:09Z</time>
    </rtept>
    <rtept lat="47.126585" lon="10.925431">
      <ele>1040.74</ele>
      <time>2025-06-25T14:56:10Z</time>
    </rtept>
    <rtept lat="47.126477" lon="10.925646">
      <ele>1040.26</ele>
      <time>2025-06-25T14:56:11Z</time>
    </rtept>
    <rtept lat="47.12637" lon="10.925839">
      <ele>1039.3</ele>
      <time>2025-06-25T14:56:12Z</time>
    </rtept>
    <rtept lat="47.126306" lon="10.926118">
      <ele>1040.26</ele>
      <time>2025-06-25T14:56:13Z</time>
    </rtept>
    <rtept lat="47.12622" lon="10.926397">
      <ele>1039.78</ele>
      <time>2025-06-25T14:56:14Z</time>
    </rtept>
    <rtept lat="47.125855" lon="10.927405">
      <ele>1039.78</ele>
      <time>2025-06-25T14:56:18Z</time>
    </rtept>
    <rtept lat="47.125726" lon="10.92762">
      <ele>1039.78</ele>
      <time>2025-06-25T14:56:19Z</time>
    </rtept>
    <rtept lat="47.125576" lon="10.927856">
      <ele>1039.78</ele>
      <time>2025-06-25T14:56:20Z</time>
    </rtept>
    <rtept lat="47.125254" lon="10.928264">
      <ele>1040.26</ele>
      <time>2025-06-25T14:56:22Z</time>
    </rtept>
    <rtept lat="47.125083" lon="10.928414">
      <ele>1040.26</ele>
      <time>2025-06-25T14:56:23Z</time>
    </rtept>
    <rtept lat="47.124911" lon="10.928543">
      <ele>1040.74</ele>
      <time>2025-06-25T14:56:24Z</time>
    </rtept>
    <rtept lat="47.123387" lon="10.929701">
      <ele>1041.71</ele>
      <time>2025-06-25T14:56:33Z</time>
    </rtept>
    <rtept lat="47.121971" lon="10.931118">
      <ele>1046.99</ele>
      <time>2025-06-25T14:56:42Z</time>
    </rtept>
    <rtept lat="47.1218" lon="10.931246">
      <ele>1047.96</ele>
      <time>2025-06-25T14:56:43Z</time>
    </rtept>
    <rtept lat="47.119997" lon="10.932984">
      <ele>1058.05</ele>
      <time>2025-06-25T14:56:53Z</time>
    </rtept>
    <rtept lat="47.118238" lon="10.934873">
      <ele>1068.14</ele>
      <time>2025-06-25T14:57:02Z</time>
    </rtept>
    <rtept lat="47.117229" lon="10.935753">
      <ele>1071.99</ele>
      <time>2025-06-25T14:57:08Z</time>
    </rtept>
    <rtept lat="47.117036" lon="10.935838">
      <ele>1072.95</ele>
      <time>2025-06-25T14:57:09Z</time>
    </rtept>
    <rtept lat="47.116864" lon="10.935903">
      <ele>1074.39</ele>
      <time>2025-06-25T14:57:10Z</time>
    </rtept>
    <rtept lat="47.116693" lon="10.935967">
      <ele>1075.35</ele>
      <time>2025-06-25T14:57:11Z</time>
    </rtept>
    <rtept lat="47.116499" lon="10.93601">
      <ele>1073.91</ele>
      <time>2025-06-25T14:57:12Z</time>
    </rtept>
    <rtept lat="47.116328" lon="10.936053">
      <ele>1073.91</ele>
      <time>2025-06-25T14:57:13Z</time>
    </rtept>
    <rtept lat="47.115663" lon="10.93616">
      <ele>1074.87</ele>
      <time>2025-06-25T14:57:17Z</time>
    </rtept>
    <rtept lat="47.115555" lon="10.936268">
      <ele>1074.87</ele>
      <time>2025-06-25T14:57:18Z</time>
    </rtept>
    <rtept lat="47.115448" lon="10.936396">
      <ele>1075.35</ele>
      <time>2025-06-25T14:57:19Z</time>
    </rtept>
    <rtept lat="47.115362" lon="10.936525">
      <ele>1075.83</ele>
      <time>2025-06-25T14:57:20Z</time>
    </rtept>
    <rtept lat="47.115319" lon="10.93674">
      <ele>1075.35</ele>
      <time>2025-06-25T14:57:21Z</time>
    </rtept>
    <rtept lat="47.115276" lon="10.936933">
      <ele>1075.35</ele>
      <time>2025-06-25T14:57:22Z</time>
    </rtept>
    <rtept lat="47.115233" lon="10.937126">
      <ele>1075.35</ele>
      <time>2025-06-25T14:57:23Z</time>
    </rtept>
    <rtept lat="47.115212" lon="10.937319">
      <ele>1075.83</ele>
      <time>2025-06-25T14:57:24Z</time>
    </rtept>
    <rtept lat="47.115148" lon="10.937469">
      <ele>1076.31</ele>
      <time>2025-06-25T14:57:25Z</time>
    </rtept>
    <rtept lat="47.115105" lon="10.937598">
      <ele>1076.79</ele>
      <time>2025-06-25T14:57:26Z</time>
    </rtept>
    <rtept lat="47.11504" lon="10.937727">
      <ele>1075.83</ele>
      <time>2025-06-25T14:57:27Z</time>
    </rtept>
    <rtept lat="47.114976" lon="10.937877">
      <ele>1075.83</ele>
      <time>2025-06-25T14:57:28Z</time>
    </rtept>
    <rtept lat="47.114955" lon="10.938027">
      <ele>1075.83</ele>
      <time>2025-06-25T14:57:29Z</time>
    </rtept>
    <rtept lat="47.114933" lon="10.938177">
      <ele>1076.31</ele>
      <time>2025-06-25T14:57:30Z</time>
    </rtept>
    <rtept lat="47.114912" lon="10.938327">
      <ele>1076.31</ele>
      <time>2025-06-25T14:57:31Z</time>
    </rtept>
    <rtept lat="47.11489" lon="10.938478">
      <ele>1076.31</ele>
      <time>2025-06-25T14:57:32Z</time>
    </rtept>
    <rtept lat="47.114847" lon="10.938628">
      <ele>1076.31</ele>
      <time>2025-06-25T14:57:33Z</time>
    </rtept>
    <rtept lat="47.114847" lon="10.938714">
      <ele>1076.31</ele>
      <time>2025-06-25T14:57:34Z</time>
    </rtept>
    <rtept lat="47.114761" lon="10.938885">
      <ele>1076.31</ele>
      <time>2025-06-25T14:57:35Z</time>
    </rtept>
    <rtept lat="47.114719" lon="10.938993">
      <ele>1076.31</ele>
      <time>2025-06-25T14:57:36Z</time>
    </rtept>
    <rtept lat="47.114654" lon="10.9391">
      <ele>1075.83</ele>
      <time>2025-06-25T14:57:37Z</time>
    </rtept>
    <rtept lat="47.114525" lon="10.939164">
      <ele>1075.83</ele>
      <time>2025-06-25T14:57:38Z</time>
    </rtept>
    <rtept lat="47.114397" lon="10.939229">
      <ele>1076.31</ele>
      <time>2025-06-25T14:57:39Z</time>
    </rtept>
    <rtept lat="47.114204" lon="10.939272">
      <ele>1076.79</ele>
      <time>2025-06-25T14:57:40Z</time>
    </rtept>
    <rtept lat="47.113388" lon="10.939443">
      <ele>1081.6</ele>
      <time>2025-06-25T14:57:45Z</time>
    </rtept>
    <rtept lat="47.113281" lon="10.939551">
      <ele>1080.16</ele>
      <time>2025-06-25T14:57:46Z</time>
    </rtept>
    <rtept lat="47.113174" lon="10.939636">
      <ele>1081.12</ele>
      <time>2025-06-25T14:57:47Z</time>
    </rtept>
    <rtept lat="47.113109" lon="10.939701">
      <ele>1083.04</ele>
      <time>2025-06-25T14:57:48Z</time>
    </rtept>
    <rtept lat="47.113023" lon="10.939787">
      <ele>1084.48</ele>
      <time>2025-06-25T14:57:49Z</time>
    </rtept>
    <rtept lat="47.112938" lon="10.939937">
      <ele>1086.41</ele>
      <time>2025-06-25T14:57:50Z</time>
    </rtept>
    <rtept lat="47.112873" lon="10.94013">
      <ele>1088.81</ele>
      <time>2025-06-25T14:57:51Z</time>
    </rtept>
    <rtept lat="47.112809" lon="10.940344">
      <ele>1091.69</ele>
      <time>2025-06-25T14:57:52Z</time>
    </rtept>
    <rtept lat="47.112465" lon="10.941353">
      <ele>1090.73</ele>
      <time>2025-06-25T14:57:57Z</time>
    </rtept>
    <rtept lat="47.11238" lon="10.941568">
      <ele>1091.21</ele>
      <time>2025-06-25T14:57:58Z</time>
    </rtept>
    <rtept lat="47.112272" lon="10.941675">
      <ele>1090.25</ele>
      <time>2025-06-25T14:57:59Z</time>
    </rtept>
    <rtept lat="47.112144" lon="10.941782">
      <ele>1090.25</ele>
      <time>2025-06-25T14:58:00Z</time>
    </rtept>
    <rtept lat="47.111972" lon="10.941868">
      <ele>1091.21</ele>
      <time>2025-06-25T14:58:01Z</time>
    </rtept>
    <rtept lat="47.111779" lon="10.941911">
      <ele>1091.21</ele>
      <time>2025-06-25T14:58:02Z</time>
    </rtept>
    <rtept lat="47.111586" lon="10.941868">
      <ele>1091.21</ele>
      <time>2025-06-25T14:58:03Z</time>
    </rtept>
    <rtept lat="47.111328" lon="10.941825">
      <ele>1091.21</ele>
      <time>2025-06-25T14:58:04Z</time>
    </rtept>
    <rtept lat="47.110942" lon="10.941739">
      <ele>1091.69</ele>
      <time>2025-06-25T14:58:06Z</time>
    </rtept>
    <rtept lat="47.11077" lon="10.941782">
      <ele>1091.69</ele>
      <time>2025-06-25T14:58:07Z</time>
    </rtept>
    <rtept lat="47.110577" lon="10.941868">
      <ele>1091.69</ele>
      <time>2025-06-25T14:58:08Z</time>
    </rtept>
    <rtept lat="47.110427" lon="10.941997">
      <ele>1091.69</ele>
      <time>2025-06-25T14:58:09Z</time>
    </rtept>
    <rtept lat="47.110255" lon="10.942104">
      <ele>1091.69</ele>
      <time>2025-06-25T14:58:10Z</time>
    </rtept>
    <rtept lat="47.110148" lon="10.942254">
      <ele>1091.69</ele>
      <time>2025-06-25T14:58:11Z</time>
    </rtept>
    <rtept lat="47.110062" lon="10.942426">
      <ele>1091.69</ele>
      <time>2025-06-25T14:58:12Z</time>
    </rtept>
    <rtept lat="47.109955" lon="10.94264">
      <ele>1091.69</ele>
      <time>2025-06-25T14:58:13Z</time>
    </rtept>
    <rtept lat="47.109891" lon="10.942855">
      <ele>1091.69</ele>
      <time>2025-06-25T14:58:14Z</time>
    </rtept>
    <rtept lat="47.109826" lon="10.943177">
      <ele>1091.69</ele>
      <time>2025-06-25T14:58:15Z</time>
    </rtept>
    <rtept lat="47.109225" lon="10.945559">
      <ele>1094.58</ele>
      <time>2025-06-25T14:58:21Z</time>
    </rtept>
    <rtept lat="47.108496" lon="10.947275">
      <ele>1105.15</ele>
      <time>2025-06-25T14:58:27Z</time>
    </rtept>
    <rtept lat="47.107723" lon="10.94882">
      <ele>1123.9</ele>
      <time>2025-06-25T14:58:33Z</time>
    </rtept>
    <rtept lat="47.107637" lon="10.949142">
      <ele>1126.3</ele>
      <time>2025-06-25T14:58:34Z</time>
    </rtept>
    <rtept lat="47.107595" lon="10.949464">
      <ele>1128.71</ele>
      <time>2025-06-25T14:58:35Z</time>
    </rtept>
    <rtept lat="47.107552" lon="10.949786">
      <ele>1130.63</ele>
      <time>2025-06-25T14:58:36Z</time>
    </rtept>
    <rtept lat="47.107509" lon="10.950108">
      <ele>1133.51</ele>
      <time>2025-06-25T14:58:37Z</time>
    </rtept>
    <rtept lat="47.107466" lon="10.95043">
      <ele>1137.36</ele>
      <time>2025-06-25T14:58:38Z</time>
    </rtept>
    <rtept lat="47.107401" lon="10.95073">
      <ele>1139.76</ele>
      <time>2025-06-25T14:58:39Z</time>
    </rtept>
    <rtept lat="47.107316" lon="10.951052">
      <ele>1141.68</ele>
      <time>2025-06-25T14:58:40Z</time>
    </rtept>
    <rtept lat="47.107251" lon="10.951331">
      <ele>1145.05</ele>
      <time>2025-06-25T14:58:41Z</time>
    </rtept>
    <rtept lat="47.107187" lon="10.95161">
      <ele>1146.49</ele>
      <time>2025-06-25T14:58:42Z</time>
    </rtept>
    <rtept lat="47.107144" lon="10.95191">
      <ele>1148.89</ele>
      <time>2025-06-25T14:58:43Z</time>
    </rtept>
    <rtept lat="47.107058" lon="10.952447">
      <ele>1151.3</ele>
      <time>2025-06-25T14:58:45Z</time>
    </rtept>
    <rtept lat="47.106994" lon="10.952704">
      <ele>1151.78</ele>
      <time>2025-06-25T14:58:46Z</time>
    </rtept>
    <rtept lat="47.106908" lon="10.95294">
      <ele>1152.74</ele>
      <time>2025-06-25T14:58:47Z</time>
    </rtept>
    <rtept lat="47.106779" lon="10.953155">
      <ele>1154.18</ele>
      <time>2025-06-25T14:58:48Z</time>
    </rtept>
    <rtept lat="47.106629" lon="10.953326">
      <ele>1154.18</ele>
      <time>2025-06-25T14:58:49Z</time>
    </rtept>
    <rtept lat="47.106457" lon="10.953434">
      <ele>1153.22</ele>
      <time>2025-06-25T14:58:50Z</time>
    </rtept>
    <rtept lat="47.106264" lon="10.953562">
      <ele>1154.18</ele>
      <time>2025-06-25T14:58:51Z</time>
    </rtept>
    <rtept lat="47.106071" lon="10.953584">
      <ele>1154.66</ele>
      <time>2025-06-25T14:58:52Z</time>
    </rtept>
    <rtept lat="47.105878" lon="10.953605">
      <ele>1155.62</ele>
      <time>2025-06-25T14:58:53Z</time>
    </rtept>
    <rtept lat="47.105663" lon="10.953541">
      <ele>1155.62</ele>
      <time>2025-06-25T14:58:54Z</time>
    </rtept>
    <rtept lat="47.105427" lon="10.953412">
      <ele>1154.66</ele>
      <time>2025-06-25T14:58:55Z</time>
    </rtept>
    <rtept lat="47.105234" lon="10.953241">
      <ele>1155.14</ele>
      <time>2025-06-25T14:58:56Z</time>
    </rtept>
    <rtept lat="47.105084" lon="10.953047">
      <ele>1154.66</ele>
      <time>2025-06-25T14:58:57Z</time>
    </rtept>
    <rtept lat="47.104912" lon="10.952876">
      <ele>1155.14</ele>
      <time>2025-06-25T14:58:58Z</time>
    </rtept>
    <rtept lat="47.104784" lon="10.952726">
      <ele>1156.58</ele>
      <time>2025-06-25T14:58:59Z</time>
    </rtept>
    <rtept lat="47.104655" lon="10.952575">
      <ele>1157.06</ele>
      <time>2025-06-25T14:59:00Z</time>
    </rtept>
    <rtept lat="47.104505" lon="10.952468">
      <ele>1157.54</ele>
      <time>2025-06-25T14:59:01Z</time>
    </rtept>
    <rtept lat="47.104354" lon="10.952404">
      <ele>1158.99</ele>
      <time>2025-06-25T14:59:02Z</time>
    </rtept>
    <rtept lat="47.104204" lon="10.952339">
      <ele>1160.43</ele>
      <time>2025-06-25T14:59:03Z</time>
    </rtept>
    <rtept lat="47.104033" lon="10.952296">
      <ele>1161.39</ele>
      <time>2025-06-25T14:59:04Z</time>
    </rtept>
    <rtept lat="47.103882" lon="10.952253">
      <ele>1160.91</ele>
      <time>2025-06-25T14:59:05Z</time>
    </rtept>
    <rtept lat="47.103732" lon="10.952232">
      <ele>1161.39</ele>
      <time>2025-06-25T14:59:06Z</time>
    </rtept>
    <rtept lat="47.103561" lon="10.952253">
      <ele>1160.91</ele>
      <time>2025-06-25T14:59:07Z</time>
    </rtept>
    <rtept lat="47.10341" lon="10.952275">
      <ele>1160.43</ele>
      <time>2025-06-25T14:59:08Z</time>
    </rtept>
    <rtept lat="47.103239" lon="10.952339">
      <ele>1159.95</ele>
      <time>2025-06-25T14:59:09Z</time>
    </rtept>
    <rtept lat="47.103067" lon="10.952404">
      <ele>1161.39</ele>
      <time>2025-06-25T14:59:10Z</time>
    </rtept>
    <rtept lat="47.101501" lon="10.952919">
      <ele>1161.39</ele>
      <time>2025-06-25T14:59:20Z</time>
    </rtept>
    <rtept lat="47.099891" lon="10.953434">
      <ele>1161.39</ele>
      <time>2025-06-25T14:59:32Z</time>
    </rtept>
    <rtept lat="47.098389" lon="10.953562">
      <ele>1161.87</ele>
      <time>2025-06-25T14:59:44Z</time>
    </rtept>
    <rtept lat="47.096544" lon="10.953756">
      <ele>1164.75</ele>
      <time>2025-06-25T14:59:57Z</time>
    </rtept>
    <rtept lat="47.09502" lon="10.954313">
      <ele>1164.27</ele>
      <time>2025-06-25T15:00:05Z</time>
    </rtept>
    <rtept lat="47.093797" lon="10.955129">
      <ele>1165.23</ele>
      <time>2025-06-25T15:00:13Z</time>
    </rtept>
    <rtept lat="47.092403" lon="10.956588">
      <ele>1166.68</ele>
      <time>2025-06-25T15:00:24Z</time>
    </rtept>
    <rtept lat="47.091373" lon="10.957961">
      <ele>1170.04</ele>
      <time>2025-06-25T15:00:31Z</time>
    </rtept>
    <rtept lat="47.089978" lon="10.959506">
      <ele>1171.48</ele>
      <time>2025-06-25T15:00:38Z</time>
    </rtept>
    <rtept lat="47.089742" lon="10.959678">
      <ele>1171.48</ele>
      <time>2025-06-25T15:00:39Z</time>
    </rtept>
    <rtept lat="47.089506" lon="10.959785">
      <ele>1171.48</ele>
      <time>2025-06-25T15:00:40Z</time>
    </rtept>
    <rtept lat="47.089227" lon="10.959871">
      <ele>1171.48</ele>
      <time>2025-06-25T15:00:41Z</time>
    </rtept>
    <rtept lat="47.088991" lon="10.959935">
      <ele>1171.48</ele>
      <time>2025-06-25T15:00:42Z</time>
    </rtept>
    <rtept lat="47.08706" lon="10.96045">
      <ele>1169.56</ele>
      <time>2025-06-25T15:00:50Z</time>
    </rtept>
    <rtept lat="47.0856" lon="10.961352">
      <ele>1170.04</ele>
      <time>2025-06-25T15:00:57Z</time>
    </rtept>
    <rtept lat="47.08339" lon="10.962746">
      <ele>1170.52</ele>
      <time>2025-06-25T15:01:07Z</time>
    </rtept>
    <rtept lat="47.082038" lon="10.963583">
      <ele>1172.44</ele>
      <time>2025-06-25T15:01:13Z</time>
    </rtept>
    <rtept lat="47.081888" lon="10.963733">
      <ele>1173.41</ele>
      <time>2025-06-25T15:01:14Z</time>
    </rtept>
    <rtept lat="47.081717" lon="10.963991">
      <ele>1173.89</ele>
      <time>2025-06-25T15:01:15Z</time>
    </rtept>
    <rtept lat="47.081566" lon="10.964205">
      <ele>1173.89</ele>
      <time>2025-06-25T15:01:16Z</time>
    </rtept>
    <rtept lat="47.081416" lon="10.964441">
      <ele>1173.89</ele>
      <time>2025-06-25T15:01:17Z</time>
    </rtept>
    <rtept lat="47.081287" lon="10.964677">
      <ele>1173.41</ele>
      <time>2025-06-25T15:01:18Z</time>
    </rtept>
    <rtept lat="47.08015" lon="10.966115">
      <ele>1175.33</ele>
      <time>2025-06-25T15:01:25Z</time>
    </rtept>
    <rtept lat="47.079378" lon="10.96678">
      <ele>1177.73</ele>
      <time>2025-06-25T15:01:31Z</time>
    </rtept>
    <rtept lat="47.07882" lon="10.967231">
      <ele>1180.62</ele>
      <time>2025-06-25T15:01:39Z</time>
    </rtept>
    <rtept lat="47.078326" lon="10.96766">
      <ele>1181.1</ele>
      <time>2025-06-25T15:01:49Z</time>
    </rtept>
    <rtept lat="47.077253" lon="10.96839">
      <ele>1183.5</ele>
      <time>2025-06-25T15:02:00Z</time>
    </rtept>
    <rtept lat="47.076073" lon="10.969334">
      <ele>1185.9</ele>
      <time>2025-06-25T15:02:12Z</time>
    </rtept>
    <rtept lat="47.075902" lon="10.969441">
      <ele>1189.27</ele>
      <time>2025-06-25T15:02:14Z</time>
    </rtept>
    <rtept lat="47.075687" lon="10.96957">
      <ele>1190.71</ele>
      <time>2025-06-25T15:02:17Z</time>
    </rtept>
    <rtept lat="47.075623" lon="10.969591">
      <ele>1187.83</ele>
      <time>2025-06-25T15:02:18Z</time>
    </rtept>
    <rtept lat="47.075515" lon="10.96972">
      <ele>1183.5</ele>
      <time>2025-06-25T15:02:20Z</time>
    </rtept>
    <rtept lat="47.075472" lon="10.969741">
      <ele>1181.58</ele>
      <time>2025-06-25T15:02:21Z</time>
    </rtept>
    <rtept lat="47.075258" lon="10.969827">
      <ele>1180.14</ele>
      <time>2025-06-25T15:02:23Z</time>
    </rtept>
    <rtept lat="47.075151" lon="10.96987">
      <ele>1182.06</ele>
      <time>2025-06-25T15:02:24Z</time>
    </rtept>
    <rtept lat="47.073691" lon="10.970235">
      <ele>1186.38</ele>
      <time>2025-06-25T15:02:35Z</time>
    </rtept>
    <rtept lat="47.07264" lon="10.970686">
      <ele>1190.23</ele>
      <time>2025-06-25T15:02:44Z</time>
    </rtept>
    <rtept lat="47.072533" lon="10.97075">
      <ele>1190.71</ele>
      <time>2025-06-25T15:02:45Z</time>
    </rtept>
    <rtept lat="47.072146" lon="10.970986">
      <ele>1190.71</ele>
      <time>2025-06-25T15:02:49Z</time>
    </rtept>
    <rtept lat="47.072061" lon="10.971029">
      <ele>1190.71</ele>
      <time>2025-06-25T15:02:50Z</time>
    </rtept>
    <rtept lat="47.071953" lon="10.971029">
      <ele>1189.27</ele>
      <time>2025-06-25T15:02:51Z</time>
    </rtept>
    <rtept lat="47.071868" lon="10.971007">
      <ele>1186.38</ele>
      <time>2025-06-25T15:02:52Z</time>
    </rtept>
    <rtept lat="47.07176" lon="10.970965">
      <ele>1185.9</ele>
      <time>2025-06-25T15:02:53Z</time>
    </rtept>
    <rtept lat="47.071653" lon="10.9709">
      <ele>1186.86</ele>
      <time>2025-06-25T15:02:54Z</time>
    </rtept>
    <rtept lat="47.071546" lon="10.970857">
      <ele>1188.31</ele>
      <time>2025-06-25T15:02:55Z</time>
    </rtept>
    <rtept lat="47.07146" lon="10.970793">
      <ele>1189.75</ele>
      <time>2025-06-25T15:02:56Z</time>
    </rtept>
    <rtept lat="47.071353" lon="10.97075">
      <ele>1188.79</ele>
      <time>2025-06-25T15:02:57Z</time>
    </rtept>
    <rtept lat="47.071267" lon="10.970686">
      <ele>1187.83</ele>
      <time>2025-06-25T15:02:58Z</time>
    </rtept>
    <rtept lat="47.071181" lon="10.970621">
      <ele>1188.31</ele>
      <time>2025-06-25T15:02:59Z</time>
    </rtept>
    <rtept lat="47.071074" lon="10.970535">
      <ele>1188.31</ele>
      <time>2025-06-25T15:03:00Z</time>
    </rtept>
    <rtept lat="47.070966" lon="10.970471">
      <ele>1188.79</ele>
      <time>2025-06-25T15:03:01Z</time>
    </rtept>
    <rtept lat="47.069936" lon="10.96987">
      <ele>1191.67</ele>
      <time>2025-06-25T15:03:11Z</time>
    </rtept>
    <rtept lat="47.068692" lon="10.969291">
      <ele>1183.5</ele>
      <time>2025-06-25T15:03:22Z</time>
    </rtept>
    <rtept lat="47.06734" lon="10.968454">
      <ele>1182.54</ele>
      <time>2025-06-25T15:03:34Z</time>
    </rtept>
    <rtept lat="47.06616" lon="10.967682">
      <ele>1186.38</ele>
      <time>2025-06-25T15:03:45Z</time>
    </rtept>
    <rtept lat="47.066031" lon="10.967574">
      <ele>1184.46</ele>
      <time>2025-06-25T15:03:47Z</time>
    </rtept>
    <rtept lat="47.065988" lon="10.967403">
      <ele>1183.02</ele>
      <time>2025-06-25T15:03:48Z</time>
    </rtept>
    <rtept lat="47.065967" lon="10.967403">
      <ele>1180.14</ele>
      <time>2025-06-25T15:03:49Z</time>
    </rtept>
    <rtept lat="47.065902" lon="10.967403">
      <ele>1178.69</ele>
      <time>2025-06-25T15:03:50Z</time>
    </rtept>
    <rtept lat="47.065774" lon="10.96751">
      <ele>1176.77</ele>
      <time>2025-06-25T15:03:51Z</time>
    </rtept>
    <rtept lat="47.065666" lon="10.96751">
      <ele>1177.25</ele>
      <time>2025-06-25T15:03:52Z</time>
    </rtept>
    <rtept lat="47.065559" lon="10.967531">
      <ele>1176.77</ele>
      <time>2025-06-25T15:03:53Z</time>
    </rtept>
    <rtept lat="47.06543" lon="10.967531">
      <ele>1177.73</ele>
      <time>2025-06-25T15:03:54Z</time>
    </rtept>
    <rtept lat="47.06528" lon="10.96751">
      <ele>1179.17</ele>
      <time>2025-06-25T15:03:55Z</time>
    </rtept>
    <rtept lat="47.063842" lon="10.967145">
      <ele>1179.65</ele>
      <time>2025-06-25T15:04:04Z</time>
    </rtept>
    <rtept lat="47.061997" lon="10.966244">
      <ele>1177.73</ele>
      <time>2025-06-25T15:04:13Z</time>
    </rtept>
    <rtept lat="47.059959" lon="10.965235">
      <ele>1177.25</ele>
      <time>2025-06-25T15:04:22Z</time>
    </rtept>
    <rtept lat="47.058328" lon="10.965128">
      <ele>1177.25</ele>
      <time>2025-06-25T15:04:30Z</time>
    </rtept>
    <rtept lat="47.056954" lon="10.965471">
      <ele>1177.25</ele>
      <time>2025-06-25T15:04:36Z</time>
    </rtept>
    <rtept lat="47.0538" lon="10.966287">
      <ele>1183.5</ele>
      <time>2025-06-25T15:04:49Z</time>
    </rtept>
    <rtept lat="47.052491" lon="10.966137">
      <ele>1190.71</ele>
      <time>2025-06-25T15:04:55Z</time>
    </rtept>
    <rtept lat="47.051354" lon="10.965879">
      <ele>1192.15</ele>
      <time>2025-06-25T15:05:02Z</time>
    </rtept>
    <rtept lat="47.050624" lon="10.965986">
      <ele>1191.67</ele>
      <time>2025-06-25T15:05:09Z</time>
    </rtept>
    <rtept lat="47.049702" lon="10.966566">
      <ele>1195.04</ele>
      <time>2025-06-25T15:05:17Z</time>
    </rtept>
    <rtept lat="47.04835" lon="10.967639">
      <ele>1198.4</ele>
      <time>2025-06-25T15:05:25Z</time>
    </rtept>
    <rtept lat="47.046097" lon="10.96942">
      <ele>1198.4</ele>
      <time>2025-06-25T15:05:37Z</time>
    </rtept>
    <rtept lat="47.044488" lon="10.971179">
      <ele>1201.76</ele>
      <time>2025-06-25T15:05:46Z</time>
    </rtept>
    <rtept lat="47.043264" lon="10.973024">
      <ele>1203.69</ele>
      <time>2025-06-25T15:05:54Z</time>
    </rtept>
    <rtept lat="47.041741" lon="10.975514">
      <ele>1203.21</ele>
      <time>2025-06-25T15:06:05Z</time>
    </rtept>
    <rtept lat="47.040968" lon="10.977702">
      <ele>1206.57</ele>
      <time>2025-06-25T15:06:13Z</time>
    </rtept>
    <rtept lat="47.039981" lon="10.981221">
      <ele>1211.86</ele>
      <time>2025-06-25T15:06:26Z</time>
    </rtept>
    <rtept lat="47.039166" lon="10.982852">
      <ele>1212.82</ele>
      <time>2025-06-25T15:06:32Z</time>
    </rtept>
    <rtept lat="47.038372" lon="10.984333">
      <ele>1212.82</ele>
      <time>2025-06-25T15:06:37Z</time>
    </rtept>
    <rtept lat="47.038222" lon="10.98459">
      <ele>1213.3</ele>
      <time>2025-06-25T15:06:38Z</time>
    </rtept>
    <rtept lat="47.038029" lon="10.984805">
      <ele>1213.78</ele>
      <time>2025-06-25T15:06:39Z</time>
    </rtept>
    <rtept lat="47.037814" lon="10.984955">
      <ele>1214.74</ele>
      <time>2025-06-25T15:06:40Z</time>
    </rtept>
    <rtept lat="47.037621" lon="10.985084">
      <ele>1215.22</ele>
      <time>2025-06-25T15:06:41Z</time>
    </rtept>
    <rtept lat="47.037385" lon="10.985148">
      <ele>1216.18</ele>
      <time>2025-06-25T15:06:42Z</time>
    </rtept>
    <rtept lat="47.037149" lon="10.985234">
      <ele>1217.63</ele>
      <time>2025-06-25T15:06:43Z</time>
    </rtept>
    <rtept lat="47.036892" lon="10.985341">
      <ele>1218.59</ele>
      <time>2025-06-25T15:06:44Z</time>
    </rtept>
    <rtept lat="47.036419" lon="10.985556">
      <ele>1220.51</ele>
      <time>2025-06-25T15:06:46Z</time>
    </rtept>
    <rtept lat="47.036183" lon="10.985685">
      <ele>1219.55</ele>
      <time>2025-06-25T15:06:47Z</time>
    </rtept>
    <rtept lat="47.035969" lon="10.985878">
      <ele>1219.07</ele>
      <time>2025-06-25T15:06:48Z</time>
    </rtept>
    <rtept lat="47.035776" lon="10.986071">
      <ele>1218.59</ele>
      <time>2025-06-25T15:06:49Z</time>
    </rtept>
    <rtept lat="47.035583" lon="10.986264">
      <ele>1218.11</ele>
      <time>2025-06-25T15:06:50Z</time>
    </rtept>
    <rtept lat="47.035389" lon="10.986521">
      <ele>1218.59</ele>
      <time>2025-06-25T15:06:51Z</time>
    </rtept>
    <rtept lat="47.035218" lon="10.986757">
      <ele>1217.63</ele>
      <time>2025-06-25T15:06:52Z</time>
    </rtept>
    <rtept lat="47.035046" lon="10.986972">
      <ele>1218.11</ele>
      <time>2025-06-25T15:06:53Z</time>
    </rtept>
    <rtept lat="47.034917" lon="10.987251">
      <ele>1218.59</ele>
      <time>2025-06-25T15:06:54Z</time>
    </rtept>
    <rtept lat="47.034789" lon="10.98753">
      <ele>1218.59</ele>
      <time>2025-06-25T15:06:55Z</time>
    </rtept>
    <rtept lat="47.03466" lon="10.98783">
      <ele>1218.59</ele>
      <time>2025-06-25T15:06:56Z</time>
    </rtept>
    <rtept lat="47.034553" lon="10.988152">
      <ele>1218.11</ele>
      <time>2025-06-25T15:06:57Z</time>
    </rtept>
    <rtept lat="47.033845" lon="10.989826">
      <ele>1223.87</ele>
      <time>2025-06-25T15:07:03Z</time>
    </rtept>
    <rtept lat="47.033694" lon="10.990019">
      <ele>1223.87</ele>
      <time>2025-06-25T15:07:04Z</time>
    </rtept>
    <rtept lat="47.033501" lon="10.990212">
      <ele>1223.39</ele>
      <time>2025-06-25T15:07:05Z</time>
    </rtept>
    <rtept lat="47.033308" lon="10.990362">
      <ele>1222.91</ele>
      <time>2025-06-25T15:07:06Z</time>
    </rtept>
    <rtept lat="47.033115" lon="10.99047">
      <ele>1223.87</ele>
      <time>2025-06-25T15:07:07Z</time>
    </rtept>
    <rtept lat="47.032922" lon="10.990598">
      <ele>1224.36</ele>
      <time>2025-06-25T15:07:08Z</time>
    </rtept>
    <rtept lat="47.032772" lon="10.990684">
      <ele>1224.36</ele>
      <time>2025-06-25T15:07:09Z</time>
    </rtept>
    <rtept lat="47.0326" lon="10.990856">
      <ele>1223.87</ele>
      <time>2025-06-25T15:07:10Z</time>
    </rtept>
    <rtept lat="47.03245" lon="10.991006">
      <ele>1223.87</ele>
      <time>2025-06-25T15:07:11Z</time>
    </rtept>
    <rtept lat="47.031463" lon="10.991779">
      <ele>1224.84</ele>
      <time>2025-06-25T15:07:18Z</time>
    </rtept>
    <rtept lat="47.031291" lon="10.991843">
      <ele>1225.32</ele>
      <time>2025-06-25T15:07:19Z</time>
    </rtept>
    <rtept lat="47.031119" lon="10.991864">
      <ele>1225.32</ele>
      <time>2025-06-25T15:07:20Z</time>
    </rtept>
    <rtept lat="47.029811" lon="10.992079">
      <ele>1224.84</ele>
      <time>2025-06-25T15:07:27Z</time>
    </rtept>
    <rtept lat="47.028244" lon="10.992701">
      <ele>1226.28</ele>
      <time>2025-06-25T15:07:36Z</time>
    </rtept>
    <rtept lat="47.026871" lon="10.993624">
      <ele>1229.16</ele>
      <time>2025-06-25T15:07:45Z</time>
    </rtept>
    <rtept lat="47.025519" lon="10.993967">
      <ele>1232.53</ele>
      <time>2025-06-25T15:07:54Z</time>
    </rtept>
    <rtept lat="47.023609" lon="10.994396">
      <ele>1233.97</ele>
      <time>2025-06-25T15:08:06Z</time>
    </rtept>
    <rtept lat="47.022043" lon="10.994933">
      <ele>1235.41</ele>
      <time>2025-06-25T15:08:15Z</time>
    </rtept>
    <rtept lat="47.020476" lon="10.995255">
      <ele>1238.29</ele>
      <time>2025-06-25T15:08:25Z</time>
    </rtept>
    <rtept lat="47.019189" lon="10.995469">
      <ele>1243.58</ele>
      <time>2025-06-25T15:08:33Z</time>
    </rtept>
    <rtept lat="47.019039" lon="10.995577">
      <ele>1244.54</ele>
      <time>2025-06-25T15:08:34Z</time>
    </rtept>
    <rtept lat="47.018889" lon="10.995705">
      <ele>1244.54</ele>
      <time>2025-06-25T15:08:35Z</time>
    </rtept>
    <rtept lat="47.01876" lon="10.995855">
      <ele>1245.02</ele>
      <time>2025-06-25T15:08:36Z</time>
    </rtept>
    <rtept lat="47.018653" lon="10.996049">
      <ele>1245.99</ele>
      <time>2025-06-25T15:08:37Z</time>
    </rtept>
    <rtept lat="47.018545" lon="10.996242">
      <ele>1246.95</ele>
      <time>2025-06-25T15:08:38Z</time>
    </rtept>
    <rtept lat="47.018459" lon="10.996435">
      <ele>1247.91</ele>
      <time>2025-06-25T15:08:39Z</time>
    </rtept>
    <rtept lat="47.018395" lon="10.996649">
      <ele>1249.83</ele>
      <time>2025-06-25T15:08:40Z</time>
    </rtept>
    <rtept lat="47.018352" lon="10.996864">
      <ele>1249.83</ele>
      <time>2025-06-25T15:08:41Z</time>
    </rtept>
    <rtept lat="47.018309" lon="10.997079">
      <ele>1250.79</ele>
      <time>2025-06-25T15:08:42Z</time>
    </rtept>
    <rtept lat="47.018288" lon="10.997293">
      <ele>1251.27</ele>
      <time>2025-06-25T15:08:43Z</time>
    </rtept>
    <rtept lat="47.018245" lon="10.997486">
      <ele>1252.71</ele>
      <time>2025-06-25T15:08:44Z</time>
    </rtept>
    <rtept lat="47.018202" lon="10.997851">
      <ele>1251.27</ele>
      <time>2025-06-25T15:08:46Z</time>
    </rtept>
    <rtept lat="47.018116" lon="10.998044">
      <ele>1251.75</ele>
      <time>2025-06-25T15:08:47Z</time>
    </rtept>
    <rtept lat="47.018052" lon="10.998216">
      <ele>1252.23</ele>
      <time>2025-06-25T15:08:48Z</time>
    </rtept>
    <rtept lat="47.017944" lon="10.998366">
      <ele>1254.16</ele>
      <time>2025-06-25T15:08:49Z</time>
    </rtept>
    <rtept lat="47.017816" lon="10.998452">
      <ele>1255.12</ele>
      <time>2025-06-25T15:08:50Z</time>
    </rtept>
    <rtept lat="47.017687" lon="10.998538">
      <ele>1252.71</ele>
      <time>2025-06-25T15:08:51Z</time>
    </rtept>
    <rtept lat="47.016185" lon="10.999589">
      <ele>1253.19</ele>
      <time>2025-06-25T15:09:03Z</time>
    </rtept>
    <rtept lat="47.015262" lon="11.000362">
      <ele>1254.16</ele>
      <time>2025-06-25T15:09:12Z</time>
    </rtept>
    <rtept lat="47.014661" lon="11.000834">
      <ele>1254.64</ele>
      <time>2025-06-25T15:09:20Z</time>
    </rtept>
    <rtept lat="47.014361" lon="11.001027">
      <ele>1254.64</ele>
      <time>2025-06-25T15:09:21Z</time>
    </rtept>
    <rtept lat="47.013116" lon="11.001778">
      <ele>1260.4</ele>
      <time>2025-06-25T15:09:29Z</time>
    </rtept>
    <rtept lat="47.012945" lon="11.001799">
      <ele>1263.29</ele>
      <time>2025-06-25T15:09:30Z</time>
    </rtept>
    <rtept lat="47.012795" lon="11.001799">
      <ele>1264.73</ele>
      <time>2025-06-25T15:09:31Z</time>
    </rtept>
    <rtept lat="47.012623" lon="11.001799">
      <ele>1266.65</ele>
      <time>2025-06-25T15:09:32Z</time>
    </rtept>
    <rtept lat="47.012451" lon="11.001713">
      <ele>1267.13</ele>
      <time>2025-06-25T15:09:33Z</time>
    </rtept>
    <rtept lat="47.012301" lon="11.001649">
      <ele>1268.1</ele>
      <time>2025-06-25T15:09:34Z</time>
    </rtept>
    <rtept lat="47.012151" lon="11.001563">
      <ele>1270.02</ele>
      <time>2025-06-25T15:09:35Z</time>
    </rtept>
    <rtept lat="47.011014" lon="11.001156">
      <ele>1272.9</ele>
      <time>2025-06-25T15:09:43Z</time>
    </rtept>
    <rtept lat="47.010863" lon="11.001156">
      <ele>1273.86</ele>
      <time>2025-06-25T15:09:44Z</time>
    </rtept>
    <rtept lat="47.010713" lon="11.001177">
      <ele>1274.34</ele>
      <time>2025-06-25T15:09:45Z</time>
    </rtept>
    <rtept lat="47.010584" lon="11.00122">
      <ele>1274.82</ele>
      <time>2025-06-25T15:09:46Z</time>
    </rtept>
    <rtept lat="47.010477" lon="11.001263">
      <ele>1276.75</ele>
      <time>2025-06-25T15:09:47Z</time>
    </rtept>
    <rtept lat="47.01037" lon="11.001327">
      <ele>1277.23</ele>
      <time>2025-06-25T15:09:48Z</time>
    </rtept>
    <rtept lat="47.010263" lon="11.00137">
      <ele>1278.19</ele>
      <time>2025-06-25T15:09:49Z</time>
    </rtept>
    <rtept lat="47.010177" lon="11.001434">
      <ele>1279.63</ele>
      <time>2025-06-25T15:09:50Z</time>
    </rtept>
    <rtept lat="47.010091" lon="11.001477">
      <ele>1277.23</ele>
      <time>2025-06-25T15:09:51Z</time>
    </rtept>
    <rtept lat="47.009898" lon="11.001692">
      <ele>1278.67</ele>
      <time>2025-06-25T15:09:55Z</time>
    </rtept>
    <rtept lat="47.009748" lon="11.001885">
      <ele>1280.59</ele>
      <time>2025-06-25T15:09:59Z</time>
    </rtept>
    <rtept lat="47.009705" lon="11.002057">
      <ele>1281.07</ele>
      <time>2025-06-25T15:10:00Z</time>
    </rtept>
    <rtept lat="47.009683" lon="11.002164">
      <ele>1283.0</ele>
      <time>2025-06-25T15:10:01Z</time>
    </rtept>
    <rtept lat="47.00964" lon="11.002271">
      <ele>1283.96</ele>
      <time>2025-06-25T15:10:02Z</time>
    </rtept>
    <rtept lat="47.009619" lon="11.002379">
      <ele>1285.4</ele>
      <time>2025-06-25T15:10:03Z</time>
    </rtept>
    <rtept lat="47.009297" lon="11.003473">
      <ele>1297.9</ele>
      <time>2025-06-25T15:10:13Z</time>
    </rtept>
    <rtept lat="47.008675" lon="11.004546">
      <ele>1300.78</ele>
      <time>2025-06-25T15:10:26Z</time>
    </rtept>
    <rtept lat="47.007902" lon="11.005404">
      <ele>1306.07</ele>
      <time>2025-06-25T15:10:38Z</time>
    </rtept>
    <rtept lat="47.007816" lon="11.005447">
      <ele>1307.51</ele>
      <time>2025-06-25T15:10:39Z</time>
    </rtept>
    <rtept lat="47.007731" lon="11.005468">
      <ele>1308.47</ele>
      <time>2025-06-25T15:10:40Z</time>
    </rtept>
    <rtept lat="47.007087" lon="11.005747">
      <ele>1312.8</ele>
      <time>2025-06-25T15:10:47Z</time>
    </rtept>
    <rtept lat="47.007001" lon="11.00579">
      <ele>1311.83</ele>
      <time>2025-06-25T15:10:48Z</time>
    </rtept>
    <rtept lat="47.006937" lon="11.005855">
      <ele>1312.32</ele>
      <time>2025-06-25T15:10:49Z</time>
    </rtept>
    <rtept lat="47.006765" lon="11.006005">
      <ele>1313.28</ele>
      <time>2025-06-25T15:10:51Z</time>
    </rtept>
    <rtept lat="47.006701" lon="11.006069">
      <ele>1314.24</ele>
      <time>2025-06-25T15:10:52Z</time>
    </rtept>
    <rtept lat="47.005714" lon="11.006863">
      <ele>1325.77</ele>
      <time>2025-06-25T15:11:06Z</time>
    </rtept>
    <rtept lat="47.005649" lon="11.006928">
      <ele>1325.77</ele>
      <time>2025-06-25T15:11:07Z</time>
    </rtept>
    <rtept lat="47.005606" lon="11.007013">
      <ele>1323.37</ele>
      <time>2025-06-25T15:11:08Z</time>
    </rtept>
    <rtept lat="47.005542" lon="11.007142">
      <ele>1320.97</ele>
      <time>2025-06-25T15:11:09Z</time>
    </rtept>
    <rtept lat="47.005499" lon="11.007249">
      <ele>1320.01</ele>
      <time>2025-06-25T15:11:10Z</time>
    </rtept>
    <rtept lat="47.005478" lon="11.0074">
      <ele>1317.6</ele>
      <time>2025-06-25T15:11:11Z</time>
    </rtept>
    <rtept lat="47.005435" lon="11.007528">
      <ele>1317.6</ele>
      <time>2025-06-25T15:11:12Z</time>
    </rtept>
    <rtept lat="47.005413" lon="11.007636">
      <ele>1320.49</ele>
      <time>2025-06-25T15:11:13Z</time>
    </rtept>
    <rtept lat="47.00537" lon="11.007764">
      <ele>1322.89</ele>
      <time>2025-06-25T15:11:14Z</time>
    </rtept>
    <rtept lat="47.00522" lon="11.008215">
      <ele>1326.74</ele>
      <time>2025-06-25T15:11:18Z</time>
    </rtept>
    <rtept lat="47.005177" lon="11.008322">
      <ele>1329.14</ele>
      <time>2025-06-25T15:11:19Z</time>
    </rtept>
    <rtept lat="47.005156" lon="11.008365">
      <ele>1329.14</ele>
      <time>2025-06-25T15:11:20Z</time>
    </rtept>
    <rtept lat="47.005027" lon="11.008537">
      <ele>1330.58</ele>
      <time>2025-06-25T15:11:22Z</time>
    </rtept>
    <rtept lat="47.004984" lon="11.008601">
      <ele>1329.14</ele>
      <time>2025-06-25T15:11:23Z</time>
    </rtept>
    <rtept lat="47.004898" lon="11.008687">
      <ele>1328.18</ele>
      <time>2025-06-25T15:11:24Z</time>
    </rtept>
    <rtept lat="47.004641" lon="11.008902">
      <ele>1330.1</ele>
      <time>2025-06-25T15:11:27Z</time>
    </rtept>
    <rtept lat="47.004555" lon="11.008923">
      <ele>1329.62</ele>
      <time>2025-06-25T15:11:28Z</time>
    </rtept>
    <rtept lat="47.004448" lon="11.008988">
      <ele>1329.14</ele>
      <time>2025-06-25T15:11:29Z</time>
    </rtept>
    <rtept lat="47.004254" lon="11.009073">
      <ele>1328.66</ele>
      <time>2025-06-25T15:11:31Z</time>
    </rtept>
    <rtept lat="47.004147" lon="11.009116">
      <ele>1328.18</ele>
      <time>2025-06-25T15:11:32Z</time>
    </rtept>
    <rtept lat="47.004061" lon="11.009138">
      <ele>1327.22</ele>
      <time>2025-06-25T15:11:33Z</time>
    </rtept>
    <rtept lat="47.003868" lon="11.009245">
      <ele>1325.29</ele>
      <time>2025-06-25T15:11:35Z</time>
    </rtept>
    <rtept lat="47.003739" lon="11.009288">
      <ele>1327.22</ele>
      <time>2025-06-25T15:11:36Z</time>
    </rtept>
    <rtept lat="47.003611" lon="11.009352">
      <ele>1326.74</ele>
      <time>2025-06-25T15:11:37Z</time>
    </rtept>
    <rtept lat="47.003525" lon="11.009374">
      <ele>1326.74</ele>
      <time>2025-06-25T15:11:38Z</time>
    </rtept>
    <rtept lat="47.003396" lon="11.009417">
      <ele>1326.74</ele>
      <time>2025-06-25T15:11:39Z</time>
    </rtept>
    <rtept lat="47.00331" lon="11.009374">
      <ele>1326.74</ele>
      <time>2025-06-25T15:11:40Z</time>
    </rtept>
    <rtept lat="47.002817" lon="11.009245">
      <ele>1326.74</ele>
      <time>2025-06-25T15:11:45Z</time>
    </rtept>
    <rtept lat="47.002709" lon="11.009224">
      <ele>1327.22</ele>
      <time>2025-06-25T15:11:46Z</time>
    </rtept>
    <rtept lat="47.002645" lon="11.009202">
      <ele>1327.22</ele>
      <time>2025-06-25T15:11:47Z</time>
    </rtept>
    <rtept lat="47.002516" lon="11.009181">
      <ele>1327.22</ele>
      <time>2025-06-25T15:11:48Z</time>
    </rtept>
    <rtept lat="47.002409" lon="11.009181">
      <ele>1327.22</ele>
      <time>2025-06-25T15:11:49Z</time>
    </rtept>
    <rtept lat="47.002323" lon="11.009159">
      <ele>1327.22</ele>
      <time>2025-06-25T15:11:50Z</time>
    </rtept>
    <rtept lat="47.002194" lon="11.009159">
      <ele>1327.22</ele>
      <time>2025-06-25T15:11:51Z</time>
    </rtept>
    <rtept lat="47.002109" lon="11.009138">
      <ele>1327.22</ele>
      <time>2025-06-25T15:11:52Z</time>
    </rtept>
    <rtept lat="47.002001" lon="11.009116">
      <ele>1327.22</ele>
      <time>2025-06-25T15:11:53Z</time>
    </rtept>
    <rtept lat="47.001916" lon="11.009052">
      <ele>1327.22</ele>
      <time>2025-06-25T15:11:54Z</time>
    </rtept>
    <rtept lat="47.001808" lon="11.009009">
      <ele>1327.22</ele>
      <time>2025-06-25T15:11:55Z</time>
    </rtept>
    <rtept lat="47.001722" lon="11.008966">
      <ele>1327.22</ele>
      <time>2025-06-25T15:11:56Z</time>
    </rtept>
    <rtept lat="47.001615" lon="11.008902">
      <ele>1327.22</ele>
      <time>2025-06-25T15:11:57Z</time>
    </rtept>
    <rtept lat="47.001551" lon="11.00888">
      <ele>1327.22</ele>
      <time>2025-06-25T15:11:58Z</time>
    </rtept>
    <rtept lat="47.001422" lon="11.008923">
      <ele>1327.22</ele>
      <time>2025-06-25T15:11:59Z</time>
    </rtept>
    <rtept lat="47.001315" lon="11.008966">
      <ele>1327.22</ele>
      <time>2025-06-25T15:12:00Z</time>
    </rtept>
    <rtept lat="47.001165" lon="11.009009">
      <ele>1328.18</ele>
      <time>2025-06-25T15:12:01Z</time>
    </rtept>
    <rtept lat="47.000714" lon="11.009159">
      <ele>1327.7</ele>
      <time>2025-06-25T15:12:05Z</time>
    </rtept>
    <rtept lat="47.000585" lon="11.009159">
      <ele>1327.7</ele>
      <time>2025-06-25T15:12:06Z</time>
    </rtept>
    <rtept lat="46.999555" lon="11.009138">
      <ele>1332.98</ele>
      <time>2025-06-25T15:12:15Z</time>
    </rtept>
    <rtept lat="46.999469" lon="11.009202">
      <ele>1332.98</ele>
      <time>2025-06-25T15:12:16Z</time>
    </rtept>
    <rtept lat="46.999341" lon="11.009288">
      <ele>1336.35</ele>
      <time>2025-06-25T15:12:17Z</time>
    </rtept>
    <rtept lat="46.999233" lon="11.009374">
      <ele>1337.79</ele>
      <time>2025-06-25T15:12:18Z</time>
    </rtept>
    <rtept lat="46.999126" lon="11.009438">
      <ele>1336.35</ele>
      <time>2025-06-25T15:12:19Z</time>
    </rtept>
    <rtept lat="46.998418" lon="11.00991">
      <ele>1339.71</ele>
      <time>2025-06-25T15:12:26Z</time>
    </rtept>
    <rtept lat="46.998311" lon="11.009932">
      <ele>1340.67</ele>
      <time>2025-06-25T15:12:27Z</time>
    </rtept>
    <rtept lat="46.998225" lon="11.009932">
      <ele>1340.67</ele>
      <time>2025-06-25T15:12:28Z</time>
    </rtept>
    <rtept lat="46.997345" lon="11.010039">
      <ele>1340.67</ele>
      <time>2025-06-25T15:12:37Z</time>
    </rtept>
    <rtept lat="46.996809" lon="11.010168">
      <ele>1340.67</ele>
      <time>2025-06-25T15:12:44Z</time>
    </rtept>
    <rtept lat="46.996658" lon="11.010211">
      <ele>1340.67</ele>
      <time>2025-06-25T15:12:45Z</time>
    </rtept>
    <rtept lat="46.996208" lon="11.010339">
      <ele>1340.67</ele>
      <time>2025-06-25T15:12:48Z</time>
    </rtept>
    <rtept lat="46.996079" lon="11.010361">
      <ele>1340.67</ele>
      <time>2025-06-25T15:12:49Z</time>
    </rtept>
    <rtept lat="46.995972" lon="11.010361">
      <ele>1340.67</ele>
      <time>2025-06-25T15:12:50Z</time>
    </rtept>
    <rtept lat="46.995864" lon="11.010361">
      <ele>1340.67</ele>
      <time>2025-06-25T15:12:51Z</time>
    </rtept>
    <rtept lat="46.995779" lon="11.010361">
      <ele>1340.67</ele>
      <time>2025-06-25T15:12:52Z</time>
    </rtept>
    <rtept lat="46.995113" lon="11.010425">
      <ele>1341.15</ele>
      <time>2025-06-25T15:13:00Z</time>
    </rtept>
    <rtept lat="46.994277" lon="11.010683">
      <ele>1341.15</ele>
      <time>2025-06-25T15:13:08Z</time>
    </rtept>
    <rtept lat="46.994148" lon="11.010726">
      <ele>1341.15</ele>
      <time>2025-06-25T15:13:09Z</time>
    </rtept>
    <rtept lat="46.993225" lon="11.010876">
      <ele>1341.15</ele>
      <time>2025-06-25T15:13:18Z</time>
    </rtept>
    <rtept lat="46.99226" lon="11.01109">
      <ele>1341.15</ele>
      <time>2025-06-25T15:13:27Z</time>
    </rtept>
    <rtept lat="46.991122" lon="11.010962">
      <ele>1345.0</ele>
      <time>2025-06-25T15:13:38Z</time>
    </rtept>
    <rtept lat="46.990972" lon="11.011005">
      <ele>1349.81</ele>
      <time>2025-06-25T15:13:40Z</time>
    </rtept>
    <rtept lat="46.990886" lon="11.011026">
      <ele>1350.77</ele>
      <time>2025-06-25T15:13:41Z</time>
    </rtept>
    <rtept lat="46.990071" lon="11.011455">
      <ele>1349.81</ele>
      <time>2025-06-25T15:13:49Z</time>
    </rtept>
    <rtept lat="46.989406" lon="11.011756">
      <ele>1349.33</ele>
      <time>2025-06-25T15:13:55Z</time>
    </rtept>
    <rtept lat="46.988998" lon="11.011734">
      <ele>1349.81</ele>
      <time>2025-06-25T15:13:59Z</time>
    </rtept>
    <rtept lat="46.988891" lon="11.011691">
      <ele>1349.81</ele>
      <time>2025-06-25T15:14:00Z</time>
    </rtept>
    <rtept lat="46.988762" lon="11.01167">
      <ele>1349.81</ele>
      <time>2025-06-25T15:14:01Z</time>
    </rtept>
    <rtept lat="46.987947" lon="11.011434">
      <ele>1349.81</ele>
      <time>2025-06-25T15:14:06Z</time>
    </rtept>
    <rtept lat="46.987088" lon="11.011219">
      <ele>1349.81</ele>
      <time>2025-06-25T15:14:13Z</time>
    </rtept>
    <rtept lat="46.98608" lon="11.011112">
      <ele>1349.81</ele>
      <time>2025-06-25T15:14:20Z</time>
    </rtept>
    <rtept lat="46.985629" lon="11.011069">
      <ele>1349.81</ele>
      <time>2025-06-25T15:14:24Z</time>
    </rtept>
    <rtept lat="46.985522" lon="11.01109">
      <ele>1349.81</ele>
      <time>2025-06-25T15:14:25Z</time>
    </rtept>
    <rtept lat="46.985436" lon="11.011133">
      <ele>1349.81</ele>
      <time>2025-06-25T15:14:26Z</time>
    </rtept>
    <rtept lat="46.98535" lon="11.011176">
      <ele>1349.81</ele>
      <time>2025-06-25T15:14:27Z</time>
    </rtept>
    <rtept lat="46.985243" lon="11.011241">
      <ele>1350.29</ele>
      <time>2025-06-25T15:14:28Z</time>
    </rtept>
    <rtept lat="46.985157" lon="11.011305">
      <ele>1349.81</ele>
      <time>2025-06-25T15:14:29Z</time>
    </rtept>
    <rtept lat="46.985071" lon="11.011391">
      <ele>1349.81</ele>
      <time>2025-06-25T15:14:30Z</time>
    </rtept>
    <rtept lat="46.984599" lon="11.01182">
      <ele>1349.81</ele>
      <time>2025-06-25T15:14:35Z</time>
    </rtept>
    <rtept lat="46.984492" lon="11.011863">
      <ele>1349.81</ele>
      <time>2025-06-25T15:14:36Z</time>
    </rtept>
    <rtept lat="46.984363" lon="11.011927">
      <ele>1349.81</ele>
      <time>2025-06-25T15:14:37Z</time>
    </rtept>
    <rtept lat="46.984256" lon="11.01197">
      <ele>1350.29</ele>
      <time>2025-06-25T15:14:38Z</time>
    </rtept>
    <rtept lat="46.984149" lon="11.011992">
      <ele>1349.81</ele>
      <time>2025-06-25T15:14:39Z</time>
    </rtept>
    <rtept lat="46.983998" lon="11.011992">
      <ele>1349.81</ele>
      <time>2025-06-25T15:14:40Z</time>
    </rtept>
    <rtept lat="46.982925" lon="11.012099">
      <ele>1349.81</ele>
      <time>2025-06-25T15:14:45Z</time>
    </rtept>
    <rtept lat="46.982196" lon="11.012056">
      <ele>1350.29</ele>
      <time>2025-06-25T15:14:50Z</time>
    </rtept>
    <rtept lat="46.98211" lon="11.01197">
      <ele>1350.29</ele>
      <time>2025-06-25T15:14:51Z</time>
    </rtept>
    <rtept lat="46.982046" lon="11.011884">
      <ele>1350.29</ele>
      <time>2025-06-25T15:14:52Z</time>
    </rtept>
    <rtept lat="46.98196" lon="11.01182">
      <ele>1350.77</ele>
      <time>2025-06-25T15:14:53Z</time>
    </rtept>
    <rtept lat="46.981896" lon="11.011734">
      <ele>1350.29</ele>
      <time>2025-06-25T15:14:54Z</time>
    </rtept>
    <rtept lat="46.981831" lon="11.011627">
      <ele>1350.29</ele>
      <time>2025-06-25T15:14:55Z</time>
    </rtept>
    <rtept lat="46.981745" lon="11.011477">
      <ele>1350.29</ele>
      <time>2025-06-25T15:14:56Z</time>
    </rtept>
    <rtept lat="46.981144" lon="11.010533">
      <ele>1350.29</ele>
      <time>2025-06-25T15:15:00Z</time>
    </rtept>
    <rtept lat="46.98063" lon="11.009846">
      <ele>1350.29</ele>
      <time>2025-06-25T15:15:03Z</time>
    </rtept>
    <rtept lat="46.980458" lon="11.009739">
      <ele>1350.29</ele>
      <time>2025-06-25T15:15:04Z</time>
    </rtept>
    <rtept lat="46.980286" lon="11.009674">
      <ele>1349.81</ele>
      <time>2025-06-25T15:15:05Z</time>
    </rtept>
    <rtept lat="46.980093" lon="11.009653">
      <ele>1350.29</ele>
      <time>2025-06-25T15:15:06Z</time>
    </rtept>
    <rtept lat="46.979943" lon="11.009696">
      <ele>1350.29</ele>
      <time>2025-06-25T15:15:07Z</time>
    </rtept>
    <rtept lat="46.979728" lon="11.009781">
      <ele>1350.29</ele>
      <time>2025-06-25T15:15:08Z</time>
    </rtept>
    <rtept lat="46.979557" lon="11.009889">
      <ele>1350.29</ele>
      <time>2025-06-25T15:15:09Z</time>
    </rtept>
    <rtept lat="46.979406" lon="11.009996">
      <ele>1349.81</ele>
      <time>2025-06-25T15:15:10Z</time>
    </rtept>
    <rtept lat="46.978012" lon="11.011005">
      <ele>1350.77</ele>
      <time>2025-06-25T15:15:20Z</time>
    </rtept>
    <rtept lat="46.977754" lon="11.011112">
      <ele>1350.29</ele>
      <time>2025-06-25T15:15:22Z</time>
    </rtept>
    <rtept lat="46.977625" lon="11.011155">
      <ele>1350.77</ele>
      <time>2025-06-25T15:15:23Z</time>
    </rtept>
    <rtept lat="46.976059" lon="11.011284">
      <ele>1353.65</ele>
      <time>2025-06-25T15:15:34Z</time>
    </rtept>
    <rtept lat="46.974514" lon="11.010854">
      <ele>1358.46</ele>
      <time>2025-06-25T15:15:46Z</time>
    </rtept>
    <rtept lat="46.972819" lon="11.010082">
      <ele>1358.46</ele>
      <time>2025-06-25T15:16:01Z</time>
    </rtept>
    <rtept lat="46.971746" lon="11.009374">
      <ele>1360.38</ele>
      <time>2025-06-25T15:16:12Z</time>
    </rtept>
    <rtept lat="46.97166" lon="11.009288">
      <ele>1361.82</ele>
      <time>2025-06-25T15:16:13Z</time>
    </rtept>
    <rtept lat="46.971574" lon="11.009224">
      <ele>1363.75</ele>
      <time>2025-06-25T15:16:14Z</time>
    </rtept>
    <rtept lat="46.970995" lon="11.008794">
      <ele>1361.82</ele>
      <time>2025-06-25T15:16:20Z</time>
    </rtept>
    <rtept lat="46.970609" lon="11.008752">
      <ele>1361.34</ele>
      <time>2025-06-25T15:16:23Z</time>
    </rtept>
    <rtept lat="46.969944" lon="11.00873">
      <ele>1361.34</ele>
      <time>2025-06-25T15:16:31Z</time>
    </rtept>
    <rtept lat="46.969793" lon="11.00873">
      <ele>1361.82</ele>
      <time>2025-06-25T15:16:39Z</time>
    </rtept>
    <rtept lat="46.969793" lon="11.00873">
      <ele>1361.82</ele>
      <time>2025-06-25T15:16:57Z</time>
    </rtept>
    <rtept lat="46.9696" lon="11.008666">
      <ele>1361.82</ele>
      <time>2025-06-25T15:17:06Z</time>
    </rtept>
    <rtept lat="46.968957" lon="11.008344">
      <ele>1363.75</ele>
      <time>2025-06-25T15:17:16Z</time>
    </rtept>
    <rtept lat="46.968871" lon="11.008301">
      <ele>1364.23</ele>
      <time>2025-06-25T15:17:18Z</time>
    </rtept>
    <rtept lat="46.968828" lon="11.008279">
      <ele>1364.23</ele>
      <time>2025-06-25T15:17:19Z</time>
    </rtept>
    <rtept lat="46.968785" lon="11.008237">
      <ele>1364.23</ele>
      <time>2025-06-25T15:17:20Z</time>
    </rtept>
    <rtept lat="46.968678" lon="11.008194">
      <ele>1364.71</ele>
      <time>2025-06-25T15:17:23Z</time>
    </rtept>
    <rtept lat="46.968635" lon="11.008172">
      <ele>1364.71</ele>
      <time>2025-06-25T15:17:24Z</time>
    </rtept>
    <rtept lat="46.96857" lon="11.008151">
      <ele>1363.75</ele>
      <time>2025-06-25T15:17:25Z</time>
    </rtept>
    <rtept lat="46.968484" lon="11.008129">
      <ele>1362.3</ele>
      <time>2025-06-25T15:17:26Z</time>
    </rtept>
    <rtept lat="46.968442" lon="11.008108">
      <ele>1361.82</ele>
      <time>2025-06-25T15:17:27Z</time>
    </rtept>
    <rtept lat="46.968399" lon="11.008086">
      <ele>1361.82</ele>
      <time>2025-06-25T15:17:28Z</time>
    </rtept>
    <rtept lat="46.968334" lon="11.008065">
      <ele>1361.82</ele>
      <time>2025-06-25T15:17:29Z</time>
    </rtept>
    <rtept lat="46.96827" lon="11.008022">
      <ele>1362.3</ele>
      <time>2025-06-25T15:17:30Z</time>
    </rtept>
    <rtept lat="46.968206" lon="11.008001">
      <ele>1361.82</ele>
      <time>2025-06-25T15:17:31Z</time>
    </rtept>
    <rtept lat="46.967691" lon="11.007786">
      <ele>1361.82</ele>
      <time>2025-06-25T15:17:37Z</time>
    </rtept>
    <rtept lat="46.966553" lon="11.007378">
      <ele>1361.82</ele>
      <time>2025-06-25T15:17:49Z</time>
    </rtept>
    <rtept lat="46.965395" lon="11.007486">
      <ele>1362.3</ele>
      <time>2025-06-25T15:18:01Z</time>
    </rtept>
    <rtept lat="46.964558" lon="11.007636">
      <ele>1363.26</ele>
      <time>2025-06-25T15:18:12Z</time>
    </rtept>
    <rtept lat="46.964322" lon="11.0077">
      <ele>1364.23</ele>
      <time>2025-06-25T15:18:18Z</time>
    </rtept>
    <rtept lat="46.963399" lon="11.007893">
      <ele>1363.75</ele>
      <time>2025-06-25T15:18:30Z</time>
    </rtept>
    <rtept lat="46.963184" lon="11.007915">
      <ele>1362.78</ele>
      <time>2025-06-25T15:18:37Z</time>
    </rtept>
    <rtept lat="46.963163" lon="11.007936">
      <ele>1362.78</ele>
      <time>2025-06-25T15:18:39Z</time>
    </rtept>
    <rtept lat="46.963163" lon="11.007936">
      <ele>1362.78</ele>
      <time>2025-06-25T15:18:40Z</time>
    </rtept>
    <rtept lat="46.963163" lon="11.007936">
      <ele>1363.26</ele>
      <time>2025-06-25T15:18:49Z</time>
    </rtept>
    <rtept lat="46.963163" lon="11.007936">
      <ele>1362.78</ele>
      <time>2025-06-25T15:19:03Z</time>
    </rtept>
    <rtept lat="46.963163" lon="11.007936">
      <ele>1362.78</ele>
      <time>2025-06-25T15:19:18Z</time>
    </rtept>
    <rtept lat="46.963163" lon="11.007936">
      <ele>1362.78</ele>
      <time>2025-06-25T15:19:36Z</time>
    </rtept>
    <rtept lat="46.963163" lon="11.007936">
      <ele>1362.78</ele>
      <time>2025-06-25T15:19:52Z</time>
    </rtept>
    <rtept lat="46.963163" lon="11.007936">
      <ele>1362.78</ele>
      <time>2025-06-25T15:20:07Z</time>
    </rtept>
    <rtept lat="46.963163" lon="11.007936">
      <ele>1362.78</ele>
      <time>2025-06-25T15:20:25Z</time>
    </rtept>
    <rtept lat="46.96312" lon="11.007679">
      <ele>1362.78</ele>
      <time>2025-06-25T15:26:29Z</time>
    </rtept>
    <rtept lat="46.962991" lon="11.007958">
      <ele>1333.95</ele>
      <time>2025-06-25T15:26:47Z</time>
    </rtept>
    <rtept lat="46.962991" lon="11.007958">
      <ele>1331.54</ele>
      <time>2025-06-25T15:26:54Z</time>
    </rtept>
    <rtept lat="46.963099" lon="11.007936">
      <ele>1332.02</ele>
      <time>2025-06-25T15:27:05Z</time>
    </rtept>
    <rtept lat="46.96297" lon="11.007958">
      <ele>1337.79</ele>
      <time>2025-06-25T15:27:14Z</time>
    </rtept>
    <rtept lat="46.962884" lon="11.007979">
      <ele>1353.17</ele>
      <time>2025-06-25T15:27:23Z</time>
    </rtept>
    <rtept lat="46.962884" lon="11.007979">
      <ele>1353.65</ele>
      <time>2025-06-25T15:27:47Z</time>
    </rtept>
    <rtept lat="46.962884" lon="11.007979">
      <ele>1353.65</ele>
      <time>2025-06-25T15:28:11Z</time>
    </rtept>
    <rtept lat="46.962884" lon="11.007979">
      <ele>1354.13</ele>
      <time>2025-06-25T15:28:32Z</time>
    </rtept>
    <rtept lat="46.962884" lon="11.007979">
      <ele>1354.13</ele>
      <time>2025-06-25T15:28:52Z</time>
    </rtept>
    <rtept lat="46.962884" lon="11.007979">
      <ele>1354.13</ele>
      <time>2025-06-25T15:29:17Z</time>
    </rtept>
    <rtept lat="46.962884" lon="11.007979">
      <ele>1354.13</ele>
      <time>2025-06-25T15:29:40Z</time>
    </rtept>
    <rtept lat="46.962798" lon="11.007979">
      <ele>1354.13</ele>
      <time>2025-06-25T15:29:58Z</time>
    </rtept>
    <rtept lat="46.962755" lon="11.008001">
      <ele>1353.65</ele>
      <time>2025-06-25T15:29:59Z</time>
    </rtept>
    <rtept lat="46.962691" lon="11.008001">
      <ele>1354.13</ele>
      <time>2025-06-25T15:30:00Z</time>
    </rtept>
    <rtept lat="46.961854" lon="11.008108">
      <ele>1354.61</ele>
      <time>2025-06-25T15:30:07Z</time>
    </rtept>
    <rtept lat="46.960416" lon="11.008301">
      <ele>1355.09</ele>
      <time>2025-06-25T15:30:18Z</time>
    </rtept>
    <rtept lat="46.959773" lon="11.008623">
      <ele>1355.09</ele>
      <time>2025-06-25T15:30:24Z</time>
    </rtept>
    <rtept lat="46.958442" lon="11.009631">
      <ele>1357.98</ele>
      <time>2025-06-25T15:30:36Z</time>
    </rtept>
    <rtept lat="46.957026" lon="11.010683">
      <ele>1363.26</ele>
      <time>2025-06-25T15:30:47Z</time>
    </rtept>
    <rtept lat="46.956575" lon="11.010833">
      <ele>1369.51</ele>
      <time>2025-06-25T15:30:50Z</time>
    </rtept>
    <rtept lat="46.956447" lon="11.010854">
      <ele>1371.92</ele>
      <time>2025-06-25T15:30:51Z</time>
    </rtept>
    <rtept lat="46.956318" lon="11.010811">
      <ele>1373.36</ele>
      <time>2025-06-25T15:30:52Z</time>
    </rtept>
    <rtept lat="46.956189" lon="11.010769">
      <ele>1375.28</ele>
      <time>2025-06-25T15:30:53Z</time>
    </rtept>
    <rtept lat="46.95606" lon="11.010704">
      <ele>1376.72</ele>
      <time>2025-06-25T15:30:54Z</time>
    </rtept>
    <rtept lat="46.95591" lon="11.010661">
      <ele>1379.13</ele>
      <time>2025-06-25T15:30:55Z</time>
    </rtept>
    <rtept lat="46.955782" lon="11.01064">
      <ele>1380.09</ele>
      <time>2025-06-25T15:30:56Z</time>
    </rtept>
    <rtept lat="46.955653" lon="11.010661">
      <ele>1382.01</ele>
      <time>2025-06-25T15:30:57Z</time>
    </rtept>
    <rtept lat="46.955545" lon="11.010661">
      <ele>1383.93</ele>
      <time>2025-06-25T15:30:58Z</time>
    </rtept>
    <rtept lat="46.95546" lon="11.010726">
      <ele>1384.89</ele>
      <time>2025-06-25T15:30:59Z</time>
    </rtept>
    <rtept lat="46.955331" lon="11.010854">
      <ele>1386.34</ele>
      <time>2025-06-25T15:31:00Z</time>
    </rtept>
    <rtept lat="46.955224" lon="11.010962">
      <ele>1385.38</ele>
      <time>2025-06-25T15:31:01Z</time>
    </rtept>
    <rtept lat="46.955138" lon="11.011133">
      <ele>1385.86</ele>
      <time>2025-06-25T15:31:02Z</time>
    </rtept>
    <rtept lat="46.955052" lon="11.011326">
      <ele>1387.78</ele>
      <time>2025-06-25T15:31:03Z</time>
    </rtept>
    <rtept lat="46.954966" lon="11.01152">
      <ele>1389.7</ele>
      <time>2025-06-25T15:31:04Z</time>
    </rtept>
    <rtept lat="46.954902" lon="11.011691">
      <ele>1392.1</ele>
      <time>2025-06-25T15:31:05Z</time>
    </rtept>
    <rtept lat="46.954816" lon="11.011863">
      <ele>1393.55</ele>
      <time>2025-06-25T15:31:06Z</time>
    </rtept>
    <rtept lat="46.954752" lon="11.012035">
      <ele>1394.51</ele>
      <time>2025-06-25T15:31:07Z</time>
    </rtept>
    <rtept lat="46.954601" lon="11.012335">
      <ele>1395.47</ele>
      <time>2025-06-25T15:31:09Z</time>
    </rtept>
    <rtept lat="46.954516" lon="11.012421">
      <ele>1397.39</ele>
      <time>2025-06-25T15:31:10Z</time>
    </rtept>
    <rtept lat="46.95443" lon="11.012485">
      <ele>1398.35</ele>
      <time>2025-06-25T15:31:11Z</time>
    </rtept>
    <rtept lat="46.954322" lon="11.012507">
      <ele>1399.31</ele>
      <time>2025-06-25T15:31:12Z</time>
    </rtept>
    <rtept lat="46.954237" lon="11.012528">
      <ele>1401.24</ele>
      <time>2025-06-25T15:31:13Z</time>
    </rtept>
    <rtept lat="46.954108" lon="11.012464">
      <ele>1404.6</ele>
      <time>2025-06-25T15:31:14Z</time>
    </rtept>
    <rtept lat="46.954001" lon="11.012421">
      <ele>1400.76</ele>
      <time>2025-06-25T15:31:15Z</time>
    </rtept>
    <rtept lat="46.953915" lon="11.012292">
      <ele>1401.24</ele>
      <time>2025-06-25T15:31:16Z</time>
    </rtept>
    <rtept lat="46.953829" lon="11.012056">
      <ele>1401.72</ele>
      <time>2025-06-25T15:31:17Z</time>
    </rtept>
    <rtept lat="46.953765" lon="11.011841">
      <ele>1402.68</ele>
      <time>2025-06-25T15:31:18Z</time>
    </rtept>
    <rtept lat="46.953743" lon="11.011627">
      <ele>1405.08</ele>
      <time>2025-06-25T15:31:19Z</time>
    </rtept>
    <rtept lat="46.953722" lon="11.011434">
      <ele>1407.49</ele>
      <time>2025-06-25T15:31:20Z</time>
    </rtept>
    <rtept lat="46.953679" lon="11.011047">
      <ele>1405.56</ele>
      <time>2025-06-25T15:31:22Z</time>
    </rtept>
    <rtept lat="46.953636" lon="11.010876">
      <ele>1406.04</ele>
      <time>2025-06-25T15:31:23Z</time>
    </rtept>
    <rtept lat="46.953593" lon="11.010747">
      <ele>1406.52</ele>
      <time>2025-06-25T15:31:24Z</time>
    </rtept>
    <rtept lat="46.95355" lon="11.010618">
      <ele>1408.93</ele>
      <time>2025-06-25T15:31:25Z</time>
    </rtept>
    <rtept lat="46.953464" lon="11.01049">
      <ele>1412.77</ele>
      <time>2025-06-25T15:31:26Z</time>
    </rtept>
    <rtept lat="46.9534" lon="11.010382">
      <ele>1407.97</ele>
      <time>2025-06-25T15:31:27Z</time>
    </rtept>
    <rtept lat="46.95325" lon="11.010275">
      <ele>1407.49</ele>
      <time>2025-06-25T15:31:28Z</time>
    </rtept>
    <rtept lat="46.953099" lon="11.010211">
      <ele>1408.45</ele>
      <time>2025-06-25T15:31:29Z</time>
    </rtept>
    <rtept lat="46.952949" lon="11.010168">
      <ele>1409.41</ele>
      <time>2025-06-25T15:31:30Z</time>
    </rtept>
    <rtept lat="46.952777" lon="11.010125">
      <ele>1409.41</ele>
      <time>2025-06-25T15:31:31Z</time>
    </rtept>
    <rtept lat="46.951855" lon="11.009932">
      <ele>1408.45</ele>
      <time>2025-06-25T15:31:37Z</time>
    </rtept>
    <rtept lat="46.951726" lon="11.00991">
      <ele>1408.93</ele>
      <time>2025-06-25T15:31:38Z</time>
    </rtept>
    <rtept lat="46.951619" lon="11.009932">
      <ele>1408.93</ele>
      <time>2025-06-25T15:31:39Z</time>
    </rtept>
    <rtept lat="46.951469" lon="11.009996">
      <ele>1409.41</ele>
      <time>2025-06-25T15:31:40Z</time>
    </rtept>
    <rtept lat="46.951297" lon="11.010103">
      <ele>1410.37</ele>
      <time>2025-06-25T15:31:41Z</time>
    </rtept>
    <rtept lat="46.951125" lon="11.010296">
      <ele>1413.73</ele>
      <time>2025-06-25T15:31:42Z</time>
    </rtept>
    <rtept lat="46.950975" lon="11.010468">
      <ele>1410.37</ele>
      <time>2025-06-25T15:31:43Z</time>
    </rtept>
    <rtept lat="46.950031" lon="11.011348">
      <ele>1427.67</ele>
      <time>2025-06-25T15:31:50Z</time>
    </rtept>
    <rtept lat="46.949945" lon="11.011477">
      <ele>1432.96</ele>
      <time>2025-06-25T15:31:51Z</time>
    </rtept>
    <rtept lat="46.949881" lon="11.01167">
      <ele>1438.25</ele>
      <time>2025-06-25T15:31:52Z</time>
    </rtept>
    <rtept lat="46.949838" lon="11.011841">
      <ele>1442.57</ele>
      <time>2025-06-25T15:31:53Z</time>
    </rtept>
    <rtept lat="46.949816" lon="11.012056">
      <ele>1447.86</ele>
      <time>2025-06-25T15:31:54Z</time>
    </rtept>
    <rtept lat="46.949795" lon="11.012249">
      <ele>1450.26</ele>
      <time>2025-06-25T15:31:55Z</time>
    </rtept>
    <rtept lat="46.949773" lon="11.012442">
      <ele>1451.22</ele>
      <time>2025-06-25T15:31:56Z</time>
    </rtept>
    <rtept lat="46.94973" lon="11.012828">
      <ele>1447.38</ele>
      <time>2025-06-25T15:31:58Z</time>
    </rtept>
    <rtept lat="46.949666" lon="11.013043">
      <ele>1449.3</ele>
      <time>2025-06-25T15:31:59Z</time>
    </rtept>
    <rtept lat="46.949602" lon="11.013279">
      <ele>1450.74</ele>
      <time>2025-06-25T15:32:00Z</time>
    </rtept>
    <rtept lat="46.949516" lon="11.013537">
      <ele>1451.71</ele>
      <time>2025-06-25T15:32:01Z</time>
    </rtept>
    <rtept lat="46.949452" lon="11.013794">
      <ele>1454.11</ele>
      <time>2025-06-25T15:32:02Z</time>
    </rtept>
    <rtept lat="46.948851" lon="11.015232">
      <ele>1462.28</ele>
      <time>2025-06-25T15:32:09Z</time>
    </rtept>
    <rtept lat="46.947971" lon="11.01727">
      <ele>1472.85</ele>
      <time>2025-06-25T15:32:17Z</time>
    </rtept>
    <rtept lat="46.947713" lon="11.018257">
      <ele>1480.54</ele>
      <time>2025-06-25T15:32:21Z</time>
    </rtept>
    <rtept lat="46.947735" lon="11.018493">
      <ele>1484.87</ele>
      <time>2025-06-25T15:32:22Z</time>
    </rtept>
    <rtept lat="46.947778" lon="11.018815">
      <ele>1490.16</ele>
      <time>2025-06-25T15:32:23Z</time>
    </rtept>
    <rtept lat="46.947842" lon="11.019116">
      <ele>1493.04</ele>
      <time>2025-06-25T15:32:24Z</time>
    </rtept>
    <rtept lat="46.947971" lon="11.019437">
      <ele>1485.83</ele>
      <time>2025-06-25T15:32:25Z</time>
    </rtept>
    <rtept lat="46.9481" lon="11.019695">
      <ele>1486.31</ele>
      <time>2025-06-25T15:32:26Z</time>
    </rtept>
    <rtept lat="46.94825" lon="11.019931">
      <ele>1487.27</ele>
      <time>2025-06-25T15:32:27Z</time>
    </rtept>
    <rtept lat="46.948379" lon="11.020146">
      <ele>1487.75</ele>
      <time>2025-06-25T15:32:28Z</time>
    </rtept>
    <rtept lat="46.948486" lon="11.020446">
      <ele>1489.68</ele>
      <time>2025-06-25T15:32:30Z</time>
    </rtept>
    <rtept lat="46.948529" lon="11.020768">
      <ele>1492.08</ele>
      <time>2025-06-25T15:32:31Z</time>
    </rtept>
    <rtept lat="46.948529" lon="11.020961">
      <ele>1493.52</ele>
      <time>2025-06-25T15:32:32Z</time>
    </rtept>
    <rtept lat="46.948529" lon="11.021197">
      <ele>1494.48</ele>
      <time>2025-06-25T15:32:33Z</time>
    </rtept>
    <rtept lat="46.948529" lon="11.021412">
      <ele>1493.52</ele>
      <time>2025-06-25T15:32:34Z</time>
    </rtept>
    <rtept lat="46.948422" lon="11.023193">
      <ele>1492.56</ele>
      <time>2025-06-25T15:32:41Z</time>
    </rtept>
    <rtept lat="46.948336" lon="11.023471">
      <ele>1492.08</ele>
      <time>2025-06-25T15:32:42Z</time>
    </rtept>
    <rtept lat="46.948228" lon="11.023729">
      <ele>1491.12</ele>
      <time>2025-06-25T15:32:43Z</time>
    </rtept>
    <rtept lat="46.9481" lon="11.024029">
      <ele>1488.24</ele>
      <time>2025-06-25T15:32:44Z</time>
    </rtept>
    <rtept lat="46.947949" lon="11.024287">
      <ele>1485.35</ele>
      <time>2025-06-25T15:32:45Z</time>
    </rtept>
    <rtept lat="46.947799" lon="11.024544">
      <ele>1481.51</ele>
      <time>2025-06-25T15:32:46Z</time>
    </rtept>
    <rtept lat="46.947542" lon="11.024845">
      <ele>1484.87</ele>
      <time>2025-06-25T15:32:48Z</time>
    </rtept>
    <rtept lat="46.947392" lon="11.024952">
      <ele>1483.91</ele>
      <time>2025-06-25T15:32:49Z</time>
    </rtept>
    <rtept lat="46.947198" lon="11.025081">
      <ele>1482.95</ele>
      <time>2025-06-25T15:32:50Z</time>
    </rtept>
    <rtept lat="46.947005" lon="11.02521">
      <ele>1482.47</ele>
      <time>2025-06-25T15:32:51Z</time>
    </rtept>
    <rtept lat="46.946791" lon="11.02536">
      <ele>1482.47</ele>
      <time>2025-06-25T15:32:52Z</time>
    </rtept>
    <rtept lat="46.946641" lon="11.025531">
      <ele>1482.95</ele>
      <time>2025-06-25T15:32:53Z</time>
    </rtept>
    <rtept lat="46.946512" lon="11.02566">
      <ele>1482.95</ele>
      <time>2025-06-25T15:32:54Z</time>
    </rtept>
    <rtept lat="46.946254" lon="11.025875">
      <ele>1482.95</ele>
      <time>2025-06-25T15:32:56Z</time>
    </rtept>
    <rtept lat="46.943679" lon="11.027205">
      <ele>1477.66</ele>
      <time>2025-06-25T15:33:08Z</time>
    </rtept>
    <rtept lat="46.94119" lon="11.027355">
      <ele>1472.85</ele>
      <time>2025-06-25T15:33:21Z</time>
    </rtept>
    <rtept lat="46.940632" lon="11.027205">
      <ele>1472.85</ele>
      <time>2025-06-25T15:33:24Z</time>
    </rtept>
    <rtept lat="46.940461" lon="11.027162">
      <ele>1475.74</ele>
      <time>2025-06-25T15:33:25Z</time>
    </rtept>
    <rtept lat="46.940353" lon="11.027141">
      <ele>1472.37</ele>
      <time>2025-06-25T15:33:26Z</time>
    </rtept>
    <rtept lat="46.940246" lon="11.027162">
      <ele>1468.53</ele>
      <time>2025-06-25T15:33:27Z</time>
    </rtept>
    <rtept lat="46.940053" lon="11.027227">
      <ele>1475.26</ele>
      <time>2025-06-25T15:33:28Z</time>
    </rtept>
    <rtept lat="46.939903" lon="11.027269">
      <ele>1472.85</ele>
      <time>2025-06-25T15:33:29Z</time>
    </rtept>
    <rtept lat="46.939066" lon="11.027441">
      <ele>1468.53</ele>
      <time>2025-06-25T15:33:37Z</time>
    </rtept>
    <rtept lat="46.938294" lon="11.027463">
      <ele>1475.74</ele>
      <time>2025-06-25T15:33:44Z</time>
    </rtept>
    <rtept lat="46.938186" lon="11.02742">
      <ele>1475.74</ele>
      <time>2025-06-25T15:33:45Z</time>
    </rtept>
    <rtept lat="46.937113" lon="11.026948">
      <ele>1476.7</ele>
      <time>2025-06-25T15:33:54Z</time>
    </rtept>
    <rtept lat="46.935525" lon="11.026282">
      <ele>1483.43</ele>
      <time>2025-06-25T15:34:07Z</time>
    </rtept>
    <rtept lat="46.934538" lon="11.025489">
      <ele>1496.41</ele>
      <time>2025-06-25T15:34:14Z</time>
    </rtept>
    <rtept lat="46.934281" lon="11.025167">
      <ele>1500.73</ele>
      <time>2025-06-25T15:34:16Z</time>
    </rtept>
    <rtept lat="46.934217" lon="11.024995">
      <ele>1503.14</ele>
      <time>2025-06-25T15:34:17Z</time>
    </rtept>
    <rtept lat="46.934174" lon="11.024866">
      <ele>1505.06</ele>
      <time>2025-06-25T15:34:18Z</time>
    </rtept>
    <rtept lat="46.934088" lon="11.024652">
      <ele>1506.5</ele>
      <time>2025-06-25T15:34:20Z</time>
    </rtept>
    <rtept lat="46.934088" lon="11.024652">
      <ele>1506.5</ele>
      <time>2025-06-25T15:34:21Z</time>
    </rtept>
    <rtept lat="46.934023" lon="11.024652">
      <ele>1506.98</ele>
      <time>2025-06-25T15:34:22Z</time>
    </rtept>
    <rtept lat="46.933959" lon="11.024652">
      <ele>1506.02</ele>
      <time>2025-06-25T15:34:23Z</time>
    </rtept>
    <rtept lat="46.933959" lon="11.024652">
      <ele>1503.62</ele>
      <time>2025-06-25T15:34:24Z</time>
    </rtept>
    <rtept lat="46.933938" lon="11.024802">
      <ele>1501.69</ele>
      <time>2025-06-25T15:34:25Z</time>
    </rtept>
    <rtept lat="46.934002" lon="11.024952">
      <ele>1501.21</ele>
      <time>2025-06-25T15:34:26Z</time>
    </rtept>
    <rtept lat="46.934088" lon="11.025167">
      <ele>1501.69</ele>
      <time>2025-06-25T15:34:27Z</time>
    </rtept>
    <rtept lat="46.934174" lon="11.025403">
      <ele>1501.69</ele>
      <time>2025-06-25T15:34:28Z</time>
    </rtept>
    <rtept lat="46.934281" lon="11.02566">
      <ele>1501.69</ele>
      <time>2025-06-25T15:34:29Z</time>
    </rtept>
    <rtept lat="46.934388" lon="11.025982">
      <ele>1502.17</ele>
      <time>2025-06-25T15:34:30Z</time>
    </rtept>
    <rtept lat="46.934431" lon="11.026325">
      <ele>1504.1</ele>
      <time>2025-06-25T15:34:31Z</time>
    </rtept>
    <rtept lat="46.934689" lon="11.027055">
      <ele>1505.06</ele>
      <time>2025-06-25T15:34:34Z</time>
    </rtept>
    <rtept lat="46.935483" lon="11.029136">
      <ele>1555.53</ele>
      <time>2025-06-25T15:34:41Z</time>
    </rtept>
    <rtept lat="46.935654" lon="11.029844">
      <ele>1549.76</ele>
      <time>2025-06-25T15:34:44Z</time>
    </rtept>
    <rtept lat="46.935697" lon="11.030123">
      <ele>1554.09</ele>
      <time>2025-06-25T15:34:45Z</time>
    </rtept>
    <rtept lat="46.93574" lon="11.030424">
      <ele>1554.57</ele>
      <time>2025-06-25T15:34:46Z</time>
    </rtept>
    <rtept lat="46.935869" lon="11.030874">
      <ele>1562.74</ele>
      <time>2025-06-25T15:34:48Z</time>
    </rtept>
    <rtept lat="46.935933" lon="11.031046">
      <ele>1566.58</ele>
      <time>2025-06-25T15:34:49Z</time>
    </rtept>
    <rtept lat="46.935912" lon="11.031282">
      <ele>1567.06</ele>
      <time>2025-06-25T15:34:50Z</time>
    </rtept>
    <rtept lat="46.93589" lon="11.03154">
      <ele>1568.99</ele>
      <time>2025-06-25T15:34:51Z</time>
    </rtept>
    <rtept lat="46.93589" lon="11.031819">
      <ele>1569.47</ele>
      <time>2025-06-25T15:34:52Z</time>
    </rtept>
    <rtept lat="46.935847" lon="11.032097">
      <ele>1569.95</ele>
      <time>2025-06-25T15:34:53Z</time>
    </rtept>
    <rtept lat="46.935783" lon="11.032376">
      <ele>1571.87</ele>
      <time>2025-06-25T15:34:54Z</time>
    </rtept>
    <rtept lat="46.93574" lon="11.032655">
      <ele>1573.31</ele>
      <time>2025-06-25T15:34:55Z</time>
    </rtept>
    <rtept lat="46.935697" lon="11.033085">
      <ele>1578.6</ele>
      <time>2025-06-25T15:34:57Z</time>
    </rtept>
    <rtept lat="46.935676" lon="11.033235">
      <ele>1579.56</ele>
      <time>2025-06-25T15:34:58Z</time>
    </rtept>
    <rtept lat="46.935633" lon="11.033492">
      <ele>1582.92</ele>
      <time>2025-06-25T15:35:00Z</time>
    </rtept>
    <rtept lat="46.935633" lon="11.033514">
      <ele>1583.89</ele>
      <time>2025-06-25T15:35:01Z</time>
    </rtept>
    <rtept lat="46.935633" lon="11.033514">
      <ele>1582.92</ele>
      <time>2025-06-25T15:35:02Z</time>
    </rtept>
    <rtept lat="46.935547" lon="11.033557">
      <ele>1581.48</ele>
      <time>2025-06-25T15:35:03Z</time>
    </rtept>
    <rtept lat="46.935547" lon="11.033557">
      <ele>1578.12</ele>
      <time>2025-06-25T15:35:04Z</time>
    </rtept>
    <rtept lat="46.935483" lon="11.033492">
      <ele>1577.16</ele>
      <time>2025-06-25T15:35:05Z</time>
    </rtept>
    <rtept lat="46.935461" lon="11.033256">
      <ele>1574.75</ele>
      <time>2025-06-25T15:35:06Z</time>
    </rtept>
    <rtept lat="46.93544" lon="11.032956">
      <ele>1578.6</ele>
      <time>2025-06-25T15:35:07Z</time>
    </rtept>
    <rtept lat="46.935418" lon="11.032677">
      <ele>1581.0</ele>
      <time>2025-06-25T15:35:08Z</time>
    </rtept>
    <rtept lat="46.935375" lon="11.032398">
      <ele>1585.33</ele>
      <time>2025-06-25T15:35:09Z</time>
    </rtept>
    <rtept lat="46.935354" lon="11.032119">
      <ele>1588.21</ele>
      <time>2025-06-25T15:35:10Z</time>
    </rtept>
    <rtept lat="46.935311" lon="11.031883">
      <ele>1590.61</ele>
      <time>2025-06-25T15:35:11Z</time>
    </rtept>
    <rtept lat="46.935289" lon="11.03169">
      <ele>1593.98</ele>
      <time>2025-06-25T15:35:12Z</time>
    </rtept>
    <rtept lat="46.935289" lon="11.031625">
      <ele>1594.46</ele>
      <time>2025-06-25T15:35:13Z</time>
    </rtept>
    <rtept lat="46.935289" lon="11.031625">
      <ele>1593.98</ele>
      <time>2025-06-25T15:35:14Z</time>
    </rtept>
    <rtept lat="46.935225" lon="11.031561">
      <ele>1592.06</ele>
      <time>2025-06-25T15:35:15Z</time>
    </rtept>
    <rtept lat="46.935225" lon="11.031561">
      <ele>1589.65</ele>
      <time>2025-06-25T15:35:16Z</time>
    </rtept>
    <rtept lat="46.935139" lon="11.031604">
      <ele>1584.85</ele>
      <time>2025-06-25T15:35:17Z</time>
    </rtept>
    <rtept lat="46.935139" lon="11.031604">
      <ele>1582.44</ele>
      <time>2025-06-25T15:35:18Z</time>
    </rtept>
    <rtept lat="46.935118" lon="11.031776">
      <ele>1582.92</ele>
      <time>2025-06-25T15:35:19Z</time>
    </rtept>
    <rtept lat="46.935118" lon="11.032012">
      <ele>1584.37</ele>
      <time>2025-06-25T15:35:20Z</time>
    </rtept>
    <rtept lat="46.935032" lon="11.032655">
      <ele>1587.73</ele>
      <time>2025-06-25T15:35:22Z</time>
    </rtept>
    <rtept lat="46.934946" lon="11.03302">
      <ele>1590.61</ele>
      <time>2025-06-25T15:35:23Z</time>
    </rtept>
    <rtept lat="46.934839" lon="11.033385">
      <ele>1592.54</ele>
      <time>2025-06-25T15:35:24Z</time>
    </rtept>
    <rtept lat="46.934088" lon="11.035681">
      <ele>1629.55</ele>
      <time>2025-06-25T15:35:32Z</time>
    </rtept>
    <rtept lat="46.934002" lon="11.035853">
      <ele>1631.95</ele>
      <time>2025-06-25T15:35:33Z</time>
    </rtept>
    <rtept lat="46.933895" lon="11.036046">
      <ele>1634.35</ele>
      <time>2025-06-25T15:35:34Z</time>
    </rtept>
    <rtept lat="46.933766" lon="11.036239">
      <ele>1637.24</ele>
      <time>2025-06-25T15:35:35Z</time>
    </rtept>
    <rtept lat="46.932929" lon="11.037097">
      <ele>1643.97</ele>
      <time>2025-06-25T15:35:42Z</time>
    </rtept>
    <rtept lat="46.932221" lon="11.037634">
      <ele>1645.41</ele>
      <time>2025-06-25T15:35:50Z</time>
    </rtept>
    <rtept lat="46.931298" lon="11.038342">
      <ele>1649.25</ele>
      <time>2025-06-25T15:35:56Z</time>
    </rtept>
    <rtept lat="46.930032" lon="11.039565">
      <ele>1648.29</ele>
      <time>2025-06-25T15:36:03Z</time>
    </rtept>
    <rtept lat="46.929839" lon="11.039672">
      <ele>1649.25</ele>
      <time>2025-06-25T15:36:04Z</time>
    </rtept>
    <rtept lat="46.929625" lon="11.039758">
      <ele>1649.74</ele>
      <time>2025-06-25T15:36:05Z</time>
    </rtept>
    <rtept lat="46.928766" lon="11.040144">
      <ele>1646.85</ele>
      <time>2025-06-25T15:36:09Z</time>
    </rtept>
    <rtept lat="46.928552" lon="11.040294">
      <ele>1645.89</ele>
      <time>2025-06-25T15:36:10Z</time>
    </rtept>
    <rtept lat="46.928359" lon="11.040487">
      <ele>1646.85</ele>
      <time>2025-06-25T15:36:11Z</time>
    </rtept>
    <rtept lat="46.928166" lon="11.040702">
      <ele>1646.37</ele>
      <time>2025-06-25T15:36:12Z</time>
    </rtept>
    <rtept lat="46.927972" lon="11.040938">
      <ele>1645.41</ele>
      <time>2025-06-25T15:36:13Z</time>
    </rtept>
    <rtept lat="46.927801" lon="11.041217">
      <ele>1645.89</ele>
      <time>2025-06-25T15:36:14Z</time>
    </rtept>
    <rtept lat="46.927629" lon="11.041453">
      <ele>1644.93</ele>
      <time>2025-06-25T15:36:15Z</time>
    </rtept>
    <rtept lat="46.926599" lon="11.042912">
      <ele>1648.29</ele>
      <time>2025-06-25T15:36:22Z</time>
    </rtept>
    <rtept lat="46.926299" lon="11.043191">
      <ele>1649.25</ele>
      <time>2025-06-25T15:36:24Z</time>
    </rtept>
    <rtept lat="46.926148" lon="11.043277">
      <ele>1648.77</ele>
      <time>2025-06-25T15:36:25Z</time>
    </rtept>
    <rtept lat="46.925955" lon="11.043341">
      <ele>1649.25</ele>
      <time>2025-06-25T15:36:26Z</time>
    </rtept>
    <rtept lat="46.925784" lon="11.043406">
      <ele>1649.74</ele>
      <time>2025-06-25T15:36:27Z</time>
    </rtept>
    <rtept lat="46.925569" lon="11.043406">
      <ele>1649.25</ele>
      <time>2025-06-25T15:36:28Z</time>
    </rtept>
    <rtept lat="46.925397" lon="11.043406">
      <ele>1649.25</ele>
      <time>2025-06-25T15:36:29Z</time>
    </rtept>
    <rtept lat="46.925183" lon="11.043406">
      <ele>1649.74</ele>
      <time>2025-06-25T15:36:30Z</time>
    </rtept>
    <rtept lat="46.92499" lon="11.04347">
      <ele>1650.7</ele>
      <time>2025-06-25T15:36:31Z</time>
    </rtept>
    <rtept lat="46.924818" lon="11.043534">
      <ele>1649.74</ele>
      <time>2025-06-25T15:36:32Z</time>
    </rtept>
    <rtept lat="46.924625" lon="11.043577">
      <ele>1649.74</ele>
      <time>2025-06-25T15:36:33Z</time>
    </rtept>
    <rtept lat="46.924453" lon="11.043642">
      <ele>1649.74</ele>
      <time>2025-06-25T15:36:34Z</time>
    </rtept>
    <rtept lat="46.924282" lon="11.043706">
      <ele>1650.22</ele>
      <time>2025-06-25T15:36:35Z</time>
    </rtept>
    <rtept lat="46.92411" lon="11.043685">
      <ele>1650.22</ele>
      <time>2025-06-25T15:36:36Z</time>
    </rtept>
    <rtept lat="46.923917" lon="11.043642">
      <ele>1650.22</ele>
      <time>2025-06-25T15:36:37Z</time>
    </rtept>
    <rtept lat="46.922587" lon="11.04362">
      <ele>1650.22</ele>
      <time>2025-06-25T15:36:43Z</time>
    </rtept>
    <rtept lat="46.921149" lon="11.043599">
      <ele>1655.98</ele>
      <time>2025-06-25T15:36:50Z</time>
    </rtept>
    <rtept lat="46.920248" lon="11.043277">
      <ele>1667.04</ele>
      <time>2025-06-25T15:36:54Z</time>
    </rtept>
    <rtept lat="46.918767" lon="11.042869">
      <ele>1676.65</ele>
      <time>2025-06-25T15:37:01Z</time>
    </rtept>
    <rtept lat="46.916729" lon="11.042633">
      <ele>1686.27</ele>
      <time>2025-06-25T15:37:10Z</time>
    </rtept>
    <rtept lat="46.915377" lon="11.042118">
      <ele>1686.75</ele>
      <time>2025-06-25T15:37:17Z</time>
    </rtept>
    <rtept lat="46.913617" lon="11.041281">
      <ele>1686.75</ele>
      <time>2025-06-25T15:37:26Z</time>
    </rtept>
    <rtept lat="46.912973" lon="11.040981">
      <ele>1686.75</ele>
      <time>2025-06-25T15:37:32Z</time>
    </rtept>
    <rtept lat="46.912995" lon="11.041002">
      <ele>1686.75</ele>
      <time>2025-06-25T15:37:33Z</time>
    </rtept>
    <rtept lat="46.906257" lon="11.04008">
      <ele>1660.31</ele>
      <time>2025-06-25T15:38:07Z</time>
    </rtept>
    <rtept lat="46.906" lon="11.039994">
      <ele>1685.3</ele>
      <time>2025-06-25T15:38:08Z</time>
    </rtept>
    <rtept lat="46.905742" lon="11.03993">
      <ele>1710.3</ele>
      <time>2025-06-25T15:38:09Z</time>
    </rtept>
    <rtept lat="46.905742" lon="11.03993">
      <ele>1752.12</ele>
      <time>2025-06-25T15:38:13Z</time>
    </rtept>
    <rtept lat="46.903618" lon="11.039543">
      <ele>1784.32</ele>
      <time>2025-06-25T15:38:24Z</time>
    </rtept>
    <rtept lat="46.903554" lon="11.03993">
      <ele>1780.95</ele>
      <time>2025-06-25T15:38:25Z</time>
    </rtept>
    <rtept lat="46.903554" lon="11.040208">
      <ele>1780.47</ele>
      <time>2025-06-25T15:38:26Z</time>
    </rtept>
    <rtept lat="46.903596" lon="11.040402">
      <ele>1778.55</ele>
      <time>2025-06-25T15:38:27Z</time>
    </rtept>
    <rtept lat="46.903639" lon="11.040573">
      <ele>1778.07</ele>
      <time>2025-06-25T15:38:28Z</time>
    </rtept>
    <rtept lat="46.903661" lon="11.040681">
      <ele>1782.88</ele>
      <time>2025-06-25T15:38:29Z</time>
    </rtept>
    <rtept lat="46.903661" lon="11.040702">
      <ele>1783.36</ele>
      <time>2025-06-25T15:38:30Z</time>
    </rtept>
    <rtept lat="46.903639" lon="11.040809">
      <ele>1784.32</ele>
      <time>2025-06-25T15:38:31Z</time>
    </rtept>
    <rtept lat="46.903639" lon="11.040809">
      <ele>1783.36</ele>
      <time>2025-06-25T15:38:32Z</time>
    </rtept>
    <rtept lat="46.903575" lon="11.040831">
      <ele>1777.59</ele>
      <time>2025-06-25T15:38:33Z</time>
    </rtept>
    <rtept lat="46.903532" lon="11.040809">
      <ele>1776.63</ele>
      <time>2025-06-25T15:38:34Z</time>
    </rtept>
    <rtept lat="46.903446" lon="11.040702">
      <ele>1776.63</ele>
      <time>2025-06-25T15:38:35Z</time>
    </rtept>
    <rtept lat="46.903339" lon="11.04053">
      <ele>1781.92</ele>
      <time>2025-06-25T15:38:36Z</time>
    </rtept>
    <rtept lat="46.90321" lon="11.040337">
      <ele>1782.4</ele>
      <time>2025-06-25T15:38:37Z</time>
    </rtept>
    <rtept lat="46.90306" lon="11.040123">
      <ele>1782.4</ele>
      <time>2025-06-25T15:38:38Z</time>
    </rtept>
    <rtept lat="46.902888" lon="11.039951">
      <ele>1780.95</ele>
      <time>2025-06-25T15:38:39Z</time>
    </rtept>
    <rtept lat="46.902695" lon="11.039801">
      <ele>1780.95</ele>
      <time>2025-06-25T15:38:40Z</time>
    </rtept>
    <rtept lat="46.902524" lon="11.039715">
      <ele>1780.95</ele>
      <time>2025-06-25T15:38:41Z</time>
    </rtept>
    <rtept lat="46.902309" lon="11.039672">
      <ele>1781.44</ele>
      <time>2025-06-25T15:38:42Z</time>
    </rtept>
    <rtept lat="46.902116" lon="11.039672">
      <ele>1783.84</ele>
      <time>2025-06-25T15:38:43Z</time>
    </rtept>
    <rtept lat="46.901923" lon="11.039693">
      <ele>1784.32</ele>
      <time>2025-06-25T15:38:44Z</time>
    </rtept>
    <rtept lat="46.90173" lon="11.039715">
      <ele>1785.28</ele>
      <time>2025-06-25T15:38:45Z</time>
    </rtept>
    <rtept lat="46.901558" lon="11.039736">
      <ele>1784.8</ele>
      <time>2025-06-25T15:38:46Z</time>
    </rtept>
    <rtept lat="46.900807" lon="11.039844">
      <ele>1785.76</ele>
      <time>2025-06-25T15:38:52Z</time>
    </rtept>
    <rtept lat="46.899562" lon="11.039972">
      <ele>1785.76</ele>
      <time>2025-06-25T15:39:03Z</time>
    </rtept>
    <rtept lat="46.898039" lon="11.040123">
      <ele>1785.28</ele>
      <time>2025-06-25T15:39:15Z</time>
    </rtept>
    <rtept lat="46.896816" lon="11.04023">
      <ele>1785.28</ele>
      <time>2025-06-25T15:39:23Z</time>
    </rtept>
    <rtept lat="46.895614" lon="11.040316">
      <ele>1789.13</ele>
      <time>2025-06-25T15:39:31Z</time>
    </rtept>
    <rtept lat="46.894048" lon="11.04008">
      <ele>1792.97</ele>
      <time>2025-06-25T15:39:42Z</time>
    </rtept>
    <rtept lat="46.892181" lon="11.039693">
      <ele>1800.66</ele>
      <time>2025-06-25T15:39:55Z</time>
    </rtept>
    <rtept lat="46.890207" lon="11.039457">
      <ele>1806.43</ele>
      <time>2025-06-25T15:40:08Z</time>
    </rtept>
    <rtept lat="46.888705" lon="11.039393">
      <ele>1814.6</ele>
      <time>2025-06-25T15:40:16Z</time>
    </rtept>
    <rtept lat="46.887031" lon="11.039136">
      <ele>1827.1</ele>
      <time>2025-06-25T15:40:25Z</time>
    </rtept>
    <rtept lat="46.886945" lon="11.039028">
      <ele>1829.02</ele>
      <time>2025-06-25T15:40:26Z</time>
    </rtept>
    <rtept lat="46.886838" lon="11.038857">
      <ele>1830.46</ele>
      <time>2025-06-25T15:40:27Z</time>
    </rtept>
    <rtept lat="46.886731" lon="11.038706">
      <ele>1831.9</ele>
      <time>2025-06-25T15:40:28Z</time>
    </rtept>
    <rtept lat="46.886645" lon="11.038492">
      <ele>1831.42</ele>
      <time>2025-06-25T15:40:29Z</time>
    </rtept>
    <rtept lat="46.886581" lon="11.038342">
      <ele>1831.42</ele>
      <time>2025-06-25T15:40:30Z</time>
    </rtept>
    <rtept lat="46.886516" lon="11.038191">
      <ele>1830.94</ele>
      <time>2025-06-25T15:40:31Z</time>
    </rtept>
    <rtept lat="46.88643" lon="11.038084">
      <ele>1830.94</ele>
      <time>2025-06-25T15:40:32Z</time>
    </rtept>
    <rtept lat="46.886323" lon="11.03802">
      <ele>1831.9</ele>
      <time>2025-06-25T15:40:33Z</time>
    </rtept>
    <rtept lat="46.886259" lon="11.037977">
      <ele>1834.79</ele>
      <time>2025-06-25T15:40:34Z</time>
    </rtept>
    <rtept lat="46.886151" lon="11.037998">
      <ele>1836.23</ele>
      <time>2025-06-25T15:40:35Z</time>
    </rtept>
    <rtept lat="46.886087" lon="11.037998">
      <ele>1839.11</ele>
      <time>2025-06-25T15:40:36Z</time>
    </rtept>
    <rtept lat="46.88598" lon="11.038063">
      <ele>1841.04</ele>
      <time>2025-06-25T15:40:37Z</time>
    </rtept>
    <rtept lat="46.885894" lon="11.038149">
      <ele>1841.04</ele>
      <time>2025-06-25T15:40:38Z</time>
    </rtept>
    <rtept lat="46.885808" lon="11.038299">
      <ele>1840.56</ele>
      <time>2025-06-25T15:40:39Z</time>
    </rtept>
    <rtept lat="46.885744" lon="11.038492">
      <ele>1840.56</ele>
      <time>2025-06-25T15:40:40Z</time>
    </rtept>
    <rtept lat="46.885679" lon="11.038706">
      <ele>1841.52</ele>
      <time>2025-06-25T15:40:41Z</time>
    </rtept>
    <rtept lat="46.885636" lon="11.0389">
      <ele>1844.88</ele>
      <time>2025-06-25T15:40:42Z</time>
    </rtept>
    <rtept lat="46.885615" lon="11.039136">
      <ele>1847.77</ele>
      <time>2025-06-25T15:40:43Z</time>
    </rtept>
    <rtept lat="46.885658" lon="11.039393">
      <ele>1849.21</ele>
      <time>2025-06-25T15:40:44Z</time>
    </rtept>
    <rtept lat="46.885679" lon="11.039522">
      <ele>1850.65</ele>
      <time>2025-06-25T15:40:45Z</time>
    </rtept>
    <rtept lat="46.885808" lon="11.039758">
      <ele>1844.88</ele>
      <time>2025-06-25T15:40:46Z</time>
    </rtept>
    <rtept lat="46.885958" lon="11.039865">
      <ele>1840.56</ele>
      <time>2025-06-25T15:40:47Z</time>
    </rtept>
    <rtept lat="46.886087" lon="11.039972">
      <ele>1840.08</ele>
      <time>2025-06-25T15:40:48Z</time>
    </rtept>
    <rtept lat="46.886237" lon="11.040015">
      <ele>1844.88</ele>
      <time>2025-06-25T15:40:49Z</time>
    </rtept>
    <rtept lat="46.88643" lon="11.040015">
      <ele>1845.84</ele>
      <time>2025-06-25T15:40:50Z</time>
    </rtept>
    <rtept lat="46.886645" lon="11.040015">
      <ele>1846.8</ele>
      <time>2025-06-25T15:40:51Z</time>
    </rtept>
    <rtept lat="46.886902" lon="11.040058">
      <ele>1849.21</ele>
      <time>2025-06-25T15:40:52Z</time>
    </rtept>
    <rtept lat="46.887031" lon="11.04008">
      <ele>1851.61</ele>
      <time>2025-06-25T15:40:53Z</time>
    </rtept>
    <rtept lat="46.887289" lon="11.040251">
      <ele>1853.53</ele>
      <time>2025-06-25T15:40:54Z</time>
    </rtept>
    <rtept lat="46.88746" lon="11.040359">
      <ele>1855.46</ele>
      <time>2025-06-25T15:40:55Z</time>
    </rtept>
    <rtept lat="46.887847" lon="11.040595">
      <ele>1863.15</ele>
      <time>2025-06-25T15:40:57Z</time>
    </rtept>
    <rtept lat="46.88804" lon="11.040681">
      <ele>1865.55</ele>
      <time>2025-06-25T15:40:58Z</time>
    </rtept>
    <rtept lat="46.888233" lon="11.040745">
      <ele>1864.59</ele>
      <time>2025-06-25T15:40:59Z</time>
    </rtept>
    <rtept lat="46.889949" lon="11.041474">
      <ele>1885.26</ele>
      <time>2025-06-25T15:41:08Z</time>
    </rtept>
    <rtept lat="46.891537" lon="11.042354">
      <ele>1903.04</ele>
      <time>2025-06-25T15:41:17Z</time>
    </rtept>
    <rtept lat="46.893061" lon="11.043234">
      <ele>1910.25</ele>
      <time>2025-06-25T15:41:27Z</time>
    </rtept>
    <rtept lat="46.893297" lon="11.043363">
      <ele>1915.54</ele>
      <time>2025-06-25T15:41:32Z</time>
    </rtept>
    <rtept lat="46.893361" lon="11.043491">
      <ele>1916.5</ele>
      <time>2025-06-25T15:41:34Z</time>
    </rtept>
    <rtept lat="46.893361" lon="11.043491">
      <ele>1917.46</ele>
      <time>2025-06-25T15:41:35Z</time>
    </rtept>
    <rtept lat="46.893211" lon="11.043534">
      <ele>1920.83</ele>
      <time>2025-06-25T15:41:36Z</time>
    </rtept>
    <rtept lat="46.893104" lon="11.043491">
      <ele>1924.19</ele>
      <time>2025-06-25T15:41:37Z</time>
    </rtept>
    <rtept lat="46.892932" lon="11.043427">
      <ele>1926.59</ele>
      <time>2025-06-25T15:41:38Z</time>
    </rtept>
    <rtept lat="46.892739" lon="11.043363">
      <ele>1929.0</ele>
      <time>2025-06-25T15:41:39Z</time>
    </rtept>
    <rtept lat="46.89143" lon="11.04317">
      <ele>1947.74</ele>
      <time>2025-06-25T15:41:46Z</time>
    </rtept>
    <rtept lat="46.891258" lon="11.043148">
      <ele>1949.66</ele>
      <time>2025-06-25T15:41:47Z</time>
    </rtept>
    <rtept lat="46.891087" lon="11.04317">
      <ele>1950.15</ele>
      <time>2025-06-25T15:41:48Z</time>
    </rtept>
    <rtept lat="46.890915" lon="11.04317">
      <ele>1951.59</ele>
      <time>2025-06-25T15:41:49Z</time>
    </rtept>
    <rtept lat="46.890593" lon="11.043191">
      <ele>1954.95</ele>
      <time>2025-06-25T15:41:51Z</time>
    </rtept>
    <rtept lat="46.890443" lon="11.04317">
      <ele>1956.39</ele>
      <time>2025-06-25T15:41:52Z</time>
    </rtept>
    <rtept lat="46.890314" lon="11.04317">
      <ele>1960.24</ele>
      <time>2025-06-25T15:41:54Z</time>
    </rtept>
    <rtept lat="46.89025" lon="11.043255">
      <ele>1961.2</ele>
      <time>2025-06-25T15:41:55Z</time>
    </rtept>
    <rtept lat="46.890228" lon="11.043277">
      <ele>1959.76</ele>
      <time>2025-06-25T15:41:56Z</time>
    </rtept>
    <rtept lat="46.890228" lon="11.043277">
      <ele>1958.8</ele>
      <time>2025-06-25T15:41:57Z</time>
    </rtept>
    <rtept lat="46.890228" lon="11.043277">
      <ele>1958.32</ele>
      <time>2025-06-25T15:41:58Z</time>
    </rtept>
    <rtept lat="46.890314" lon="11.043363">
      <ele>1958.32</ele>
      <time>2025-06-25T15:41:59Z</time>
    </rtept>
    <rtept lat="46.890357" lon="11.043363">
      <ele>1957.84</ele>
      <time>2025-06-25T15:42:00Z</time>
    </rtept>
    <rtept lat="46.890507" lon="11.043406">
      <ele>1956.87</ele>
      <time>2025-06-25T15:42:01Z</time>
    </rtept>
    <rtept lat="46.8907" lon="11.04347">
      <ele>1958.8</ele>
      <time>2025-06-25T15:42:02Z</time>
    </rtept>
    <rtept lat="46.890936" lon="11.043534">
      <ele>1961.2</ele>
      <time>2025-06-25T15:42:03Z</time>
    </rtept>
    <rtept lat="46.891151" lon="11.043685">
      <ele>1964.08</ele>
      <time>2025-06-25T15:42:04Z</time>
    </rtept>
    <rtept lat="46.891366" lon="11.043856">
      <ele>1968.89</ele>
      <time>2025-06-25T15:42:05Z</time>
    </rtept>
    <rtept lat="46.891966" lon="11.044264">
      <ele>1972.74</ele>
      <time>2025-06-25T15:42:08Z</time>
    </rtept>
    <rtept lat="46.892181" lon="11.044371">
      <ele>1976.1</ele>
      <time>2025-06-25T15:42:09Z</time>
    </rtept>
    <rtept lat="46.893361" lon="11.045036">
      <ele>2000.13</ele>
      <time>2025-06-25T15:42:15Z</time>
    </rtept>
    <rtept lat="46.893511" lon="11.045187">
      <ele>1992.44</ele>
      <time>2025-06-25T15:42:16Z</time>
    </rtept>
    <rtept lat="46.893662" lon="11.04538">
      <ele>1993.89</ele>
      <time>2025-06-25T15:42:17Z</time>
    </rtept>
    <rtept lat="46.89379" lon="11.045573">
      <ele>1996.77</ele>
      <time>2025-06-25T15:42:18Z</time>
    </rtept>
    <rtept lat="46.893941" lon="11.045745">
      <ele>2000.13</ele>
      <time>2025-06-25T15:42:19Z</time>
    </rtept>
    <rtept lat="46.894241" lon="11.046109">
      <ele>2004.46</ele>
      <time>2025-06-25T15:42:21Z</time>
    </rtept>
    <rtept lat="46.894391" lon="11.046195">
      <ele>2005.9</ele>
      <time>2025-06-25T15:42:22Z</time>
    </rtept>
    <rtept lat="46.894541" lon="11.046281">
      <ele>2007.82</ele>
      <time>2025-06-25T15:42:23Z</time>
    </rtept>
    <rtept lat="46.894692" lon="11.046367">
      <ele>2009.75</ele>
      <time>2025-06-25T15:42:24Z</time>
    </rtept>
    <rtept lat="46.89482" lon="11.046453">
      <ele>2012.15</ele>
      <time>2025-06-25T15:42:25Z</time>
    </rtept>
    <rtept lat="46.894928" lon="11.046517">
      <ele>2014.55</ele>
      <time>2025-06-25T15:42:26Z</time>
    </rtept>
    <rtept lat="46.895035" lon="11.046581">
      <ele>2016.48</ele>
      <time>2025-06-25T15:42:27Z</time>
    </rtept>
    <rtept lat="46.895207" lon="11.046732">
      <ele>2018.4</ele>
      <time>2025-06-25T15:42:31Z</time>
    </rtept>
    <rtept lat="46.895228" lon="11.04686">
      <ele>2018.88</ele>
      <time>2025-06-25T15:42:33Z</time>
    </rtept>
    <rtept lat="46.895228" lon="11.04686">
      <ele>2018.88</ele>
      <time>2025-06-25T15:42:34Z</time>
    </rtept>
    <rtept lat="46.895207" lon="11.04686">
      <ele>2021.76</ele>
      <time>2025-06-25T15:42:35Z</time>
    </rtept>
    <rtept lat="46.895121" lon="11.046882">
      <ele>2023.69</ele>
      <time>2025-06-25T15:42:36Z</time>
    </rtept>
    <rtept lat="46.894949" lon="11.046775">
      <ele>2021.28</ele>
      <time>2025-06-25T15:42:37Z</time>
    </rtept>
    <rtept lat="46.894734" lon="11.04671">
      <ele>2018.88</ele>
      <time>2025-06-25T15:42:38Z</time>
    </rtept>
    <rtept lat="46.894563" lon="11.04671">
      <ele>2021.76</ele>
      <time>2025-06-25T15:42:39Z</time>
    </rtept>
    <rtept lat="46.89437" lon="11.046753">
      <ele>2025.61</ele>
      <time>2025-06-25T15:42:40Z</time>
    </rtept>
    <rtept lat="46.894177" lon="11.046775">
      <ele>2030.41</ele>
      <time>2025-06-25T15:42:41Z</time>
    </rtept>
    <rtept lat="46.893983" lon="11.046775">
      <ele>2036.66</ele>
      <time>2025-06-25T15:42:42Z</time>
    </rtept>
    <rtept lat="46.893833" lon="11.046689">
      <ele>2040.51</ele>
      <time>2025-06-25T15:42:43Z</time>
    </rtept>
    <rtept lat="46.893704" lon="11.046603">
      <ele>2045.32</ele>
      <time>2025-06-25T15:42:44Z</time>
    </rtept>
    <rtept lat="46.893619" lon="11.04656">
      <ele>2047.24</ele>
      <time>2025-06-25T15:42:45Z</time>
    </rtept>
    <rtept lat="46.893576" lon="11.046538">
      <ele>2051.08</ele>
      <time>2025-06-25T15:42:46Z</time>
    </rtept>
    <rtept lat="46.89349" lon="11.04656">
      <ele>2053.49</ele>
      <time>2025-06-25T15:42:47Z</time>
    </rtept>
    <rtept lat="46.89349" lon="11.04656">
      <ele>2052.52</ele>
      <time>2025-06-25T15:42:48Z</time>
    </rtept>
    <rtept lat="46.89349" lon="11.04656">
      <ele>2052.04</ele>
      <time>2025-06-25T15:42:49Z</time>
    </rtept>
    <rtept lat="46.893468" lon="11.046689">
      <ele>2051.08</ele>
      <time>2025-06-25T15:42:50Z</time>
    </rtept>
    <rtept lat="46.893468" lon="11.046689">
      <ele>2051.56</ele>
      <time>2025-06-25T15:42:51Z</time>
    </rtept>
    <rtept lat="46.893619" lon="11.04686">
      <ele>2052.04</ele>
      <time>2025-06-25T15:42:52Z</time>
    </rtept>
    <rtept lat="46.893812" lon="11.047053">
      <ele>2053.49</ele>
      <time>2025-06-25T15:42:53Z</time>
    </rtept>
    <rtept lat="46.894005" lon="11.047204">
      <ele>2055.41</ele>
      <time>2025-06-25T15:42:54Z</time>
    </rtept>
    <rtept lat="46.895078" lon="11.047719">
      <ele>2074.64</ele>
      <time>2025-06-25T15:43:00Z</time>
    </rtept>
    <rtept lat="46.895249" lon="11.047719">
      <ele>2071.27</ele>
      <time>2025-06-25T15:43:01Z</time>
    </rtept>
    <rtept lat="46.8954" lon="11.047719">
      <ele>2070.79</ele>
      <time>2025-06-25T15:43:02Z</time>
    </rtept>
    <rtept lat="46.89555" lon="11.047719">
      <ele>2070.31</ele>
      <time>2025-06-25T15:43:03Z</time>
    </rtept>
    <rtept lat="46.895657" lon="11.047719">
      <ele>2070.79</ele>
      <time>2025-06-25T15:43:04Z</time>
    </rtept>
    <rtept lat="46.895829" lon="11.047826">
      <ele>2073.67</ele>
      <time>2025-06-25T15:43:05Z</time>
    </rtept>
    <rtept lat="46.895958" lon="11.047912">
      <ele>2074.64</ele>
      <time>2025-06-25T15:43:06Z</time>
    </rtept>
    <rtept lat="46.896086" lon="11.047998">
      <ele>2077.52</ele>
      <time>2025-06-25T15:43:07Z</time>
    </rtept>
    <rtept lat="46.896344" lon="11.048169">
      <ele>2083.29</ele>
      <time>2025-06-25T15:43:09Z</time>
    </rtept>
    <rtept lat="46.896537" lon="11.048191">
      <ele>2084.25</ele>
      <time>2025-06-25T15:43:10Z</time>
    </rtept>
    <rtept lat="46.896687" lon="11.048169">
      <ele>2085.69</ele>
      <time>2025-06-25T15:43:11Z</time>
    </rtept>
    <rtept lat="46.896859" lon="11.048126">
      <ele>2082.33</ele>
      <time>2025-06-25T15:43:12Z</time>
    </rtept>
    <rtept lat="46.89703" lon="11.048083">
      <ele>2083.29</ele>
      <time>2025-06-25T15:43:13Z</time>
    </rtept>
    <rtept lat="46.897309" lon="11.048083">
      <ele>2085.21</ele>
      <time>2025-06-25T15:43:15Z</time>
    </rtept>
    <rtept lat="46.897674" lon="11.048298">
      <ele>2088.09</ele>
      <time>2025-06-25T15:43:18Z</time>
    </rtept>
    <rtept lat="46.897824" lon="11.04847">
      <ele>2090.98</ele>
      <time>2025-06-25T15:43:19Z</time>
    </rtept>
    <rtept lat="46.897953" lon="11.04862">
      <ele>2092.42</ele>
      <time>2025-06-25T15:43:20Z</time>
    </rtept>
    <rtept lat="46.898082" lon="11.048834">
      <ele>2089.54</ele>
      <time>2025-06-25T15:43:21Z</time>
    </rtept>
    <rtept lat="46.898189" lon="11.049028">
      <ele>2093.38</ele>
      <time>2025-06-25T15:43:22Z</time>
    </rtept>
    <rtept lat="46.898726" lon="11.049736">
      <ele>2101.55</ele>
      <time>2025-06-25T15:43:26Z</time>
    </rtept>
    <rtept lat="46.898876" lon="11.049864">
      <ele>2102.99</ele>
      <time>2025-06-25T15:43:27Z</time>
    </rtept>
    <rtept lat="46.899026" lon="11.049972">
      <ele>2104.44</ele>
      <time>2025-06-25T15:43:28Z</time>
    </rtept>
    <rtept lat="46.899198" lon="11.050015">
      <ele>2104.44</ele>
      <time>2025-06-25T15:43:29Z</time>
    </rtept>
    <rtept lat="46.899391" lon="11.050079">
      <ele>2105.4</ele>
      <time>2025-06-25T15:43:30Z</time>
    </rtept>
    <rtept lat="46.899562" lon="11.0501">
      <ele>2106.84</ele>
      <time>2025-06-25T15:43:31Z</time>
    </rtept>
    <rtept lat="46.899734" lon="11.050079">
      <ele>2105.88</ele>
      <time>2025-06-25T15:43:32Z</time>
    </rtept>
    <rtept lat="46.899949" lon="11.050015">
      <ele>2104.44</ele>
      <time>2025-06-25T15:43:33Z</time>
    </rtept>
    <rtept lat="46.900163" lon="11.049929">
      <ele>2101.07</ele>
      <time>2025-06-25T15:43:34Z</time>
    </rtept>
    <rtept lat="46.900378" lon="11.0498">
      <ele>2100.11</ele>
      <time>2025-06-25T15:43:35Z</time>
    </rtept>
    <rtept lat="46.900592" lon="11.049671">
      <ele>2101.55</ele>
      <time>2025-06-25T15:43:36Z</time>
    </rtept>
    <rtept lat="46.901601" lon="11.049135">
      <ele>2103.47</ele>
      <time>2025-06-25T15:43:41Z</time>
    </rtept>
    <rtept lat="46.901773" lon="11.049135">
      <ele>2105.4</ele>
      <time>2025-06-25T15:43:42Z</time>
    </rtept>
    <rtept lat="46.902137" lon="11.049264">
      <ele>2112.13</ele>
      <time>2025-06-25T15:43:44Z</time>
    </rtept>
    <rtept lat="46.902288" lon="11.049371">
      <ele>2113.57</ele>
      <time>2025-06-25T15:43:45Z</time>
    </rtept>
    <rtept lat="46.902438" lon="11.0495">
      <ele>2113.09</ele>
      <time>2025-06-25T15:43:46Z</time>
    </rtept>
    <rtept lat="46.902567" lon="11.049714">
      <ele>2109.72</ele>
      <time>2025-06-25T15:43:47Z</time>
    </rtept>
    <rtept lat="46.902652" lon="11.049843">
      <ele>2107.32</ele>
      <time>2025-06-25T15:43:48Z</time>
    </rtept>
    <rtept lat="46.90276" lon="11.050165">
      <ele>2107.32</ele>
      <time>2025-06-25T15:43:49Z</time>
    </rtept>
    <rtept lat="46.902888" lon="11.050508">
      <ele>2123.18</ele>
      <time>2025-06-25T15:43:50Z</time>
    </rtept>
    <rtept lat="46.902974" lon="11.050809">
      <ele>2127.51</ele>
      <time>2025-06-25T15:43:51Z</time>
    </rtept>
    <rtept lat="46.903532" lon="11.052268">
      <ele>2141.45</ele>
      <time>2025-06-25T15:43:57Z</time>
    </rtept>
    <rtept lat="46.903596" lon="11.052332">
      <ele>2142.41</ele>
      <time>2025-06-25T15:43:58Z</time>
    </rtept>
    <rtept lat="46.903811" lon="11.052418">
      <ele>2143.37</ele>
      <time>2025-06-25T15:43:59Z</time>
    </rtept>
    <rtept lat="46.903983" lon="11.052482">
      <ele>2143.85</ele>
      <time>2025-06-25T15:44:00Z</time>
    </rtept>
    <rtept lat="46.904133" lon="11.052418">
      <ele>2140.0</ele>
      <time>2025-06-25T15:44:01Z</time>
    </rtept>
    <rtept lat="46.904347" lon="11.052354">
      <ele>2140.97</ele>
      <time>2025-06-25T15:44:02Z</time>
    </rtept>
    <rtept lat="46.904498" lon="11.052182">
      <ele>2142.89</ele>
      <time>2025-06-25T15:44:03Z</time>
    </rtept>
    <rtept lat="46.904669" lon="11.051967">
      <ele>2146.73</ele>
      <time>2025-06-25T15:44:04Z</time>
    </rtept>
    <rtept lat="46.90497" lon="11.051688">
      <ele>2150.58</ele>
      <time>2025-06-25T15:44:06Z</time>
    </rtept>
    <rtept lat="46.905249" lon="11.05156">
      <ele>2154.42</ele>
      <time>2025-06-25T15:44:08Z</time>
    </rtept>
    <rtept lat="46.905442" lon="11.051581">
      <ele>2154.9</ele>
      <time>2025-06-25T15:44:09Z</time>
    </rtept>
    <rtept lat="46.905635" lon="11.051602">
      <ele>2155.39</ele>
      <time>2025-06-25T15:44:10Z</time>
    </rtept>
    <rtept lat="46.907094" lon="11.051967">
      <ele>2165.0</ele>
      <time>2025-06-25T15:44:17Z</time>
    </rtept>
    <rtept lat="46.907931" lon="11.052289">
      <ele>2167.88</ele>
      <time>2025-06-25T15:44:23Z</time>
    </rtept>
    <rtept lat="46.908789" lon="11.052654">
      <ele>2174.13</ele>
      <time>2025-06-25T15:44:33Z</time>
    </rtept>
    <rtept lat="46.909519" lon="11.052847">
      <ele>2178.94</ele>
      <time>2025-06-25T15:44:44Z</time>
    </rtept>
    <rtept lat="46.909605" lon="11.052847">
      <ele>2179.42</ele>
      <time>2025-06-25T15:44:52Z</time>
    </rtept>
    <rtept lat="46.909605" lon="11.052847">
      <ele>2182.78</ele>
      <time>2025-06-25T15:45:09Z</time>
    </rtept>
    <rtept lat="46.909626" lon="11.052847">
      <ele>2181.34</ele>
      <time>2025-06-25T15:45:10Z</time>
    </rtept>
    <rtept lat="46.909626" lon="11.052847">
      <ele>2181.82</ele>
      <time>2025-06-25T15:45:21Z</time>
    </rtept>
    <rtept lat="46.909733" lon="11.052804">
      <ele>2213.54</ele>
      <time>2025-06-25T15:46:09Z</time>
    </rtept>
    <rtept lat="46.909926" lon="11.05289">
      <ele>2178.46</ele>
      <time>2025-06-25T15:47:01Z</time>
    </rtept>
    <rtept lat="46.909926" lon="11.05289">
      <ele>2175.57</ele>
      <time>2025-06-25T15:47:24Z</time>
    </rtept>
    <rtept lat="46.910034" lon="11.052911">
      <ele>2176.05</ele>
      <time>2025-06-25T15:47:36Z</time>
    </rtept>
    <rtept lat="46.910506" lon="11.053019">
      <ele>2175.09</ele>
      <time>2025-06-25T15:47:41Z</time>
    </rtept>
    <rtept lat="46.910613" lon="11.053019">
      <ele>2174.61</ele>
      <time>2025-06-25T15:47:42Z</time>
    </rtept>
    <rtept lat="46.91072" lon="11.053019">
      <ele>2174.13</ele>
      <time>2025-06-25T15:47:43Z</time>
    </rtept>
    <rtept lat="46.911772" lon="11.05289">
      <ele>2168.36</ele>
      <time>2025-06-25T15:47:50Z</time>
    </rtept>
    <rtept lat="46.913081" lon="11.053383">
      <ele>2162.59</ele>
      <time>2025-06-25T15:47:57Z</time>
    </rtept>
    <rtept lat="46.913231" lon="11.053426">
      <ele>2161.15</ele>
      <time>2025-06-25T15:47:58Z</time>
    </rtept>
    <rtept lat="46.913338" lon="11.053448">
      <ele>2159.23</ele>
      <time>2025-06-25T15:47:59Z</time>
    </rtept>
    <rtept lat="46.913574" lon="11.053341">
      <ele>2152.02</ele>
      <time>2025-06-25T15:48:01Z</time>
    </rtept>
    <rtept lat="46.913724" lon="11.053147">
      <ele>2150.58</ele>
      <time>2025-06-25T15:48:02Z</time>
    </rtept>
    <rtept lat="46.913853" lon="11.052997">
      <ele>2148.66</ele>
      <time>2025-06-25T15:48:03Z</time>
    </rtept>
    <rtept lat="46.913961" lon="11.052868">
      <ele>2147.69</ele>
      <time>2025-06-25T15:48:04Z</time>
    </rtept>
    <rtept lat="46.914046" lon="11.052761">
      <ele>2146.73</ele>
      <time>2025-06-25T15:48:05Z</time>
    </rtept>
    <rtept lat="46.914046" lon="11.052761">
      <ele>2145.77</ele>
      <time>2025-06-25T15:48:06Z</time>
    </rtept>
    <rtept lat="46.914282" lon="11.052783">
      <ele>2145.29</ele>
      <time>2025-06-25T15:48:07Z</time>
    </rtept>
    <rtept lat="46.914454" lon="11.052783">
      <ele>2143.85</ele>
      <time>2025-06-25T15:48:08Z</time>
    </rtept>
    <rtept lat="46.91645" lon="11.052868">
      <ele>2122.7</ele>
      <time>2025-06-25T15:48:18Z</time>
    </rtept>
    <rtept lat="46.917737" lon="11.052997">
      <ele>2109.72</ele>
      <time>2025-06-25T15:48:25Z</time>
    </rtept>
    <rtept lat="46.917887" lon="11.05304">
      <ele>2108.76</ele>
      <time>2025-06-25T15:48:26Z</time>
    </rtept>
    <rtept lat="46.918016" lon="11.053083">
      <ele>2107.32</ele>
      <time>2025-06-25T15:48:27Z</time>
    </rtept>
    <rtept lat="46.918188" lon="11.053105">
      <ele>2100.59</ele>
      <time>2025-06-25T15:48:28Z</time>
    </rtept>
    <rtept lat="46.918359" lon="11.053083">
      <ele>2097.71</ele>
      <time>2025-06-25T15:48:29Z</time>
    </rtept>
    <rtept lat="46.918552" lon="11.05304">
      <ele>2095.78</ele>
      <time>2025-06-25T15:48:30Z</time>
    </rtept>
    <rtept lat="46.920505" lon="11.052847">
      <ele>2081.84</ele>
      <time>2025-06-25T15:48:40Z</time>
    </rtept>
    <rtept lat="46.921149" lon="11.052954">
      <ele>2075.6</ele>
      <time>2025-06-25T15:48:44Z</time>
    </rtept>
    <rtept lat="46.921299" lon="11.05304">
      <ele>2074.15</ele>
      <time>2025-06-25T15:48:45Z</time>
    </rtept>
    <rtept lat="46.921385" lon="11.053147">
      <ele>2072.23</ele>
      <time>2025-06-25T15:48:46Z</time>
    </rtept>
    <rtept lat="46.921471" lon="11.053276">
      <ele>2072.71</ele>
      <time>2025-06-25T15:48:47Z</time>
    </rtept>
    <rtept lat="46.921535" lon="11.053491">
      <ele>2073.19</ele>
      <time>2025-06-25T15:48:48Z</time>
    </rtept>
    <rtept lat="46.921578" lon="11.053705">
      <ele>2074.15</ele>
      <time>2025-06-25T15:48:49Z</time>
    </rtept>
    <rtept lat="46.921599" lon="11.053963">
      <ele>2074.64</ele>
      <time>2025-06-25T15:48:50Z</time>
    </rtept>
    <rtept lat="46.921621" lon="11.054263">
      <ele>2072.71</ele>
      <time>2025-06-25T15:48:51Z</time>
    </rtept>
    <rtept lat="46.921642" lon="11.05628">
      <ele>2062.14</ele>
      <time>2025-06-25T15:48:58Z</time>
    </rtept>
    <rtept lat="46.921621" lon="11.056581">
      <ele>2061.66</ele>
      <time>2025-06-25T15:48:59Z</time>
    </rtept>
    <rtept lat="46.921535" lon="11.058598">
      <ele>2053.97</ele>
      <time>2025-06-25T15:49:05Z</time>
    </rtept>
    <rtept lat="46.921256" lon="11.060722">
      <ele>2045.8</ele>
      <time>2025-06-25T15:49:11Z</time>
    </rtept>
    <rtept lat="46.92072" lon="11.063898">
      <ele>2048.2</ele>
      <time>2025-06-25T15:49:20Z</time>
    </rtept>
    <rtept lat="46.920183" lon="11.067202">
      <ele>2063.58</ele>
      <time>2025-06-25T15:49:29Z</time>
    </rtept>
    <rtept lat="46.919969" lon="11.067996">
      <ele>2062.62</ele>
      <time>2025-06-25T15:49:32Z</time>
    </rtept>
    <rtept lat="46.919861" lon="11.068275">
      <ele>2063.58</ele>
      <time>2025-06-25T15:49:33Z</time>
    </rtept>
    <rtept lat="46.919582" lon="11.069198">
      <ele>2071.27</ele>
      <time>2025-06-25T15:49:36Z</time>
    </rtept>
    <rtept lat="46.919497" lon="11.069541">
      <ele>2073.67</ele>
      <time>2025-06-25T15:49:37Z</time>
    </rtept>
    <rtept lat="46.919475" lon="11.069863">
      <ele>2077.04</ele>
      <time>2025-06-25T15:49:38Z</time>
    </rtept>
    <rtept lat="46.919454" lon="11.070206">
      <ele>2080.4</ele>
      <time>2025-06-25T15:49:39Z</time>
    </rtept>
    <rtept lat="46.919432" lon="11.070571">
      <ele>2083.29</ele>
      <time>2025-06-25T15:49:40Z</time>
    </rtept>
    <rtept lat="46.919303" lon="11.072674">
      <ele>2103.47</ele>
      <time>2025-06-25T15:49:47Z</time>
    </rtept>
    <rtept lat="46.919153" lon="11.073403">
      <ele>2105.88</ele>
      <time>2025-06-25T15:49:50Z</time>
    </rtept>
    <rtept lat="46.919089" lon="11.07364">
      <ele>2108.28</ele>
      <time>2025-06-25T15:49:51Z</time>
    </rtept>
    <rtept lat="46.918982" lon="11.073918">
      <ele>2110.2</ele>
      <time>2025-06-25T15:49:52Z</time>
    </rtept>
    <rtept lat="46.918145" lon="11.076257">
      <ele>2137.6</ele>
      <time>2025-06-25T15:49:59Z</time>
    </rtept>
    <rtept lat="46.9169" lon="11.07894">
      <ele>2151.54</ele>
      <time>2025-06-25T15:50:07Z</time>
    </rtept>
    <rtept lat="46.916278" lon="11.080012">
      <ele>2156.35</ele>
      <time>2025-06-25T15:50:11Z</time>
    </rtept>
    <rtept lat="46.916171" lon="11.080313">
      <ele>2158.75</ele>
      <time>2025-06-25T15:50:12Z</time>
    </rtept>
    <rtept lat="46.916063" lon="11.080613">
      <ele>2161.15</ele>
      <time>2025-06-25T15:50:13Z</time>
    </rtept>
    <rtept lat="46.915978" lon="11.080935">
      <ele>2163.08</ele>
      <time>2025-06-25T15:50:14Z</time>
    </rtept>
    <rtept lat="46.915892" lon="11.081236">
      <ele>2165.96</ele>
      <time>2025-06-25T15:50:15Z</time>
    </rtept>
    <rtept lat="46.915699" lon="11.081901">
      <ele>2170.77</ele>
      <time>2025-06-25T15:50:17Z</time>
    </rtept>
    <rtept lat="46.91557" lon="11.082201">
      <ele>2173.65</ele>
      <time>2025-06-25T15:50:18Z</time>
    </rtept>
    <rtept lat="46.915398" lon="11.08248">
      <ele>2175.57</ele>
      <time>2025-06-25T15:50:19Z</time>
    </rtept>
    <rtept lat="46.913767" lon="11.085205">
      <ele>2202.49</ele>
      <time>2025-06-25T15:50:28Z</time>
    </rtept>
    <rtept lat="46.911836" lon="11.087115">
      <ele>2221.23</ele>
      <time>2025-06-25T15:50:37Z</time>
    </rtept>
    <rtept lat="46.910205" lon="11.087887">
      <ele>2243.83</ele>
      <time>2025-06-25T15:50:44Z</time>
    </rtept>
    <rtept lat="46.909412" lon="11.088102">
      <ele>2247.67</ele>
      <time>2025-06-25T15:50:49Z</time>
    </rtept>
    <rtept lat="46.909326" lon="11.088123">
      <ele>2249.11</ele>
      <time>2025-06-25T15:50:50Z</time>
    </rtept>
    <rtept lat="46.909261" lon="11.088145">
      <ele>2251.04</ele>
      <time>2025-06-25T15:50:51Z</time>
    </rtept>
    <rtept lat="46.909261" lon="11.088145">
      <ele>2252.48</ele>
      <time>2025-06-25T15:50:52Z</time>
    </rtept>
    <rtept lat="46.909261" lon="11.088145">
      <ele>2253.44</ele>
      <time>2025-06-25T15:50:53Z</time>
    </rtept>
    <rtept lat="46.909261" lon="11.088209">
      <ele>2254.88</ele>
      <time>2025-06-25T15:50:54Z</time>
    </rtept>
    <rtept lat="46.90924" lon="11.088317">
      <ele>2258.25</ele>
      <time>2025-06-25T15:50:55Z</time>
    </rtept>
    <rtept lat="46.909283" lon="11.088488">
      <ele>2261.61</ele>
      <time>2025-06-25T15:50:56Z</time>
    </rtept>
    <rtept lat="46.909412" lon="11.088703">
      <ele>2265.46</ele>
      <time>2025-06-25T15:50:57Z</time>
    </rtept>
    <rtept lat="46.909562" lon="11.088939">
      <ele>2268.34</ele>
      <time>2025-06-25T15:50:58Z</time>
    </rtept>
    <rtept lat="46.90969" lon="11.089025">
      <ele>2269.3</ele>
      <time>2025-06-25T15:50:59Z</time>
    </rtept>
    <rtept lat="46.909841" lon="11.089111">
      <ele>2272.18</ele>
      <time>2025-06-25T15:51:00Z</time>
    </rtept>
    <rtept lat="46.909991" lon="11.089153">
      <ele>2273.63</ele>
      <time>2025-06-25T15:51:01Z</time>
    </rtept>
    <rtept lat="46.91012" lon="11.089153">
      <ele>2275.07</ele>
      <time>2025-06-25T15:51:02Z</time>
    </rtept>
    <rtept lat="46.910227" lon="11.089132">
      <ele>2275.55</ele>
      <time>2025-06-25T15:51:03Z</time>
    </rtept>
    <rtept lat="46.910313" lon="11.089132">
      <ele>2276.03</ele>
      <time>2025-06-25T15:51:04Z</time>
    </rtept>
    <rtept lat="46.910377" lon="11.089132">
      <ele>2276.51</ele>
      <time>2025-06-25T15:51:05Z</time>
    </rtept>
    <rtept lat="46.910377" lon="11.089132">
      <ele>2276.51</ele>
      <time>2025-06-25T15:51:06Z</time>
    </rtept>
    <rtept lat="46.910377" lon="11.089132">
      <ele>2276.51</ele>
      <time>2025-06-25T15:51:07Z</time>
    </rtept>
    <rtept lat="46.910399" lon="11.089218">
      <ele>2275.07</ele>
      <time>2025-06-25T15:51:08Z</time>
    </rtept>
    <rtept lat="46.910399" lon="11.089261">
      <ele>2274.11</ele>
      <time>2025-06-25T15:51:09Z</time>
    </rtept>
    <rtept lat="46.910356" lon="11.089325">
      <ele>2273.63</ele>
      <time>2025-06-25T15:51:10Z</time>
    </rtept>
    <rtept lat="46.91027" lon="11.089368">
      <ele>2274.11</ele>
      <time>2025-06-25T15:51:11Z</time>
    </rtept>
    <rtept lat="46.909562" lon="11.089583">
      <ele>2283.72</ele>
      <time>2025-06-25T15:51:16Z</time>
    </rtept>
    <rtept lat="46.90851" lon="11.090012">
      <ele>2296.22</ele>
      <time>2025-06-25T15:51:21Z</time>
    </rtept>
    <rtept lat="46.907845" lon="11.090162">
      <ele>2294.29</ele>
      <time>2025-06-25T15:51:24Z</time>
    </rtept>
    <rtept lat="46.907609" lon="11.090269">
      <ele>2296.22</ele>
      <time>2025-06-25T15:51:25Z</time>
    </rtept>
    <rtept lat="46.907352" lon="11.090419">
      <ele>2300.06</ele>
      <time>2025-06-25T15:51:26Z</time>
    </rtept>
    <rtept lat="46.906279" lon="11.090913">
      <ele>2318.33</ele>
      <time>2025-06-25T15:51:30Z</time>
    </rtept>
    <rtept lat="46.905442" lon="11.090977">
      <ele>2329.38</ele>
      <time>2025-06-25T15:51:33Z</time>
    </rtept>
    <rtept lat="46.904626" lon="11.090999">
      <ele>2337.07</ele>
      <time>2025-06-25T15:51:37Z</time>
    </rtept>
    <rtept lat="46.904519" lon="11.091042">
      <ele>2339.48</ele>
      <time>2025-06-25T15:51:39Z</time>
    </rtept>
    <rtept lat="46.904519" lon="11.091042">
      <ele>2341.4</ele>
      <time>2025-06-25T15:51:40Z</time>
    </rtept>
    <rtept lat="46.904476" lon="11.091106">
      <ele>2342.36</ele>
      <time>2025-06-25T15:51:41Z</time>
    </rtept>
    <rtept lat="46.904476" lon="11.091128">
      <ele>2342.36</ele>
      <time>2025-06-25T15:51:42Z</time>
    </rtept>
    <rtept lat="46.904476" lon="11.091128">
      <ele>2343.32</ele>
      <time>2025-06-25T15:51:43Z</time>
    </rtept>
    <rtept lat="46.904584" lon="11.091213">
      <ele>2343.32</ele>
      <time>2025-06-25T15:51:44Z</time>
    </rtept>
    <rtept lat="46.904734" lon="11.091256">
      <ele>2344.28</ele>
      <time>2025-06-25T15:51:45Z</time>
    </rtept>
    <rtept lat="46.904905" lon="11.091299">
      <ele>2346.69</ele>
      <time>2025-06-25T15:51:46Z</time>
    </rtept>
    <rtept lat="46.905249" lon="11.091385">
      <ele>2346.69</ele>
      <time>2025-06-25T15:51:50Z</time>
    </rtept>
    <rtept lat="46.905292" lon="11.091514">
      <ele>2346.69</ele>
      <time>2025-06-25T15:51:51Z</time>
    </rtept>
    <rtept lat="46.905292" lon="11.091514">
      <ele>2347.17</ele>
      <time>2025-06-25T15:51:52Z</time>
    </rtept>
    <rtept lat="46.90527" lon="11.091578">
      <ele>2347.65</ele>
      <time>2025-06-25T15:51:53Z</time>
    </rtept>
    <rtept lat="46.905249" lon="11.0916">
      <ele>2349.09</ele>
      <time>2025-06-25T15:51:54Z</time>
    </rtept>
    <rtept lat="46.905056" lon="11.0916">
      <ele>2351.97</ele>
      <time>2025-06-25T15:51:55Z</time>
    </rtept>
    <rtept lat="46.904884" lon="11.091578">
      <ele>2352.93</ele>
      <time>2025-06-25T15:51:56Z</time>
    </rtept>
    <rtept lat="46.904691" lon="11.0916">
      <ele>2354.38</ele>
      <time>2025-06-25T15:51:57Z</time>
    </rtept>
    <rtept lat="46.904498" lon="11.091664">
      <ele>2355.34</ele>
      <time>2025-06-25T15:51:58Z</time>
    </rtept>
    <rtept lat="46.904305" lon="11.091728">
      <ele>2357.26</ele>
      <time>2025-06-25T15:51:59Z</time>
    </rtept>
    <rtept lat="46.903897" lon="11.091836">
      <ele>2360.63</ele>
      <time>2025-06-25T15:52:01Z</time>
    </rtept>
    <rtept lat="46.903682" lon="11.091836">
      <ele>2363.03</ele>
      <time>2025-06-25T15:52:02Z</time>
    </rtept>
    <rtept lat="46.902953" lon="11.091814">
      <ele>2371.68</ele>
      <time>2025-06-25T15:52:05Z</time>
    </rtept>
    <rtept lat="46.902717" lon="11.091879">
      <ele>2373.12</ele>
      <time>2025-06-25T15:52:06Z</time>
    </rtept>
    <rtept lat="46.901365" lon="11.092222">
      <ele>2391.39</ele>
      <time>2025-06-25T15:52:12Z</time>
    </rtept>
    <rtept lat="46.901043" lon="11.092308">
      <ele>2393.31</ele>
      <time>2025-06-25T15:52:15Z</time>
    </rtept>
    <rtept lat="46.901043" lon="11.092308">
      <ele>2393.31</ele>
      <time>2025-06-25T15:52:16Z</time>
    </rtept>
    <rtept lat="46.901043" lon="11.092372">
      <ele>2393.79</ele>
      <time>2025-06-25T15:52:17Z</time>
    </rtept>
    <rtept lat="46.901022" lon="11.092479">
      <ele>2395.23</ele>
      <time>2025-06-25T15:52:18Z</time>
    </rtept>
    <rtept lat="46.901064" lon="11.092522">
      <ele>2399.56</ele>
      <time>2025-06-25T15:52:19Z</time>
    </rtept>
    <rtept lat="46.90115" lon="11.092608">
      <ele>2399.56</ele>
      <time>2025-06-25T15:52:20Z</time>
    </rtept>
    <rtept lat="46.901322" lon="11.092694">
      <ele>2401.0</ele>
      <time>2025-06-25T15:52:21Z</time>
    </rtept>
    <rtept lat="46.902631" lon="11.093381">
      <ele>2409.17</ele>
      <time>2025-06-25T15:52:27Z</time>
    </rtept>
    <rtept lat="46.902781" lon="11.093466">
      <ele>2410.61</ele>
      <time>2025-06-25T15:52:28Z</time>
    </rtept>
    <rtept lat="46.902953" lon="11.093681">
      <ele>2412.54</ele>
      <time>2025-06-25T15:52:29Z</time>
    </rtept>
    <rtept lat="46.903124" lon="11.093853">
      <ele>2414.46</ele>
      <time>2025-06-25T15:52:30Z</time>
    </rtept>
    <rtept lat="46.903446" lon="11.094217">
      <ele>2421.67</ele>
      <time>2025-06-25T15:52:32Z</time>
    </rtept>
    <rtept lat="46.903639" lon="11.094325">
      <ele>2424.07</ele>
      <time>2025-06-25T15:52:33Z</time>
    </rtept>
    <rtept lat="46.903811" lon="11.094389">
      <ele>2426.48</ele>
      <time>2025-06-25T15:52:34Z</time>
    </rtept>
    <rtept lat="46.904026" lon="11.094389">
      <ele>2426.96</ele>
      <time>2025-06-25T15:52:35Z</time>
    </rtept>
    <rtept lat="46.90424" lon="11.094389">
      <ele>2430.32</ele>
      <time>2025-06-25T15:52:36Z</time>
    </rtept>
    <rtept lat="46.904433" lon="11.094368">
      <ele>2433.68</ele>
      <time>2025-06-25T15:52:37Z</time>
    </rtept>
    <rtept lat="46.904862" lon="11.094411">
      <ele>2441.38</ele>
      <time>2025-06-25T15:52:41Z</time>
    </rtept>
    <rtept lat="46.904862" lon="11.094411">
      <ele>2441.86</ele>
      <time>2025-06-25T15:52:42Z</time>
    </rtept>
    <rtept lat="46.904862" lon="11.094411">
      <ele>2440.41</ele>
      <time>2025-06-25T15:52:43Z</time>
    </rtept>
    <rtept lat="46.904905" lon="11.094582">
      <ele>2440.41</ele>
      <time>2025-06-25T15:52:44Z</time>
    </rtept>
    <rtept lat="46.904905" lon="11.094582">
      <ele>2441.38</ele>
      <time>2025-06-25T15:52:45Z</time>
    </rtept>
    <rtept lat="46.904755" lon="11.094775">
      <ele>2441.86</ele>
      <time>2025-06-25T15:52:46Z</time>
    </rtept>
    <rtept lat="46.904626" lon="11.094861">
      <ele>2444.74</ele>
      <time>2025-06-25T15:52:47Z</time>
    </rtept>
    <rtept lat="46.904476" lon="11.09499">
      <ele>2447.14</ele>
      <time>2025-06-25T15:52:48Z</time>
    </rtept>
    <rtept lat="46.903596" lon="11.095441">
      <ele>2458.68</ele>
      <time>2025-06-25T15:52:55Z</time>
    </rtept>
    <rtept lat="46.903554" lon="11.095548">
      <ele>2460.12</ele>
      <time>2025-06-25T15:52:56Z</time>
    </rtept>
    <rtept lat="46.903532" lon="11.095591">
      <ele>2462.04</ele>
      <time>2025-06-25T15:52:57Z</time>
    </rtept>
    <rtept lat="46.903532" lon="11.095591">
      <ele>2464.45</ele>
      <time>2025-06-25T15:52:58Z</time>
    </rtept>
    <rtept lat="46.903596" lon="11.095655">
      <ele>2466.85</ele>
      <time>2025-06-25T15:52:59Z</time>
    </rtept>
    <rtept lat="46.903725" lon="11.095805">
      <ele>2466.37</ele>
      <time>2025-06-25T15:53:00Z</time>
    </rtept>
    <rtept lat="46.903854" lon="11.095956">
      <ele>2465.41</ele>
      <time>2025-06-25T15:53:01Z</time>
    </rtept>
    <rtept lat="46.903983" lon="11.096106">
      <ele>2466.85</ele>
      <time>2025-06-25T15:53:02Z</time>
    </rtept>
    <rtept lat="46.90409" lon="11.096256">
      <ele>2469.73</ele>
      <time>2025-06-25T15:53:03Z</time>
    </rtept>
    <rtept lat="46.904197" lon="11.096385">
      <ele>2469.73</ele>
      <time>2025-06-25T15:53:04Z</time>
    </rtept>
    <rtept lat="46.904455" lon="11.096685">
      <ele>2472.62</ele>
      <time>2025-06-25T15:53:07Z</time>
    </rtept>
    <rtept lat="46.904519" lon="11.096749">
      <ele>2474.06</ele>
      <time>2025-06-25T15:53:08Z</time>
    </rtept>
    <rtept lat="46.904626" lon="11.096771">
      <ele>2475.02</ele>
      <time>2025-06-25T15:53:09Z</time>
    </rtept>
    <rtept lat="46.904712" lon="11.096749">
      <ele>2475.5</ele>
      <time>2025-06-25T15:53:10Z</time>
    </rtept>
    <rtept lat="46.90482" lon="11.096728">
      <ele>2476.46</ele>
      <time>2025-06-25T15:53:11Z</time>
    </rtept>
    <rtept lat="46.904905" lon="11.096685">
      <ele>2475.5</ele>
      <time>2025-06-25T15:53:12Z</time>
    </rtept>
    <rtept lat="46.905013" lon="11.096664">
      <ele>2477.42</ele>
      <time>2025-06-25T15:53:13Z</time>
    </rtept>
    <rtept lat="46.905077" lon="11.096664">
      <ele>2477.91</ele>
      <time>2025-06-25T15:53:14Z</time>
    </rtept>
    <rtept lat="46.905141" lon="11.096664">
      <ele>2478.39</ele>
      <time>2025-06-25T15:53:15Z</time>
    </rtept>
    <rtept lat="46.905163" lon="11.096664">
      <ele>2479.83</ele>
      <time>2025-06-25T15:53:16Z</time>
    </rtept>
    <rtept lat="46.905206" lon="11.096685">
      <ele>2480.31</ele>
      <time>2025-06-25T15:53:17Z</time>
    </rtept>
    <rtept lat="46.905249" lon="11.096728">
      <ele>2481.27</ele>
      <time>2025-06-25T15:53:18Z</time>
    </rtept>
    <rtept lat="46.905292" lon="11.096749">
      <ele>2483.19</ele>
      <time>2025-06-25T15:53:19Z</time>
    </rtept>
    <rtept lat="46.905313" lon="11.096792">
      <ele>2480.79</ele>
      <time>2025-06-25T15:53:20Z</time>
    </rtept>
    <rtept lat="46.905335" lon="11.096857">
      <ele>2480.79</ele>
      <time>2025-06-25T15:53:21Z</time>
    </rtept>
    <rtept lat="46.905335" lon="11.096921">
      <ele>2480.79</ele>
      <time>2025-06-25T15:53:22Z</time>
    </rtept>
    <rtept lat="46.905335" lon="11.097007">
      <ele>2480.79</ele>
      <time>2025-06-25T15:53:23Z</time>
    </rtept>
    <rtept lat="46.905356" lon="11.097114">
      <ele>2480.79</ele>
      <time>2025-06-25T15:53:24Z</time>
    </rtept>
    <rtept lat="46.905356" lon="11.097222">
      <ele>2480.31</ele>
      <time>2025-06-25T15:53:25Z</time>
    </rtept>
    <rtept lat="46.90527" lon="11.097586">
      <ele>2477.91</ele>
      <time>2025-06-25T15:53:34Z</time>
    </rtept>
    <rtept lat="46.905249" lon="11.097629">
      <ele>2476.46</ele>
      <time>2025-06-25T15:53:47Z</time>
    </rtept>
    <rtept lat="46.905227" lon="11.097651">
      <ele>2477.91</ele>
      <time>2025-06-25T15:53:49Z</time>
    </rtept>
    <rtept lat="46.905227" lon="11.097672">
      <ele>2478.87</ele>
      <time>2025-06-25T15:54:01Z</time>
    </rtept>
    <rtept lat="46.905227" lon="11.097672">
      <ele>2478.87</ele>
      <time>2025-06-25T15:54:17Z</time>
    </rtept>
    <rtept lat="46.905227" lon="11.097672">
      <ele>2478.87</ele>
      <time>2025-06-25T15:54:39Z</time>
    </rtept>
    <rtept lat="46.905227" lon="11.097672">
      <ele>2478.87</ele>
      <time>2025-06-25T15:55:03Z</time>
    </rtept>
    <rtept lat="46.905141" lon="11.097672">
      <ele>2478.87</ele>
      <time>2025-06-25T15:59:59Z</time>
    </rtept>
    <rtept lat="46.905184" lon="11.097672">
      <ele>2475.5</ele>
      <time>2025-06-25T16:00:19Z</time>
    </rtept>
    <rtept lat="46.905141" lon="11.097822">
      <ele>2479.83</ele>
      <time>2025-06-25T16:00:21Z</time>
    </rtept>
    <rtept lat="46.905099" lon="11.097865">
      <ele>2480.31</ele>
      <time>2025-06-25T16:00:22Z</time>
    </rtept>
    <rtept lat="46.905034" lon="11.097908">
      <ele>2479.35</ele>
      <time>2025-06-25T16:00:23Z</time>
    </rtept>
    <rtept lat="46.904948" lon="11.097951">
      <ele>2477.42</ele>
      <time>2025-06-25T16:00:24Z</time>
    </rtept>
    <rtept lat="46.904841" lon="11.097973">
      <ele>2477.42</ele>
      <time>2025-06-25T16:00:25Z</time>
    </rtept>
    <rtept lat="46.904755" lon="11.097973">
      <ele>2476.94</ele>
      <time>2025-06-25T16:00:26Z</time>
    </rtept>
    <rtept lat="46.904648" lon="11.097951">
      <ele>2475.98</ele>
      <time>2025-06-25T16:00:27Z</time>
    </rtept>
    <rtept lat="46.904455" lon="11.09793">
      <ele>2472.14</ele>
      <time>2025-06-25T16:00:29Z</time>
    </rtept>
    <rtept lat="46.904326" lon="11.097973">
      <ele>2470.21</ele>
      <time>2025-06-25T16:00:30Z</time>
    </rtept>
    <rtept lat="46.904219" lon="11.097994">
      <ele>2468.29</ele>
      <time>2025-06-25T16:00:31Z</time>
    </rtept>
    <rtept lat="46.904133" lon="11.098015">
      <ele>2466.85</ele>
      <time>2025-06-25T16:00:32Z</time>
    </rtept>
    <rtept lat="46.904047" lon="11.098123">
      <ele>2465.41</ele>
      <time>2025-06-25T16:00:33Z</time>
    </rtept>
    <rtept lat="46.903983" lon="11.09823">
      <ele>2463.49</ele>
      <time>2025-06-25T16:00:34Z</time>
    </rtept>
    <rtept lat="46.903961" lon="11.098251">
      <ele>2463.0</ele>
      <time>2025-06-25T16:00:35Z</time>
    </rtept>
    <rtept lat="46.903961" lon="11.09853">
      <ele>2463.97</ele>
      <time>2025-06-25T16:00:36Z</time>
    </rtept>
    <rtept lat="46.904026" lon="11.098766">
      <ele>2464.45</ele>
      <time>2025-06-25T16:00:37Z</time>
    </rtept>
    <rtept lat="46.90409" lon="11.09911">
      <ele>2461.56</ele>
      <time>2025-06-25T16:00:39Z</time>
    </rtept>
    <rtept lat="46.904069" lon="11.099517">
      <ele>2457.72</ele>
      <time>2025-06-25T16:00:41Z</time>
    </rtept>
    <rtept lat="46.904047" lon="11.099732">
      <ele>2454.35</ele>
      <time>2025-06-25T16:00:42Z</time>
    </rtept>
    <rtept lat="46.903983" lon="11.099925">
      <ele>2451.95</ele>
      <time>2025-06-25T16:00:43Z</time>
    </rtept>
    <rtept lat="46.90379" lon="11.100547">
      <ele>2450.99</ele>
      <time>2025-06-25T16:00:46Z</time>
    </rtept>
    <rtept lat="46.903682" lon="11.100698">
      <ele>2451.95</ele>
      <time>2025-06-25T16:00:47Z</time>
    </rtept>
    <rtept lat="46.903575" lon="11.100848">
      <ele>2451.95</ele>
      <time>2025-06-25T16:00:48Z</time>
    </rtept>
    <rtept lat="46.903446" lon="11.100955">
      <ele>2451.95</ele>
      <time>2025-06-25T16:00:49Z</time>
    </rtept>
    <rtept lat="46.903296" lon="11.101084">
      <ele>2450.51</ele>
      <time>2025-06-25T16:00:50Z</time>
    </rtept>
    <rtept lat="46.903017" lon="11.101363">
      <ele>2450.51</ele>
      <time>2025-06-25T16:00:52Z</time>
    </rtept>
    <rtept lat="46.902888" lon="11.101513">
      <ele>2450.99</ele>
      <time>2025-06-25T16:00:53Z</time>
    </rtept>
    <rtept lat="46.902631" lon="11.101749">
      <ele>2450.03</ele>
      <time>2025-06-25T16:00:55Z</time>
    </rtept>
    <rtept lat="46.902352" lon="11.101878">
      <ele>2447.62</ele>
      <time>2025-06-25T16:00:57Z</time>
    </rtept>
    <rtept lat="46.902202" lon="11.101899">
      <ele>2447.14</ele>
      <time>2025-06-25T16:00:58Z</time>
    </rtept>
    <rtept lat="46.90203" lon="11.101856">
      <ele>2448.1</ele>
      <time>2025-06-25T16:00:59Z</time>
    </rtept>
    <rtept lat="46.901901" lon="11.101813">
      <ele>2449.07</ele>
      <time>2025-06-25T16:01:00Z</time>
    </rtept>
    <rtept lat="46.901708" lon="11.101685">
      <ele>2451.47</ele>
      <time>2025-06-25T16:01:01Z</time>
    </rtept>
    <rtept lat="46.901558" lon="11.101577">
      <ele>2451.95</ele>
      <time>2025-06-25T16:01:02Z</time>
    </rtept>
    <rtept lat="46.901365" lon="11.101556">
      <ele>2454.83</ele>
      <time>2025-06-25T16:01:03Z</time>
    </rtept>
    <rtept lat="46.901172" lon="11.101642">
      <ele>2456.76</ele>
      <time>2025-06-25T16:01:05Z</time>
    </rtept>
    <rtept lat="46.901107" lon="11.101706">
      <ele>2456.28</ele>
      <time>2025-06-25T16:01:06Z</time>
    </rtept>
    <rtept lat="46.901022" lon="11.101835">
      <ele>2452.43</ele>
      <time>2025-06-25T16:01:07Z</time>
    </rtept>
    <rtept lat="46.900936" lon="11.102007">
      <ele>2455.31</ele>
      <time>2025-06-25T16:01:08Z</time>
    </rtept>
    <rtept lat="46.900871" lon="11.102114">
      <ele>2453.87</ele>
      <time>2025-06-25T16:01:09Z</time>
    </rtept>
    <rtept lat="46.900721" lon="11.1022">
      <ele>2451.95</ele>
      <time>2025-06-25T16:01:10Z</time>
    </rtept>
    <rtept lat="46.900571" lon="11.102286">
      <ele>2450.51</ele>
      <time>2025-06-25T16:01:11Z</time>
    </rtept>
    <rtept lat="46.900421" lon="11.102328">
      <ele>2448.58</ele>
      <time>2025-06-25T16:01:12Z</time>
    </rtept>
    <rtept lat="46.900313" lon="11.10235">
      <ele>2448.1</ele>
      <time>2025-06-25T16:01:13Z</time>
    </rtept>
    <rtept lat="46.899884" lon="11.102178">
      <ele>2451.47</ele>
      <time>2025-06-25T16:01:15Z</time>
    </rtept>
    <rtept lat="46.899691" lon="11.102092">
      <ele>2452.43</ele>
      <time>2025-06-25T16:01:16Z</time>
    </rtept>
    <rtept lat="46.899498" lon="11.102157">
      <ele>2451.95</ele>
      <time>2025-06-25T16:01:17Z</time>
    </rtept>
    <rtept lat="46.899326" lon="11.102221">
      <ele>2452.43</ele>
      <time>2025-06-25T16:01:18Z</time>
    </rtept>
    <rtept lat="46.899155" lon="11.102264">
      <ele>2452.91</ele>
      <time>2025-06-25T16:01:19Z</time>
    </rtept>
    <rtept lat="46.899026" lon="11.102371">
      <ele>2450.03</ele>
      <time>2025-06-25T16:01:20Z</time>
    </rtept>
    <rtept lat="46.898897" lon="11.102522">
      <ele>2448.58</ele>
      <time>2025-06-25T16:01:21Z</time>
    </rtept>
    <rtept lat="46.89879" lon="11.102672">
      <ele>2450.51</ele>
      <time>2025-06-25T16:01:22Z</time>
    </rtept>
    <rtept lat="46.898726" lon="11.102886">
      <ele>2450.99</ele>
      <time>2025-06-25T16:01:23Z</time>
    </rtept>
    <rtept lat="46.898661" lon="11.103058">
      <ele>2445.22</ele>
      <time>2025-06-25T16:01:24Z</time>
    </rtept>
    <rtept lat="46.897224" lon="11.104539">
      <ele>2420.23</ele>
      <time>2025-06-25T16:01:37Z</time>
    </rtept>
    <rtept lat="46.897095" lon="11.104732">
      <ele>2424.55</ele>
      <time>2025-06-25T16:01:38Z</time>
    </rtept>
    <rtept lat="46.896837" lon="11.104968">
      <ele>2431.28</ele>
      <time>2025-06-25T16:01:40Z</time>
    </rtept>
    <rtept lat="46.89673" lon="11.105054">
      <ele>2429.84</ele>
      <time>2025-06-25T16:01:41Z</time>
    </rtept>
    <rtept lat="46.896601" lon="11.105139">
      <ele>2432.24</ele>
      <time>2025-06-25T16:01:42Z</time>
    </rtept>
    <rtept lat="46.895979" lon="11.105547">
      <ele>2434.17</ele>
      <time>2025-06-25T16:01:47Z</time>
    </rtept>
    <rtept lat="46.895657" lon="11.105933">
      <ele>2444.74</ele>
      <time>2025-06-25T16:01:49Z</time>
    </rtept>
    <rtept lat="46.895571" lon="11.106062">
      <ele>2438.01</ele>
      <time>2025-06-25T16:01:50Z</time>
    </rtept>
    <rtept lat="46.895228" lon="11.106663">
      <ele>2436.09</ele>
      <time>2025-06-25T16:01:53Z</time>
    </rtept>
    <rtept lat="46.895185" lon="11.106942">
      <ele>2435.61</ele>
      <time>2025-06-25T16:01:54Z</time>
    </rtept>
    <rtept lat="46.895121" lon="11.107221">
      <ele>2435.61</ele>
      <time>2025-06-25T16:01:55Z</time>
    </rtept>
    <rtept lat="46.89497" lon="11.108015">
      <ele>2431.28</ele>
      <time>2025-06-25T16:01:59Z</time>
    </rtept>
    <rtept lat="46.89482" lon="11.108229">
      <ele>2429.36</ele>
      <time>2025-06-25T16:02:00Z</time>
    </rtept>
    <rtept lat="46.89482" lon="11.108229">
      <ele>2429.36</ele>
      <time>2025-06-25T16:02:01Z</time>
    </rtept>
    <rtept lat="46.894627" lon="11.108379">
      <ele>2427.92</ele>
      <time>2025-06-25T16:02:02Z</time>
    </rtept>
    <rtept lat="46.894498" lon="11.108465">
      <ele>2427.92</ele>
      <time>2025-06-25T16:02:03Z</time>
    </rtept>
    <rtept lat="46.889864" lon="11.111534">
      <ele>2402.44</ele>
      <time>2025-06-25T16:02:34Z</time>
    </rtept>
    <rtept lat="46.889778" lon="11.111469">
      <ele>2402.92</ele>
      <time>2025-06-25T16:02:35Z</time>
    </rtept>
    <rtept lat="46.88967" lon="11.111405">
      <ele>2406.77</ele>
      <time>2025-06-25T16:02:36Z</time>
    </rtept>
    <rtept lat="46.888726" lon="11.110675">
      <ele>2400.52</ele>
      <time>2025-06-25T16:02:42Z</time>
    </rtept>
    <rtept lat="46.888512" lon="11.110547">
      <ele>2401.96</ele>
      <time>2025-06-25T16:02:43Z</time>
    </rtept>
    <rtept lat="46.88834" lon="11.110461">
      <ele>2401.48</ele>
      <time>2025-06-25T16:02:44Z</time>
    </rtept>
    <rtept lat="46.887224" lon="11.11016">
      <ele>2388.98</ele>
      <time>2025-06-25T16:02:51Z</time>
    </rtept>
    <rtept lat="46.887053" lon="11.110139">
      <ele>2384.18</ele>
      <time>2025-06-25T16:02:54Z</time>
    </rtept>
    <rtept lat="46.887053" lon="11.110139">
      <ele>2380.81</ele>
      <time>2025-06-25T16:02:55Z</time>
    </rtept>
    <rtept lat="46.887031" lon="11.110246">
      <ele>2381.77</ele>
      <time>2025-06-25T16:02:56Z</time>
    </rtept>
    <rtept lat="46.887031" lon="11.110246">
      <ele>2377.45</ele>
      <time>2025-06-25T16:02:57Z</time>
    </rtept>
    <rtept lat="46.887053" lon="11.110311">
      <ele>2378.41</ele>
      <time>2025-06-25T16:02:58Z</time>
    </rtept>
    <rtept lat="46.887138" lon="11.110332">
      <ele>2377.45</ele>
      <time>2025-06-25T16:02:59Z</time>
    </rtept>
    <rtept lat="46.887289" lon="11.110397">
      <ele>2373.12</ele>
      <time>2025-06-25T16:03:00Z</time>
    </rtept>
    <rtept lat="46.88746" lon="11.110482">
      <ele>2367.83</ele>
      <time>2025-06-25T16:03:01Z</time>
    </rtept>
    <rtept lat="46.888018" lon="11.110804">
      <ele>2358.22</ele>
      <time>2025-06-25T16:03:04Z</time>
    </rtept>
    <rtept lat="46.888168" lon="11.110954">
      <ele>2356.3</ele>
      <time>2025-06-25T16:03:05Z</time>
    </rtept>
    <rtept lat="46.888319" lon="11.111126">
      <ele>2356.78</ele>
      <time>2025-06-25T16:03:06Z</time>
    </rtept>
    <rtept lat="46.88922" lon="11.112178">
      <ele>2344.76</ele>
      <time>2025-06-25T16:03:13Z</time>
    </rtept>
    <rtept lat="46.889284" lon="11.112263">
      <ele>2344.76</ele>
      <time>2025-06-25T16:03:14Z</time>
    </rtept>
    <rtept lat="46.889327" lon="11.112306">
      <ele>2345.24</ele>
      <time>2025-06-25T16:03:15Z</time>
    </rtept>
    <rtept lat="46.889327" lon="11.112306">
      <ele>2346.21</ele>
      <time>2025-06-25T16:03:16Z</time>
    </rtept>
    <rtept lat="46.889349" lon="11.112456">
      <ele>2345.72</ele>
      <time>2025-06-25T16:03:17Z</time>
    </rtept>
    <rtept lat="46.889349" lon="11.112456">
      <ele>2344.28</ele>
      <time>2025-06-25T16:03:18Z</time>
    </rtept>
    <rtept lat="46.889349" lon="11.112456">
      <ele>2342.36</ele>
      <time>2025-06-25T16:03:19Z</time>
    </rtept>
    <rtept lat="46.889327" lon="11.112456">
      <ele>2340.92</ele>
      <time>2025-06-25T16:03:20Z</time>
    </rtept>
    <rtept lat="46.889263" lon="11.112478">
      <ele>2338.52</ele>
      <time>2025-06-25T16:03:21Z</time>
    </rtept>
    <rtept lat="46.889198" lon="11.112435">
      <ele>2329.86</ele>
      <time>2025-06-25T16:03:22Z</time>
    </rtept>
    <rtept lat="46.889048" lon="11.112306">
      <ele>2326.02</ele>
      <time>2025-06-25T16:03:23Z</time>
    </rtept>
    <rtept lat="46.888898" lon="11.112156">
      <ele>2326.98</ele>
      <time>2025-06-25T16:03:24Z</time>
    </rtept>
    <rtept lat="46.888726" lon="11.111984">
      <ele>2326.5</ele>
      <time>2025-06-25T16:03:25Z</time>
    </rtept>
    <rtept lat="46.888555" lon="11.111856">
      <ele>2327.46</ele>
      <time>2025-06-25T16:03:26Z</time>
    </rtept>
    <rtept lat="46.888383" lon="11.11177">
      <ele>2325.54</ele>
      <time>2025-06-25T16:03:27Z</time>
    </rtept>
    <rtept lat="46.88819" lon="11.111684">
      <ele>2321.21</ele>
      <time>2025-06-25T16:03:28Z</time>
    </rtept>
    <rtept lat="46.886409" lon="11.111169">
      <ele>2312.56</ele>
      <time>2025-06-25T16:03:37Z</time>
    </rtept>
    <rtept lat="46.886259" lon="11.111169">
      <ele>2309.68</ele>
      <time>2025-06-25T16:03:38Z</time>
    </rtept>
    <rtept lat="46.886087" lon="11.11119">
      <ele>2307.75</ele>
      <time>2025-06-25T16:03:39Z</time>
    </rtept>
    <rtept lat="46.885636" lon="11.111019">
      <ele>2304.39</ele>
      <time>2025-06-25T16:03:43Z</time>
    </rtept>
    <rtept lat="46.885572" lon="11.110976">
      <ele>2302.47</ele>
      <time>2025-06-25T16:03:44Z</time>
    </rtept>
    <rtept lat="46.885508" lon="11.110933">
      <ele>2301.99</ele>
      <time>2025-06-25T16:03:45Z</time>
    </rtept>
    <rtept lat="46.885508" lon="11.110933">
      <ele>2301.5</ele>
      <time>2025-06-25T16:03:46Z</time>
    </rtept>
    <rtept lat="46.885508" lon="11.110933">
      <ele>2301.5</ele>
      <time>2025-06-25T16:03:47Z</time>
    </rtept>
    <rtept lat="46.885486" lon="11.110997">
      <ele>2300.06</ele>
      <time>2025-06-25T16:03:48Z</time>
    </rtept>
    <rtept lat="46.885465" lon="11.11104">
      <ele>2300.06</ele>
      <time>2025-06-25T16:03:49Z</time>
    </rtept>
    <rtept lat="46.885508" lon="11.111105">
      <ele>2297.18</ele>
      <time>2025-06-25T16:03:50Z</time>
    </rtept>
    <rtept lat="46.885593" lon="11.111212">
      <ele>2295.26</ele>
      <time>2025-06-25T16:03:51Z</time>
    </rtept>
    <rtept lat="46.885722" lon="11.111319">
      <ele>2293.81</ele>
      <time>2025-06-25T16:03:52Z</time>
    </rtept>
    <rtept lat="46.887031" lon="11.11207">
      <ele>2281.32</ele>
      <time>2025-06-25T16:03:59Z</time>
    </rtept>
    <rtept lat="46.888512" lon="11.112993">
      <ele>2265.94</ele>
      <time>2025-06-25T16:04:07Z</time>
    </rtept>
    <rtept lat="46.888898" lon="11.113465">
      <ele>2260.17</ele>
      <time>2025-06-25T16:04:11Z</time>
    </rtept>
    <rtept lat="46.888962" lon="11.113637">
      <ele>2258.73</ele>
      <time>2025-06-25T16:04:12Z</time>
    </rtept>
    <rtept lat="46.889027" lon="11.11383">
      <ele>2259.21</ele>
      <time>2025-06-25T16:04:13Z</time>
    </rtept>
    <rtept lat="46.889563" lon="11.115825">
      <ele>2242.38</ele>
      <time>2025-06-25T16:04:23Z</time>
    </rtept>
    <rtept lat="46.889799" lon="11.116941">
      <ele>2234.69</ele>
      <time>2025-06-25T16:04:28Z</time>
    </rtept>
    <rtept lat="46.889885" lon="11.117091">
      <ele>2233.73</ele>
      <time>2025-06-25T16:04:29Z</time>
    </rtept>
    <rtept lat="46.889971" lon="11.117199">
      <ele>2231.33</ele>
      <time>2025-06-25T16:04:30Z</time>
    </rtept>
    <rtept lat="46.8901" lon="11.117349">
      <ele>2230.37</ele>
      <time>2025-06-25T16:04:31Z</time>
    </rtept>
    <rtept lat="46.89025" lon="11.11752">
      <ele>2227.96</ele>
      <time>2025-06-25T16:04:32Z</time>
    </rtept>
    <rtept lat="46.8907" lon="11.11795">
      <ele>2221.23</ele>
      <time>2025-06-25T16:04:35Z</time>
    </rtept>
    <rtept lat="46.890851" lon="11.118057">
      <ele>2219.31</ele>
      <time>2025-06-25T16:04:36Z</time>
    </rtept>
    <rtept lat="46.890979" lon="11.118143">
      <ele>2218.35</ele>
      <time>2025-06-25T16:04:37Z</time>
    </rtept>
    <rtept lat="46.891065" lon="11.118271">
      <ele>2216.91</ele>
      <time>2025-06-25T16:04:38Z</time>
    </rtept>
    <rtept lat="46.891172" lon="11.118422">
      <ele>2215.47</ele>
      <time>2025-06-25T16:04:39Z</time>
    </rtept>
    <rtept lat="46.89128" lon="11.118572">
      <ele>2214.51</ele>
      <time>2025-06-25T16:04:40Z</time>
    </rtept>
    <rtept lat="46.891537" lon="11.118872">
      <ele>2212.1</ele>
      <time>2025-06-25T16:04:42Z</time>
    </rtept>
    <rtept lat="46.89173" lon="11.119001">
      <ele>2209.22</ele>
      <time>2025-06-25T16:04:43Z</time>
    </rtept>
    <rtept lat="46.892567" lon="11.119602">
      <ele>2197.68</ele>
      <time>2025-06-25T16:04:48Z</time>
    </rtept>
    <rtept lat="46.892696" lon="11.119666">
      <ele>2195.76</ele>
      <time>2025-06-25T16:04:49Z</time>
    </rtept>
    <rtept lat="46.892846" lon="11.119709">
      <ele>2195.28</ele>
      <time>2025-06-25T16:04:50Z</time>
    </rtept>
    <rtept lat="46.893147" lon="11.119859">
      <ele>2194.32</ele>
      <time>2025-06-25T16:04:52Z</time>
    </rtept>
    <rtept lat="46.893232" lon="11.119924">
      <ele>2192.4</ele>
      <time>2025-06-25T16:04:53Z</time>
    </rtept>
    <rtept lat="46.893361" lon="11.120117">
      <ele>2190.47</ele>
      <time>2025-06-25T16:04:54Z</time>
    </rtept>
    <rtept lat="46.893426" lon="11.120267">
      <ele>2189.03</ele>
      <time>2025-06-25T16:04:55Z</time>
    </rtept>
    <rtept lat="46.893468" lon="11.120439">
      <ele>2187.11</ele>
      <time>2025-06-25T16:04:56Z</time>
    </rtept>
    <rtept lat="46.893554" lon="11.12061">
      <ele>2186.15</ele>
      <time>2025-06-25T16:04:57Z</time>
    </rtept>
    <rtept lat="46.89364" lon="11.120761">
      <ele>2184.71</ele>
      <time>2025-06-25T16:04:58Z</time>
    </rtept>
    <rtept lat="46.89379" lon="11.120911">
      <ele>2182.78</ele>
      <time>2025-06-25T16:04:59Z</time>
    </rtept>
    <rtept lat="46.893941" lon="11.121082">
      <ele>2180.38</ele>
      <time>2025-06-25T16:05:00Z</time>
    </rtept>
    <rtept lat="46.894477" lon="11.121576">
      <ele>2173.65</ele>
      <time>2025-06-25T16:05:04Z</time>
    </rtept>
    <rtept lat="46.894584" lon="11.121705">
      <ele>2172.69</ele>
      <time>2025-06-25T16:05:05Z</time>
    </rtept>
    <rtept lat="46.894799" lon="11.121898">
      <ele>2169.8</ele>
      <time>2025-06-25T16:05:07Z</time>
    </rtept>
    <rtept lat="46.894906" lon="11.121984">
      <ele>2169.32</ele>
      <time>2025-06-25T16:05:08Z</time>
    </rtept>
    <rtept lat="46.895013" lon="11.122069">
      <ele>2167.88</ele>
      <time>2025-06-25T16:05:09Z</time>
    </rtept>
    <rtept lat="46.895099" lon="11.122134">
      <ele>2167.4</ele>
      <time>2025-06-25T16:05:10Z</time>
    </rtept>
    <rtept lat="46.895142" lon="11.122155">
      <ele>2166.44</ele>
      <time>2025-06-25T16:05:11Z</time>
    </rtept>
    <rtept lat="46.895164" lon="11.122241">
      <ele>2165.48</ele>
      <time>2025-06-25T16:05:12Z</time>
    </rtept>
    <rtept lat="46.895164" lon="11.122241">
      <ele>2164.52</ele>
      <time>2025-06-25T16:05:13Z</time>
    </rtept>
    <rtept lat="46.895164" lon="11.122263">
      <ele>2163.56</ele>
      <time>2025-06-25T16:05:14Z</time>
    </rtept>
    <rtept lat="46.895121" lon="11.122348">
      <ele>2161.63</ele>
      <time>2025-06-25T16:05:15Z</time>
    </rtept>
    <rtept lat="46.895035" lon="11.122327">
      <ele>2160.67</ele>
      <time>2025-06-25T16:05:16Z</time>
    </rtept>
    <rtept lat="46.894863" lon="11.122241">
      <ele>2159.23</ele>
      <time>2025-06-25T16:05:17Z</time>
    </rtept>
    <rtept lat="46.894713" lon="11.122177">
      <ele>2158.27</ele>
      <time>2025-06-25T16:05:18Z</time>
    </rtept>
    <rtept lat="46.894563" lon="11.122069">
      <ele>2160.19</ele>
      <time>2025-06-25T16:05:19Z</time>
    </rtept>
    <rtept lat="46.894177" lon="11.121833">
      <ele>2159.23</ele>
      <time>2025-06-25T16:05:21Z</time>
    </rtept>
    <rtept lat="46.893941" lon="11.121748">
      <ele>2157.31</ele>
      <time>2025-06-25T16:05:22Z</time>
    </rtept>
    <rtept lat="46.892224" lon="11.120997">
      <ele>2132.79</ele>
      <time>2025-06-25T16:05:30Z</time>
    </rtept>
    <rtept lat="46.891645" lon="11.120718">
      <ele>2127.03</ele>
      <time>2025-06-25T16:05:33Z</time>
    </rtept>
    <rtept lat="46.891258" lon="11.120632">
      <ele>2124.62</ele>
      <time>2025-06-25T16:05:35Z</time>
    </rtept>
    <rtept lat="46.891065" lon="11.120632">
      <ele>2122.22</ele>
      <time>2025-06-25T16:05:36Z</time>
    </rtept>
    <rtept lat="46.889971" lon="11.120503">
      <ele>2111.17</ele>
      <time>2025-06-25T16:05:42Z</time>
    </rtept>
    <rtept lat="46.889778" lon="11.120374">
      <ele>2109.72</ele>
      <time>2025-06-25T16:05:43Z</time>
    </rtept>
    <rtept lat="46.889628" lon="11.120267">
      <ele>2107.8</ele>
      <time>2025-06-25T16:05:44Z</time>
    </rtept>
    <rtept lat="46.889177" lon="11.119774">
      <ele>2100.59</ele>
      <time>2025-06-25T16:05:48Z</time>
    </rtept>
    <rtept lat="46.889091" lon="11.119623">
      <ele>2096.26</ele>
      <time>2025-06-25T16:05:49Z</time>
    </rtept>
    <rtept lat="46.888834" lon="11.119301">
      <ele>2089.05</ele>
      <time>2025-06-25T16:05:51Z</time>
    </rtept>
    <rtept lat="46.888705" lon="11.119151">
      <ele>2086.65</ele>
      <time>2025-06-25T16:05:52Z</time>
    </rtept>
    <rtept lat="46.888598" lon="11.119022">
      <ele>2084.25</ele>
      <time>2025-06-25T16:05:53Z</time>
    </rtept>
    <rtept lat="46.888469" lon="11.118786">
      <ele>2081.36</ele>
      <time>2025-06-25T16:05:54Z</time>
    </rtept>
    <rtept lat="46.888362" lon="11.118593">
      <ele>2079.44</ele>
      <time>2025-06-25T16:05:55Z</time>
    </rtept>
    <rtept lat="46.888254" lon="11.1184">
      <ele>2077.52</ele>
      <time>2025-06-25T16:05:56Z</time>
    </rtept>
    <rtept lat="46.888104" lon="11.118271">
      <ele>2077.04</ele>
      <time>2025-06-25T16:05:57Z</time>
    </rtept>
    <rtept lat="46.887932" lon="11.118143">
      <ele>2075.6</ele>
      <time>2025-06-25T16:05:58Z</time>
    </rtept>
    <rtept lat="46.887761" lon="11.118014">
      <ele>2073.67</ele>
      <time>2025-06-25T16:05:59Z</time>
    </rtept>
    <rtept lat="46.887611" lon="11.117885">
      <ele>2072.23</ele>
      <time>2025-06-25T16:06:00Z</time>
    </rtept>
    <rtept lat="46.887439" lon="11.117756">
      <ele>2071.27</ele>
      <time>2025-06-25T16:06:01Z</time>
    </rtept>
    <rtept lat="46.88731" lon="11.117563">
      <ele>2070.31</ele>
      <time>2025-06-25T16:06:02Z</time>
    </rtept>
    <rtept lat="46.887203" lon="11.117392">
      <ele>2068.87</ele>
      <time>2025-06-25T16:06:03Z</time>
    </rtept>
    <rtept lat="46.887074" lon="11.117199">
      <ele>2067.43</ele>
      <time>2025-06-25T16:06:04Z</time>
    </rtept>
    <rtept lat="46.886924" lon="11.116984">
      <ele>2065.98</ele>
      <time>2025-06-25T16:06:05Z</time>
    </rtept>
    <rtept lat="46.886795" lon="11.116812">
      <ele>2062.14</ele>
      <time>2025-06-25T16:06:06Z</time>
    </rtept>
    <rtept lat="46.886645" lon="11.116619">
      <ele>2058.29</ele>
      <time>2025-06-25T16:06:07Z</time>
    </rtept>
    <rtept lat="46.886087" lon="11.116169">
      <ele>2057.81</ele>
      <time>2025-06-25T16:06:10Z</time>
    </rtept>
    <rtept lat="46.885894" lon="11.116083">
      <ele>2057.33</ele>
      <time>2025-06-25T16:06:11Z</time>
    </rtept>
    <rtept lat="46.885014" lon="11.115739">
      <ele>2051.56</ele>
      <time>2025-06-25T16:06:16Z</time>
    </rtept>
    <rtept lat="46.884735" lon="11.115804">
      <ele>2050.6</ele>
      <time>2025-06-25T16:06:18Z</time>
    </rtept>
    <rtept lat="46.884564" lon="11.115847">
      <ele>2052.04</ele>
      <time>2025-06-25T16:06:19Z</time>
    </rtept>
    <rtept lat="46.884177" lon="11.115718">
      <ele>2050.12</ele>
      <time>2025-06-25T16:06:22Z</time>
    </rtept>
    <rtept lat="46.884049" lon="11.115654">
      <ele>2049.16</ele>
      <time>2025-06-25T16:06:23Z</time>
    </rtept>
    <rtept lat="46.883877" lon="11.115632">
      <ele>2050.6</ele>
      <time>2025-06-25T16:06:24Z</time>
    </rtept>
    <rtept lat="46.883705" lon="11.115611">
      <ele>2050.6</ele>
      <time>2025-06-25T16:06:25Z</time>
    </rtept>
    <rtept lat="46.883641" lon="11.115611">
      <ele>2048.68</ele>
      <time>2025-06-25T16:06:26Z</time>
    </rtept>
    <rtept lat="46.883469" lon="11.115461">
      <ele>2047.72</ele>
      <time>2025-06-25T16:06:27Z</time>
    </rtept>
    <rtept lat="46.883319" lon="11.115332">
      <ele>2047.72</ele>
      <time>2025-06-25T16:06:28Z</time>
    </rtept>
    <rtept lat="46.883169" lon="11.115182">
      <ele>2047.24</ele>
      <time>2025-06-25T16:06:29Z</time>
    </rtept>
    <rtept lat="46.883019" lon="11.115074">
      <ele>2045.32</ele>
      <time>2025-06-25T16:06:30Z</time>
    </rtept>
    <rtept lat="46.88289" lon="11.114817">
      <ele>2043.87</ele>
      <time>2025-06-25T16:06:32Z</time>
    </rtept>
    <rtept lat="46.882825" lon="11.114581">
      <ele>2040.51</ele>
      <time>2025-06-25T16:06:33Z</time>
    </rtept>
    <rtept lat="46.882783" lon="11.114366">
      <ele>2037.62</ele>
      <time>2025-06-25T16:06:34Z</time>
    </rtept>
    <rtept lat="46.882546" lon="11.113315">
      <ele>2035.22</ele>
      <time>2025-06-25T16:06:39Z</time>
    </rtept>
    <rtept lat="46.882525" lon="11.113079">
      <ele>2032.82</ele>
      <time>2025-06-25T16:06:40Z</time>
    </rtept>
    <rtept lat="46.882461" lon="11.112714">
      <ele>2029.45</ele>
      <time>2025-06-25T16:06:42Z</time>
    </rtept>
    <rtept lat="46.882396" lon="11.112521">
      <ele>2029.45</ele>
      <time>2025-06-25T16:06:43Z</time>
    </rtept>
    <rtept lat="46.882332" lon="11.112349">
      <ele>2029.45</ele>
      <time>2025-06-25T16:06:44Z</time>
    </rtept>
    <rtept lat="46.882182" lon="11.112027">
      <ele>2029.45</ele>
      <time>2025-06-25T16:06:48Z</time>
    </rtept>
    <rtept lat="46.882139" lon="11.112027">
      <ele>2029.45</ele>
      <time>2025-06-25T16:06:49Z</time>
    </rtept>
    <rtept lat="46.882074" lon="11.112006">
      <ele>2033.3</ele>
      <time>2025-06-25T16:06:50Z</time>
    </rtept>
    <rtept lat="46.882074" lon="11.112006">
      <ele>2029.45</ele>
      <time>2025-06-25T16:06:51Z</time>
    </rtept>
    <rtept lat="46.882074" lon="11.112049">
      <ele>2026.57</ele>
      <time>2025-06-25T16:06:52Z</time>
    </rtept>
    <rtept lat="46.882074" lon="11.112113">
      <ele>2025.61</ele>
      <time>2025-06-25T16:06:53Z</time>
    </rtept>
    <rtept lat="46.882117" lon="11.112242">
      <ele>2025.61</ele>
      <time>2025-06-25T16:06:54Z</time>
    </rtept>
    <rtept lat="46.882182" lon="11.112392">
      <ele>2025.13</ele>
      <time>2025-06-25T16:06:55Z</time>
    </rtept>
    <rtept lat="46.882225" lon="11.112585">
      <ele>2023.21</ele>
      <time>2025-06-25T16:06:56Z</time>
    </rtept>
    <rtept lat="46.882289" lon="11.1128">
      <ele>2021.28</ele>
      <time>2025-06-25T16:06:57Z</time>
    </rtept>
    <rtept lat="46.882332" lon="11.113014">
      <ele>2020.32</ele>
      <time>2025-06-25T16:06:58Z</time>
    </rtept>
    <rtept lat="46.882353" lon="11.113272">
      <ele>2019.36</ele>
      <time>2025-06-25T16:06:59Z</time>
    </rtept>
    <rtept lat="46.882353" lon="11.113529">
      <ele>2017.92</ele>
      <time>2025-06-25T16:07:00Z</time>
    </rtept>
    <rtept lat="46.882418" lon="11.114001">
      <ele>2016.0</ele>
      <time>2025-06-25T16:07:02Z</time>
    </rtept>
    <rtept lat="46.882461" lon="11.114237">
      <ele>2014.07</ele>
      <time>2025-06-25T16:07:03Z</time>
    </rtept>
    <rtept lat="46.882568" lon="11.114774">
      <ele>2005.42</ele>
      <time>2025-06-25T16:07:07Z</time>
    </rtept>
    <rtept lat="46.882568" lon="11.114774">
      <ele>2003.02</ele>
      <time>2025-06-25T16:07:08Z</time>
    </rtept>
    <rtept lat="46.882525" lon="11.114924">
      <ele>2003.02</ele>
      <time>2025-06-25T16:07:09Z</time>
    </rtept>
    <rtept lat="46.882525" lon="11.114924">
      <ele>2002.06</ele>
      <time>2025-06-25T16:07:10Z</time>
    </rtept>
    <rtept lat="46.882504" lon="11.114924">
      <ele>2003.98</ele>
      <time>2025-06-25T16:07:11Z</time>
    </rtept>
    <rtept lat="46.882461" lon="11.114903">
      <ele>2003.02</ele>
      <time>2025-06-25T16:07:12Z</time>
    </rtept>
    <rtept lat="46.882418" lon="11.11471">
      <ele>2001.58</ele>
      <time>2025-06-25T16:07:13Z</time>
    </rtept>
    <rtept lat="46.882375" lon="11.114495">
      <ele>1999.65</ele>
      <time>2025-06-25T16:07:14Z</time>
    </rtept>
    <rtept lat="46.882289" lon="11.114237">
      <ele>1998.69</ele>
      <time>2025-06-25T16:07:15Z</time>
    </rtept>
    <rtept lat="46.882225" lon="11.11398">
      <ele>1996.77</ele>
      <time>2025-06-25T16:07:16Z</time>
    </rtept>
    <rtept lat="46.882053" lon="11.113486">
      <ele>1992.44</ele>
      <time>2025-06-25T16:07:18Z</time>
    </rtept>
    <rtept lat="46.881774" lon="11.112843">
      <ele>1985.23</ele>
      <time>2025-06-25T16:07:22Z</time>
    </rtept>
    <rtept lat="46.881731" lon="11.1128">
      <ele>1981.39</ele>
      <time>2025-06-25T16:07:23Z</time>
    </rtept>
    <rtept lat="46.881731" lon="11.1128">
      <ele>1976.58</ele>
      <time>2025-06-25T16:07:24Z</time>
    </rtept>
    <rtept lat="46.881688" lon="11.112821">
      <ele>1973.7</ele>
      <time>2025-06-25T16:07:25Z</time>
    </rtept>
    <rtept lat="46.881667" lon="11.112843">
      <ele>1971.77</ele>
      <time>2025-06-25T16:07:26Z</time>
    </rtept>
    <rtept lat="46.881645" lon="11.112907">
      <ele>1971.77</ele>
      <time>2025-06-25T16:07:27Z</time>
    </rtept>
    <rtept lat="46.881688" lon="11.113036">
      <ele>1974.66</ele>
      <time>2025-06-25T16:07:28Z</time>
    </rtept>
    <rtept lat="46.881753" lon="11.113207">
      <ele>1973.22</ele>
      <time>2025-06-25T16:07:29Z</time>
    </rtept>
    <rtept lat="46.881838" lon="11.113401">
      <ele>1973.22</ele>
      <time>2025-06-25T16:07:30Z</time>
    </rtept>
    <rtept lat="46.881903" lon="11.113637">
      <ele>1972.74</ele>
      <time>2025-06-25T16:07:31Z</time>
    </rtept>
    <rtept lat="46.881946" lon="11.113916">
      <ele>1970.81</ele>
      <time>2025-06-25T16:07:32Z</time>
    </rtept>
    <rtept lat="46.881967" lon="11.114195">
      <ele>1968.89</ele>
      <time>2025-06-25T16:07:33Z</time>
    </rtept>
    <rtept lat="46.881989" lon="11.114452">
      <ele>1967.45</ele>
      <time>2025-06-25T16:07:34Z</time>
    </rtept>
    <rtept lat="46.882032" lon="11.114688">
      <ele>1966.01</ele>
      <time>2025-06-25T16:07:35Z</time>
    </rtept>
    <rtept lat="46.882117" lon="11.115139">
      <ele>1962.16</ele>
      <time>2025-06-25T16:07:37Z</time>
    </rtept>
    <rtept lat="46.88216" lon="11.115267">
      <ele>1961.68</ele>
      <time>2025-06-25T16:07:38Z</time>
    </rtept>
    <rtept lat="46.882182" lon="11.115375">
      <ele>1961.68</ele>
      <time>2025-06-25T16:07:40Z</time>
    </rtept>
    <rtept lat="46.88216" lon="11.115418">
      <ele>1962.16</ele>
      <time>2025-06-25T16:07:41Z</time>
    </rtept>
    <rtept lat="46.882139" lon="11.115461">
      <ele>1961.68</ele>
      <time>2025-06-25T16:07:42Z</time>
    </rtept>
    <rtept lat="46.882139" lon="11.115461">
      <ele>1962.16</ele>
      <time>2025-06-25T16:07:43Z</time>
    </rtept>
    <rtept lat="46.882074" lon="11.115439">
      <ele>1960.72</ele>
      <time>2025-06-25T16:07:44Z</time>
    </rtept>
    <rtept lat="46.882032" lon="11.115289">
      <ele>1956.87</ele>
      <time>2025-06-25T16:07:45Z</time>
    </rtept>
    <rtept lat="46.881967" lon="11.115074">
      <ele>1955.91</ele>
      <time>2025-06-25T16:07:46Z</time>
    </rtept>
    <rtept lat="46.881624" lon="11.114109">
      <ele>1947.74</ele>
      <time>2025-06-25T16:07:52Z</time>
    </rtept>
    <rtept lat="46.881581" lon="11.11413">
      <ele>1948.7</ele>
      <time>2025-06-25T16:07:53Z</time>
    </rtept>
    <rtept lat="46.881538" lon="11.11413">
      <ele>1949.18</ele>
      <time>2025-06-25T16:07:55Z</time>
    </rtept>
    <rtept lat="46.881581" lon="11.114302">
      <ele>1948.7</ele>
      <time>2025-06-25T16:07:56Z</time>
    </rtept>
    <rtept lat="46.881624" lon="11.114495">
      <ele>1947.26</ele>
      <time>2025-06-25T16:07:57Z</time>
    </rtept>
    <rtept lat="46.881667" lon="11.114688">
      <ele>1946.3</ele>
      <time>2025-06-25T16:07:58Z</time>
    </rtept>
    <rtept lat="46.881731" lon="11.114924">
      <ele>1945.34</ele>
      <time>2025-06-25T16:07:59Z</time>
    </rtept>
    <rtept lat="46.881881" lon="11.115503">
      <ele>1942.46</ele>
      <time>2025-06-25T16:08:02Z</time>
    </rtept>
    <rtept lat="46.881946" lon="11.115546">
      <ele>1941.01</ele>
      <time>2025-06-25T16:08:03Z</time>
    </rtept>
    <rtept lat="46.882032" lon="11.115611">
      <ele>1941.97</ele>
      <time>2025-06-25T16:08:04Z</time>
    </rtept>
    <rtept lat="46.882139" lon="11.115697">
      <ele>1940.53</ele>
      <time>2025-06-25T16:08:05Z</time>
    </rtept>
    <rtept lat="46.882268" lon="11.115804">
      <ele>1938.61</ele>
      <time>2025-06-25T16:08:06Z</time>
    </rtept>
    <rtept lat="46.882418" lon="11.115911">
      <ele>1937.17</ele>
      <time>2025-06-25T16:08:07Z</time>
    </rtept>
    <rtept lat="46.882697" lon="11.116083">
      <ele>1936.21</ele>
      <time>2025-06-25T16:08:09Z</time>
    </rtept>
    <rtept lat="46.882847" lon="11.116169">
      <ele>1935.24</ele>
      <time>2025-06-25T16:08:10Z</time>
    </rtept>
    <rtept lat="46.883169" lon="11.116319">
      <ele>1931.4</ele>
      <time>2025-06-25T16:08:13Z</time>
    </rtept>
    <rtept lat="46.883255" lon="11.116469">
      <ele>1931.4</ele>
      <time>2025-06-25T16:08:14Z</time>
    </rtept>
    <rtept lat="46.88334" lon="11.116598">
      <ele>1930.92</ele>
      <time>2025-06-25T16:08:15Z</time>
    </rtept>
    <rtept lat="46.883383" lon="11.116641">
      <ele>1930.44</ele>
      <time>2025-06-25T16:08:16Z</time>
    </rtept>
    <rtept lat="46.883426" lon="11.116898">
      <ele>1928.04</ele>
      <time>2025-06-25T16:08:17Z</time>
    </rtept>
    <rtept lat="46.883448" lon="11.117134">
      <ele>1929.0</ele>
      <time>2025-06-25T16:08:18Z</time>
    </rtept>
    <rtept lat="46.883469" lon="11.117306">
      <ele>1927.07</ele>
      <time>2025-06-25T16:08:19Z</time>
    </rtept>
    <rtept lat="46.883534" lon="11.117606">
      <ele>1922.75</ele>
      <time>2025-06-25T16:08:21Z</time>
    </rtept>
    <rtept lat="46.883598" lon="11.117714">
      <ele>1920.34</ele>
      <time>2025-06-25T16:08:22Z</time>
    </rtept>
    <rtept lat="46.883727" lon="11.117821">
      <ele>1918.42</ele>
      <time>2025-06-25T16:08:23Z</time>
    </rtept>
    <rtept lat="46.883855" lon="11.11795">
      <ele>1916.5</ele>
      <time>2025-06-25T16:08:24Z</time>
    </rtept>
    <rtept lat="46.883984" lon="11.118057">
      <ele>1915.06</ele>
      <time>2025-06-25T16:08:25Z</time>
    </rtept>
    <rtept lat="46.884113" lon="11.118164">
      <ele>1913.62</ele>
      <time>2025-06-25T16:08:26Z</time>
    </rtept>
    <rtept lat="46.884242" lon="11.118293">
      <ele>1910.73</ele>
      <time>2025-06-25T16:08:27Z</time>
    </rtept>
    <rtept lat="46.88437" lon="11.118422">
      <ele>1909.29</ele>
      <time>2025-06-25T16:08:28Z</time>
    </rtept>
    <rtept lat="46.884521" lon="11.11855">
      <ele>1907.37</ele>
      <time>2025-06-25T16:08:29Z</time>
    </rtept>
    <rtept lat="46.884692" lon="11.118679">
      <ele>1904.96</ele>
      <time>2025-06-25T16:08:30Z</time>
    </rtept>
    <rtept lat="46.885229" lon="11.119108">
      <ele>1894.39</ele>
      <time>2025-06-25T16:08:35Z</time>
    </rtept>
    <rtept lat="46.885422" lon="11.119022">
      <ele>1892.95</ele>
      <time>2025-06-25T16:08:37Z</time>
    </rtept>
    <rtept lat="46.885529" lon="11.11898">
      <ele>1891.51</ele>
      <time>2025-06-25T16:08:38Z</time>
    </rtept>
    <rtept lat="46.885551" lon="11.11898">
      <ele>1892.95</ele>
      <time>2025-06-25T16:08:40Z</time>
    </rtept>
    <rtept lat="46.885701" lon="11.119044">
      <ele>1892.95</ele>
      <time>2025-06-25T16:08:41Z</time>
    </rtept>
    <rtept lat="46.88583" lon="11.119259">
      <ele>1892.47</ele>
      <time>2025-06-25T16:08:42Z</time>
    </rtept>
    <rtept lat="46.885894" lon="11.119495">
      <ele>1890.06</ele>
      <time>2025-06-25T16:08:43Z</time>
    </rtept>
    <rtept lat="46.885958" lon="11.119709">
      <ele>1887.66</ele>
      <time>2025-06-25T16:08:44Z</time>
    </rtept>
    <rtept lat="46.886173" lon="11.120138">
      <ele>1881.89</ele>
      <time>2025-06-25T16:08:46Z</time>
    </rtept>
    <rtept lat="46.886323" lon="11.120374">
      <ele>1878.53</ele>
      <time>2025-06-25T16:08:47Z</time>
    </rtept>
    <rtept lat="46.886452" lon="11.12061">
      <ele>1875.64</ele>
      <time>2025-06-25T16:08:48Z</time>
    </rtept>
    <rtept lat="46.886559" lon="11.120846">
      <ele>1874.2</ele>
      <time>2025-06-25T16:08:49Z</time>
    </rtept>
    <rtept lat="46.886645" lon="11.121061">
      <ele>1871.32</ele>
      <time>2025-06-25T16:08:50Z</time>
    </rtept>
    <rtept lat="46.886731" lon="11.121233">
      <ele>1870.36</ele>
      <time>2025-06-25T16:08:51Z</time>
    </rtept>
    <rtept lat="46.886817" lon="11.121361">
      <ele>1869.88</ele>
      <time>2025-06-25T16:08:52Z</time>
    </rtept>
    <rtept lat="46.887246" lon="11.122048">
      <ele>1871.32</ele>
      <time>2025-06-25T16:08:56Z</time>
    </rtept>
    <rtept lat="46.88731" lon="11.122284">
      <ele>1871.32</ele>
      <time>2025-06-25T16:08:57Z</time>
    </rtept>
    <rtept lat="46.887374" lon="11.122563">
      <ele>1871.32</ele>
      <time>2025-06-25T16:08:58Z</time>
    </rtept>
    <rtept lat="46.887439" lon="11.122885">
      <ele>1871.32</ele>
      <time>2025-06-25T16:08:59Z</time>
    </rtept>
    <rtept lat="46.887825" lon="11.125116">
      <ele>1858.34</ele>
      <time>2025-06-25T16:09:07Z</time>
    </rtept>
    <rtept lat="46.887868" lon="11.12576">
      <ele>1850.17</ele>
      <time>2025-06-25T16:09:10Z</time>
    </rtept>
    <rtept lat="46.887825" lon="11.125932">
      <ele>1844.88</ele>
      <time>2025-06-25T16:09:11Z</time>
    </rtept>
    <rtept lat="46.887804" lon="11.126104">
      <ele>1841.04</ele>
      <time>2025-06-25T16:09:12Z</time>
    </rtept>
    <rtept lat="46.887825" lon="11.126404">
      <ele>1836.23</ele>
      <time>2025-06-25T16:09:14Z</time>
    </rtept>
    <rtept lat="46.887825" lon="11.126425">
      <ele>1835.75</ele>
      <time>2025-06-25T16:09:16Z</time>
    </rtept>
    <rtept lat="46.887975" lon="11.12664">
      <ele>1833.35</ele>
      <time>2025-06-25T16:09:17Z</time>
    </rtept>
    <rtept lat="46.88804" lon="11.126683">
      <ele>1832.38</ele>
      <time>2025-06-25T16:09:18Z</time>
    </rtept>
    <rtept lat="46.888383" lon="11.126876">
      <ele>1823.73</ele>
      <time>2025-06-25T16:09:21Z</time>
    </rtept>
    <rtept lat="46.889241" lon="11.127305">
      <ele>1823.25</ele>
      <time>2025-06-25T16:09:29Z</time>
    </rtept>
    <rtept lat="46.889349" lon="11.127284">
      <ele>1823.25</ele>
      <time>2025-06-25T16:09:30Z</time>
    </rtept>
    <rtept lat="46.889477" lon="11.127262">
      <ele>1823.25</ele>
      <time>2025-06-25T16:09:31Z</time>
    </rtept>
    <rtept lat="46.889949" lon="11.127176">
      <ele>1822.77</ele>
      <time>2025-06-25T16:09:34Z</time>
    </rtept>
    <rtept lat="46.8901" lon="11.127155">
      <ele>1822.77</ele>
      <time>2025-06-25T16:09:35Z</time>
    </rtept>
    <rtept lat="46.891387" lon="11.12737">
      <ele>1822.29</ele>
      <time>2025-06-25T16:09:44Z</time>
    </rtept>
    <rtept lat="46.89158" lon="11.127477">
      <ele>1821.81</ele>
      <time>2025-06-25T16:09:46Z</time>
    </rtept>
    <rtept lat="46.891687" lon="11.127541">
      <ele>1821.81</ele>
      <time>2025-06-25T16:09:47Z</time>
    </rtept>
    <rtept lat="46.891773" lon="11.127606">
      <ele>1821.81</ele>
      <time>2025-06-25T16:09:48Z</time>
    </rtept>
    <rtept lat="46.893468" lon="11.128292">
      <ele>1821.81</ele>
      <time>2025-06-25T16:10:01Z</time>
    </rtept>
    <rtept lat="46.895207" lon="11.128678">
      <ele>1826.62</ele>
      <time>2025-06-25T16:10:11Z</time>
    </rtept>
    <rtept lat="46.895421" lon="11.128807">
      <ele>1811.24</ele>
      <time>2025-06-25T16:10:12Z</time>
    </rtept>
    <rtept lat="46.895528" lon="11.128872">
      <ele>1785.76</ele>
      <time>2025-06-25T16:10:13Z</time>
    </rtept>
    <rtept lat="46.895679" lon="11.128957">
      <ele>1771.82</ele>
      <time>2025-06-25T16:10:14Z</time>
    </rtept>
    <rtept lat="46.895807" lon="11.129043">
      <ele>1770.86</ele>
      <time>2025-06-25T16:10:15Z</time>
    </rtept>
    <rtept lat="46.896322" lon="11.129344">
      <ele>1772.78</ele>
      <time>2025-06-25T16:10:20Z</time>
    </rtept>
    <rtept lat="46.896387" lon="11.129451">
      <ele>1771.82</ele>
      <time>2025-06-25T16:10:21Z</time>
    </rtept>
    <rtept lat="46.896387" lon="11.129515">
      <ele>1772.3</ele>
      <time>2025-06-25T16:10:22Z</time>
    </rtept>
    <rtept lat="46.896408" lon="11.129644">
      <ele>1768.46</ele>
      <time>2025-06-25T16:10:23Z</time>
    </rtept>
    <rtept lat="46.896408" lon="11.129751">
      <ele>1768.94</ele>
      <time>2025-06-25T16:10:24Z</time>
    </rtept>
    <rtept lat="46.896365" lon="11.129859">
      <ele>1768.46</ele>
      <time>2025-06-25T16:10:25Z</time>
    </rtept>
    <rtept lat="46.896322" lon="11.129966">
      <ele>1767.98</ele>
      <time>2025-06-25T16:10:26Z</time>
    </rtept>
    <rtept lat="46.896258" lon="11.130009">
      <ele>1763.17</ele>
      <time>2025-06-25T16:10:27Z</time>
    </rtept>
    <rtept lat="46.896172" lon="11.130009">
      <ele>1761.25</ele>
      <time>2025-06-25T16:10:28Z</time>
    </rtept>
    <rtept lat="46.896043" lon="11.129966">
      <ele>1759.81</ele>
      <time>2025-06-25T16:10:29Z</time>
    </rtept>
    <rtept lat="46.895507" lon="11.129773">
      <ele>1755.96</ele>
      <time>2025-06-25T16:10:33Z</time>
    </rtept>
    <rtept lat="46.895357" lon="11.129816">
      <ele>1756.92</ele>
      <time>2025-06-25T16:10:34Z</time>
    </rtept>
    <rtept lat="46.894584" lon="11.13018">
      <ele>1754.52</ele>
      <time>2025-06-25T16:10:39Z</time>
    </rtept>
    <rtept lat="46.893211" lon="11.130953">
      <ele>1742.02</ele>
      <time>2025-06-25T16:10:48Z</time>
    </rtept>
    <rtept lat="46.891859" lon="11.130953">
      <ele>1735.77</ele>
      <time>2025-06-25T16:10:56Z</time>
    </rtept>
    <rtept lat="46.891687" lon="11.13091">
      <ele>1736.25</ele>
      <time>2025-06-25T16:10:57Z</time>
    </rtept>
    <rtept lat="46.891065" lon="11.130781">
      <ele>1734.81</ele>
      <time>2025-06-25T16:11:01Z</time>
    </rtept>
    <rtept lat="46.890958" lon="11.130824">
      <ele>1733.85</ele>
      <time>2025-06-25T16:11:02Z</time>
    </rtept>
    <rtept lat="46.890829" lon="11.130889">
      <ele>1733.85</ele>
      <time>2025-06-25T16:11:03Z</time>
    </rtept>
    <rtept lat="46.890786" lon="11.130953">
      <ele>1732.41</ele>
      <time>2025-06-25T16:11:04Z</time>
    </rtept>
    <rtept lat="46.8907" lon="11.131125">
      <ele>1731.45</ele>
      <time>2025-06-25T16:11:05Z</time>
    </rtept>
    <rtept lat="46.890593" lon="11.131275">
      <ele>1730.49</ele>
      <time>2025-06-25T16:11:06Z</time>
    </rtept>
    <rtept lat="46.890357" lon="11.131768">
      <ele>1727.6</ele>
      <time>2025-06-25T16:11:09Z</time>
    </rtept>
    <rtept lat="46.890293" lon="11.13194">
      <ele>1728.08</ele>
      <time>2025-06-25T16:11:10Z</time>
    </rtept>
    <rtept lat="46.890271" lon="11.132155">
      <ele>1729.04</ele>
      <time>2025-06-25T16:11:11Z</time>
    </rtept>
    <rtept lat="46.890293" lon="11.132369">
      <ele>1729.52</ele>
      <time>2025-06-25T16:11:12Z</time>
    </rtept>
    <rtept lat="46.890314" lon="11.132562">
      <ele>1730.01</ele>
      <time>2025-06-25T16:11:13Z</time>
    </rtept>
    <rtept lat="46.890379" lon="11.13282">
      <ele>1730.97</ele>
      <time>2025-06-25T16:11:14Z</time>
    </rtept>
    <rtept lat="46.890443" lon="11.133077">
      <ele>1730.49</ele>
      <time>2025-06-25T16:11:15Z</time>
    </rtept>
    <rtept lat="46.890894" lon="11.134107">
      <ele>1735.29</ele>
      <time>2025-06-25T16:11:20Z</time>
    </rtept>
    <rtept lat="46.890979" lon="11.134236">
      <ele>1733.85</ele>
      <time>2025-06-25T16:11:21Z</time>
    </rtept>
    <rtept lat="46.891065" lon="11.1343">
      <ele>1733.37</ele>
      <time>2025-06-25T16:11:22Z</time>
    </rtept>
    <rtept lat="46.891194" lon="11.134408">
      <ele>1731.45</ele>
      <time>2025-06-25T16:11:24Z</time>
    </rtept>
    <rtept lat="46.891237" lon="11.134558">
      <ele>1730.49</ele>
      <time>2025-06-25T16:11:25Z</time>
    </rtept>
    <rtept lat="46.891258" lon="11.134687">
      <ele>1730.49</ele>
      <time>2025-06-25T16:11:26Z</time>
    </rtept>
    <rtept lat="46.891258" lon="11.134687">
      <ele>1731.45</ele>
      <time>2025-06-25T16:11:27Z</time>
    </rtept>
    <rtept lat="46.891215" lon="11.134772">
      <ele>1725.68</ele>
      <time>2025-06-25T16:11:28Z</time>
    </rtept>
    <rtept lat="46.891151" lon="11.134901">
      <ele>1723.76</ele>
      <time>2025-06-25T16:11:29Z</time>
    </rtept>
    <rtept lat="46.891044" lon="11.134987">
      <ele>1723.28</ele>
      <time>2025-06-25T16:11:30Z</time>
    </rtept>
    <rtept lat="46.890507" lon="11.135395">
      <ele>1724.72</ele>
      <time>2025-06-25T16:11:33Z</time>
    </rtept>
    <rtept lat="46.890271" lon="11.135502">
      <ele>1726.64</ele>
      <time>2025-06-25T16:11:34Z</time>
    </rtept>
    <rtept lat="46.889735" lon="11.135759">
      <ele>1727.12</ele>
      <time>2025-06-25T16:11:37Z</time>
    </rtept>
    <rtept lat="46.889606" lon="11.135931">
      <ele>1727.12</ele>
      <time>2025-06-25T16:11:38Z</time>
    </rtept>
    <rtept lat="46.889499" lon="11.136124">
      <ele>1727.6</ele>
      <time>2025-06-25T16:11:39Z</time>
    </rtept>
    <rtept lat="46.889413" lon="11.136317">
      <ele>1728.56</ele>
      <time>2025-06-25T16:11:40Z</time>
    </rtept>
    <rtept lat="46.889327" lon="11.136553">
      <ele>1724.24</ele>
      <time>2025-06-25T16:11:41Z</time>
    </rtept>
    <rtept lat="46.889263" lon="11.136768">
      <ele>1723.76</ele>
      <time>2025-06-25T16:11:42Z</time>
    </rtept>
    <rtept lat="46.889091" lon="11.137154">
      <ele>1725.68</ele>
      <time>2025-06-25T16:11:44Z</time>
    </rtept>
    <rtept lat="46.889005" lon="11.137304">
      <ele>1726.64</ele>
      <time>2025-06-25T16:11:45Z</time>
    </rtept>
    <rtept lat="46.888898" lon="11.137455">
      <ele>1725.68</ele>
      <time>2025-06-25T16:11:46Z</time>
    </rtept>
    <rtept lat="46.888769" lon="11.137562">
      <ele>1723.76</ele>
      <time>2025-06-25T16:11:47Z</time>
    </rtept>
    <rtept lat="46.88864" lon="11.137648">
      <ele>1721.83</ele>
      <time>2025-06-25T16:11:48Z</time>
    </rtept>
    <rtept lat="46.888512" lon="11.137755">
      <ele>1719.43</ele>
      <time>2025-06-25T16:11:49Z</time>
    </rtept>
    <rtept lat="46.886774" lon="11.138742">
      <ele>1715.1</ele>
      <time>2025-06-25T16:12:01Z</time>
    </rtept>
    <rtept lat="46.885744" lon="11.139257">
      <ele>1717.99</ele>
      <time>2025-06-25T16:12:08Z</time>
    </rtept>
    <rtept lat="46.885615" lon="11.139407">
      <ele>1721.35</ele>
      <time>2025-06-25T16:12:09Z</time>
    </rtept>
    <rtept lat="46.885529" lon="11.139557">
      <ele>1718.95</ele>
      <time>2025-06-25T16:12:10Z</time>
    </rtept>
    <rtept lat="46.884606" lon="11.141167">
      <ele>1716.55</ele>
      <time>2025-06-25T16:12:18Z</time>
    </rtept>
    <rtept lat="46.884499" lon="11.14151">
      <ele>1717.03</ele>
      <time>2025-06-25T16:12:20Z</time>
    </rtept>
    <rtept lat="46.884499" lon="11.14166">
      <ele>1717.99</ele>
      <time>2025-06-25T16:12:21Z</time>
    </rtept>
    <rtept lat="46.884521" lon="11.141875">
      <ele>1718.95</ele>
      <time>2025-06-25T16:12:22Z</time>
    </rtept>
    <rtept lat="46.884606" lon="11.142132">
      <ele>1721.83</ele>
      <time>2025-06-25T16:12:23Z</time>
    </rtept>
    <rtept lat="46.884671" lon="11.142368">
      <ele>1718.47</ele>
      <time>2025-06-25T16:12:24Z</time>
    </rtept>
    <rtept lat="46.884757" lon="11.142626">
      <ele>1718.95</ele>
      <time>2025-06-25T16:12:25Z</time>
    </rtept>
    <rtept lat="46.884993" lon="11.143592">
      <ele>1717.99</ele>
      <time>2025-06-25T16:12:30Z</time>
    </rtept>
    <rtept lat="46.884928" lon="11.143763">
      <ele>1717.51</ele>
      <time>2025-06-25T16:12:32Z</time>
    </rtept>
    <rtept lat="46.884842" lon="11.143956">
      <ele>1717.51</ele>
      <time>2025-06-25T16:12:33Z</time>
    </rtept>
    <rtept lat="46.884649" lon="11.144214">
      <ele>1717.03</ele>
      <time>2025-06-25T16:12:34Z</time>
    </rtept>
    <rtept lat="46.883877" lon="11.145158">
      <ele>1717.03</ele>
      <time>2025-06-25T16:12:39Z</time>
    </rtept>
    <rtept lat="46.883834" lon="11.14533">
      <ele>1714.62</ele>
      <time>2025-06-25T16:12:40Z</time>
    </rtept>
    <rtept lat="46.883791" lon="11.145566">
      <ele>1711.74</ele>
      <time>2025-06-25T16:12:41Z</time>
    </rtept>
    <rtept lat="46.883727" lon="11.145823">
      <ele>1710.78</ele>
      <time>2025-06-25T16:12:42Z</time>
    </rtept>
    <rtept lat="46.883662" lon="11.146081">
      <ele>1709.34</ele>
      <time>2025-06-25T16:12:43Z</time>
    </rtept>
    <rtept lat="46.883512" lon="11.146553">
      <ele>1710.3</ele>
      <time>2025-06-25T16:12:46Z</time>
    </rtept>
    <rtept lat="46.883405" lon="11.146617">
      <ele>1710.78</ele>
      <time>2025-06-25T16:12:47Z</time>
    </rtept>
    <rtept lat="46.883276" lon="11.146681">
      <ele>1710.3</ele>
      <time>2025-06-25T16:12:48Z</time>
    </rtept>
    <rtept lat="46.883126" lon="11.146767">
      <ele>1707.9</ele>
      <time>2025-06-25T16:12:49Z</time>
    </rtept>
    <rtept lat="46.882997" lon="11.146875">
      <ele>1706.45</ele>
      <time>2025-06-25T16:12:50Z</time>
    </rtept>
    <rtept lat="46.882868" lon="11.147025">
      <ele>1705.01</ele>
      <time>2025-06-25T16:12:51Z</time>
    </rtept>
    <rtept lat="46.882761" lon="11.147154">
      <ele>1704.05</ele>
      <time>2025-06-25T16:12:52Z</time>
    </rtept>
    <rtept lat="46.882654" lon="11.147282">
      <ele>1702.61</ele>
      <time>2025-06-25T16:12:53Z</time>
    </rtept>
    <rtept lat="46.882589" lon="11.147368">
      <ele>1701.65</ele>
      <time>2025-06-25T16:12:54Z</time>
    </rtept>
    <rtept lat="46.882525" lon="11.147604">
      <ele>1703.09</ele>
      <time>2025-06-25T16:12:55Z</time>
    </rtept>
    <rtept lat="46.882482" lon="11.147776">
      <ele>1702.13</ele>
      <time>2025-06-25T16:12:56Z</time>
    </rtept>
    <rtept lat="46.882461" lon="11.147947">
      <ele>1701.17</ele>
      <time>2025-06-25T16:12:57Z</time>
    </rtept>
    <rtept lat="46.882418" lon="11.148119">
      <ele>1699.72</ele>
      <time>2025-06-25T16:12:58Z</time>
    </rtept>
    <rtept lat="46.882375" lon="11.148269">
      <ele>1700.2</ele>
      <time>2025-06-25T16:12:59Z</time>
    </rtept>
    <rtept lat="46.88231" lon="11.14842">
      <ele>1697.32</ele>
      <time>2025-06-25T16:13:00Z</time>
    </rtept>
    <rtept lat="46.88231" lon="11.148677">
      <ele>1696.36</ele>
      <time>2025-06-25T16:13:01Z</time>
    </rtept>
    <rtept lat="46.882332" lon="11.148892">
      <ele>1697.32</ele>
      <time>2025-06-25T16:13:02Z</time>
    </rtept>
    <rtept lat="46.882332" lon="11.149106">
      <ele>1696.84</ele>
      <time>2025-06-25T16:13:03Z</time>
    </rtept>
    <rtept lat="46.882289" lon="11.149278">
      <ele>1697.32</ele>
      <time>2025-06-25T16:13:04Z</time>
    </rtept>
    <rtept lat="46.882246" lon="11.149492">
      <ele>1696.84</ele>
      <time>2025-06-25T16:13:05Z</time>
    </rtept>
    <rtept lat="46.882182" lon="11.149686">
      <ele>1696.36</ele>
      <time>2025-06-25T16:13:06Z</time>
    </rtept>
    <rtept lat="46.882139" lon="11.15005">
      <ele>1694.44</ele>
      <time>2025-06-25T16:13:08Z</time>
    </rtept>
    <rtept lat="46.882117" lon="11.150222">
      <ele>1692.99</ele>
      <time>2025-06-25T16:13:09Z</time>
    </rtept>
    <rtept lat="46.882117" lon="11.150394">
      <ele>1693.48</ele>
      <time>2025-06-25T16:13:10Z</time>
    </rtept>
    <rtept lat="46.882032" lon="11.150608">
      <ele>1693.96</ele>
      <time>2025-06-25T16:13:12Z</time>
    </rtept>
    <rtept lat="46.882032" lon="11.150608">
      <ele>1693.96</ele>
      <time>2025-06-25T16:13:13Z</time>
    </rtept>
    <rtept lat="46.881967" lon="11.150673">
      <ele>1693.96</ele>
      <time>2025-06-25T16:13:14Z</time>
    </rtept>
    <rtept lat="46.881753" lon="11.150737">
      <ele>1693.48</ele>
      <time>2025-06-25T16:13:15Z</time>
    </rtept>
    <rtept lat="46.881602" lon="11.150801">
      <ele>1692.51</ele>
      <time>2025-06-25T16:13:16Z</time>
    </rtept>
    <rtept lat="46.881474" lon="11.150866">
      <ele>1691.55</ele>
      <time>2025-06-25T16:13:17Z</time>
    </rtept>
    <rtept lat="46.881345" lon="11.150952">
      <ele>1691.07</ele>
      <time>2025-06-25T16:13:18Z</time>
    </rtept>
    <rtept lat="46.881216" lon="11.151016">
      <ele>1690.59</ele>
      <time>2025-06-25T16:13:19Z</time>
    </rtept>
    <rtept lat="46.880186" lon="11.151574">
      <ele>1682.9</ele>
      <time>2025-06-25T16:13:27Z</time>
    </rtept>
    <rtept lat="46.879821" lon="11.152132">
      <ele>1685.78</ele>
      <time>2025-06-25T16:13:32Z</time>
    </rtept>
    <rtept lat="46.879628" lon="11.152153">
      <ele>1686.27</ele>
      <time>2025-06-25T16:13:33Z</time>
    </rtept>
    <rtept lat="46.879521" lon="11.152175">
      <ele>1686.27</ele>
      <time>2025-06-25T16:13:34Z</time>
    </rtept>
    <rtept lat="46.879392" lon="11.152196">
      <ele>1686.27</ele>
      <time>2025-06-25T16:13:35Z</time>
    </rtept>
    <rtept lat="46.879263" lon="11.152218">
      <ele>1685.3</ele>
      <time>2025-06-25T16:13:36Z</time>
    </rtept>
    <rtept lat="46.879135" lon="11.152239">
      <ele>1684.82</ele>
      <time>2025-06-25T16:13:37Z</time>
    </rtept>
    <rtept lat="46.879027" lon="11.152303">
      <ele>1684.82</ele>
      <time>2025-06-25T16:13:38Z</time>
    </rtept>
    <rtept lat="46.878942" lon="11.152389">
      <ele>1682.9</ele>
      <time>2025-06-25T16:13:39Z</time>
    </rtept>
    <rtept lat="46.878877" lon="11.152432">
      <ele>1681.94</ele>
      <time>2025-06-25T16:13:40Z</time>
    </rtept>
    <rtept lat="46.878856" lon="11.152539">
      <ele>1681.94</ele>
      <time>2025-06-25T16:13:41Z</time>
    </rtept>
    <rtept lat="46.878813" lon="11.15269">
      <ele>1683.38</ele>
      <time>2025-06-25T16:13:42Z</time>
    </rtept>
    <rtept lat="46.87877" lon="11.15284">
      <ele>1683.38</ele>
      <time>2025-06-25T16:13:43Z</time>
    </rtept>
    <rtept lat="46.878663" lon="11.153312">
      <ele>1682.9</ele>
      <time>2025-06-25T16:13:46Z</time>
    </rtept>
    <rtept lat="46.878405" lon="11.154921">
      <ele>1681.94</ele>
      <time>2025-06-25T16:13:54Z</time>
    </rtept>
    <rtept lat="46.878448" lon="11.155093">
      <ele>1681.46</ele>
      <time>2025-06-25T16:13:55Z</time>
    </rtept>
    <rtept lat="46.878491" lon="11.155565">
      <ele>1679.54</ele>
      <time>2025-06-25T16:13:58Z</time>
    </rtept>
    <rtept lat="46.878427" lon="11.155822">
      <ele>1679.54</ele>
      <time>2025-06-25T16:13:59Z</time>
    </rtept>
    <rtept lat="46.878362" lon="11.156037">
      <ele>1680.02</ele>
      <time>2025-06-25T16:14:00Z</time>
    </rtept>
    <rtept lat="46.878319" lon="11.156252">
      <ele>1679.54</ele>
      <time>2025-06-25T16:14:01Z</time>
    </rtept>
    <rtept lat="46.878234" lon="11.156423">
      <ele>1679.06</ele>
      <time>2025-06-25T16:14:02Z</time>
    </rtept>
    <rtept lat="46.878169" lon="11.156573">
      <ele>1679.54</ele>
      <time>2025-06-25T16:14:03Z</time>
    </rtept>
    <rtept lat="46.878083" lon="11.156724">
      <ele>1679.54</ele>
      <time>2025-06-25T16:14:04Z</time>
    </rtept>
    <rtept lat="46.877847" lon="11.157282">
      <ele>1677.61</ele>
      <time>2025-06-25T16:14:08Z</time>
    </rtept>
    <rtept lat="46.877826" lon="11.15741">
      <ele>1679.06</ele>
      <time>2025-06-25T16:14:09Z</time>
    </rtept>
    <rtept lat="46.877826" lon="11.157496">
      <ele>1678.09</ele>
      <time>2025-06-25T16:14:10Z</time>
    </rtept>
    <rtept lat="46.877869" lon="11.157646">
      <ele>1677.13</ele>
      <time>2025-06-25T16:14:11Z</time>
    </rtept>
    <rtept lat="46.877912" lon="11.157754">
      <ele>1676.65</ele>
      <time>2025-06-25T16:14:12Z</time>
    </rtept>
    <rtept lat="46.877976" lon="11.157882">
      <ele>1676.65</ele>
      <time>2025-06-25T16:14:13Z</time>
    </rtept>
    <rtept lat="46.878405" lon="11.158676">
      <ele>1677.61</ele>
      <time>2025-06-25T16:14:17Z</time>
    </rtept>
    <rtept lat="46.878555" lon="11.158955">
      <ele>1677.13</ele>
      <time>2025-06-25T16:14:18Z</time>
    </rtept>
    <rtept lat="46.878684" lon="11.159191">
      <ele>1677.61</ele>
      <time>2025-06-25T16:14:19Z</time>
    </rtept>
    <rtept lat="46.878813" lon="11.159406">
      <ele>1677.13</ele>
      <time>2025-06-25T16:14:20Z</time>
    </rtept>
    <rtept lat="46.879156" lon="11.160157">
      <ele>1676.17</ele>
      <time>2025-06-25T16:14:23Z</time>
    </rtept>
    <rtept lat="46.879263" lon="11.160414">
      <ele>1675.69</ele>
      <time>2025-06-25T16:14:24Z</time>
    </rtept>
    <rtept lat="46.879435" lon="11.160886">
      <ele>1674.73</ele>
      <time>2025-06-25T16:14:26Z</time>
    </rtept>
    <rtept lat="46.879607" lon="11.161187">
      <ele>1673.77</ele>
      <time>2025-06-25T16:14:27Z</time>
    </rtept>
    <rtept lat="46.879821" lon="11.161659">
      <ele>1674.73</ele>
      <time>2025-06-25T16:14:29Z</time>
    </rtept>
    <rtept lat="46.879886" lon="11.161959">
      <ele>1674.73</ele>
      <time>2025-06-25T16:14:30Z</time>
    </rtept>
    <rtept lat="46.87995" lon="11.162217">
      <ele>1674.73</ele>
      <time>2025-06-25T16:14:31Z</time>
    </rtept>
    <rtept lat="46.880422" lon="11.163826">
      <ele>1674.25</ele>
      <time>2025-06-25T16:14:38Z</time>
    </rtept>
    <rtept lat="46.880444" lon="11.163976">
      <ele>1674.25</ele>
      <time>2025-06-25T16:14:39Z</time>
    </rtept>
    <rtept lat="46.880444" lon="11.164041">
      <ele>1674.25</ele>
      <time>2025-06-25T16:14:40Z</time>
    </rtept>
    <rtept lat="46.880379" lon="11.164127">
      <ele>1674.25</ele>
      <time>2025-06-25T16:14:41Z</time>
    </rtept>
    <rtept lat="46.880336" lon="11.164191">
      <ele>1674.25</ele>
      <time>2025-06-25T16:14:42Z</time>
    </rtept>
    <rtept lat="46.880336" lon="11.164191">
      <ele>1675.21</ele>
      <time>2025-06-25T16:14:43Z</time>
    </rtept>
    <rtept lat="46.880186" lon="11.164212">
      <ele>1674.25</ele>
      <time>2025-06-25T16:14:44Z</time>
    </rtept>
    <rtept lat="46.880079" lon="11.164169">
      <ele>1672.81</ele>
      <time>2025-06-25T16:14:45Z</time>
    </rtept>
    <rtept lat="46.879907" lon="11.164105">
      <ele>1671.85</ele>
      <time>2025-06-25T16:14:46Z</time>
    </rtept>
    <rtept lat="46.879736" lon="11.164041">
      <ele>1672.33</ele>
      <time>2025-06-25T16:14:47Z</time>
    </rtept>
    <rtept lat="46.879306" lon="11.163762">
      <ele>1670.88</ele>
      <time>2025-06-25T16:14:51Z</time>
    </rtept>
    <rtept lat="46.879178" lon="11.163547">
      <ele>1668.0</ele>
      <time>2025-06-25T16:14:52Z</time>
    </rtept>
    <rtept lat="46.879092" lon="11.163376">
      <ele>1667.52</ele>
      <time>2025-06-25T16:14:53Z</time>
    </rtept>
    <rtept lat="46.878899" lon="11.163118">
      <ele>1666.56</ele>
      <time>2025-06-25T16:14:55Z</time>
    </rtept>
    <rtept lat="46.878834" lon="11.163054">
      <ele>1663.19</ele>
      <time>2025-06-25T16:14:56Z</time>
    </rtept>
    <rtept lat="46.878684" lon="11.162989">
      <ele>1659.83</ele>
      <time>2025-06-25T16:14:57Z</time>
    </rtept>
    <rtept lat="46.878534" lon="11.162925">
      <ele>1660.31</ele>
      <time>2025-06-25T16:14:58Z</time>
    </rtept>
    <rtept lat="46.878384" lon="11.162861">
      <ele>1660.31</ele>
      <time>2025-06-25T16:14:59Z</time>
    </rtept>
    <rtept lat="46.877118" lon="11.162624">
      <ele>1669.44</ele>
      <time>2025-06-25T16:15:07Z</time>
    </rtept>
    <rtept lat="46.875723" lon="11.16271">
      <ele>1663.67</ele>
      <time>2025-06-25T16:15:15Z</time>
    </rtept>
    <rtept lat="46.874521" lon="11.162539">
      <ele>1651.18</ele>
      <time>2025-06-25T16:15:21Z</time>
    </rtept>
    <rtept lat="46.874157" lon="11.162582">
      <ele>1648.77</ele>
      <time>2025-06-25T16:15:24Z</time>
    </rtept>
    <rtept lat="46.874092" lon="11.162646">
      <ele>1648.77</ele>
      <time>2025-06-25T16:15:25Z</time>
    </rtept>
    <rtept lat="46.874006" lon="11.162689">
      <ele>1646.37</ele>
      <time>2025-06-25T16:15:26Z</time>
    </rtept>
    <rtept lat="46.873963" lon="11.162732">
      <ele>1645.41</ele>
      <time>2025-06-25T16:15:27Z</time>
    </rtept>
    <rtept lat="46.873878" lon="11.162732">
      <ele>1643.01</ele>
      <time>2025-06-25T16:15:28Z</time>
    </rtept>
    <rtept lat="46.873878" lon="11.162732">
      <ele>1640.6</ele>
      <time>2025-06-25T16:15:29Z</time>
    </rtept>
    <rtept lat="46.873663" lon="11.162646">
      <ele>1640.12</ele>
      <time>2025-06-25T16:15:30Z</time>
    </rtept>
    <rtept lat="46.873577" lon="11.162539">
      <ele>1639.16</ele>
      <time>2025-06-25T16:15:31Z</time>
    </rtept>
    <rtept lat="46.87347" lon="11.16241">
      <ele>1637.72</ele>
      <time>2025-06-25T16:15:32Z</time>
    </rtept>
    <rtept lat="46.873406" lon="11.162324">
      <ele>1637.24</ele>
      <time>2025-06-25T16:15:33Z</time>
    </rtept>
    <rtept lat="46.873234" lon="11.162238">
      <ele>1638.2</ele>
      <time>2025-06-25T16:15:34Z</time>
    </rtept>
    <rtept lat="46.873127" lon="11.162238">
      <ele>1637.24</ele>
      <time>2025-06-25T16:15:35Z</time>
    </rtept>
    <rtept lat="46.873019" lon="11.162217">
      <ele>1636.28</ele>
      <time>2025-06-25T16:15:36Z</time>
    </rtept>
    <rtept lat="46.872891" lon="11.162217">
      <ele>1636.28</ele>
      <time>2025-06-25T16:15:37Z</time>
    </rtept>
    <rtept lat="46.87274" lon="11.162195">
      <ele>1636.76</ele>
      <time>2025-06-25T16:15:38Z</time>
    </rtept>
    <rtept lat="46.872612" lon="11.162174">
      <ele>1635.32</ele>
      <time>2025-06-25T16:15:39Z</time>
    </rtept>
    <rtept lat="46.872483" lon="11.162131">
      <ele>1634.35</ele>
      <time>2025-06-25T16:15:40Z</time>
    </rtept>
    <rtept lat="46.872204" lon="11.162131">
      <ele>1631.47</ele>
      <time>2025-06-25T16:15:42Z</time>
    </rtept>
    <rtept lat="46.872075" lon="11.162152">
      <ele>1631.95</ele>
      <time>2025-06-25T16:15:43Z</time>
    </rtept>
    <rtept lat="46.871968" lon="11.162174">
      <ele>1632.43</ele>
      <time>2025-06-25T16:15:44Z</time>
    </rtept>
    <rtept lat="46.871667" lon="11.162088">
      <ele>1629.07</ele>
      <time>2025-06-25T16:15:47Z</time>
    </rtept>
    <rtept lat="46.871582" lon="11.162045">
      <ele>1626.18</ele>
      <time>2025-06-25T16:15:48Z</time>
    </rtept>
    <rtept lat="46.871539" lon="11.162024">
      <ele>1624.26</ele>
      <time>2025-06-25T16:15:49Z</time>
    </rtept>
    <rtept lat="46.871453" lon="11.161809">
      <ele>1620.42</ele>
      <time>2025-06-25T16:15:50Z</time>
    </rtept>
    <rtept lat="46.871367" lon="11.161659">
      <ele>1620.9</ele>
      <time>2025-06-25T16:15:51Z</time>
    </rtept>
    <rtept lat="46.871324" lon="11.16153">
      <ele>1624.26</ele>
      <time>2025-06-25T16:15:52Z</time>
    </rtept>
    <rtept lat="46.87126" lon="11.161401">
      <ele>1622.82</ele>
      <time>2025-06-25T16:15:54Z</time>
    </rtept>
    <rtept lat="46.871131" lon="11.161358">
      <ele>1619.45</ele>
      <time>2025-06-25T16:15:55Z</time>
    </rtept>
    <rtept lat="46.871045" lon="11.161316">
      <ele>1617.05</ele>
      <time>2025-06-25T16:15:56Z</time>
    </rtept>
    <rtept lat="46.870788" lon="11.161208">
      <ele>1610.8</ele>
      <time>2025-06-25T16:15:59Z</time>
    </rtept>
    <rtept lat="46.870659" lon="11.161037">
      <ele>1609.84</ele>
      <time>2025-06-25T16:16:00Z</time>
    </rtept>
    <rtept lat="46.870552" lon="11.160886">
      <ele>1608.88</ele>
      <time>2025-06-25T16:16:01Z</time>
    </rtept>
    <rtept lat="46.87038" lon="11.160672">
      <ele>1607.92</ele>
      <time>2025-06-25T16:16:03Z</time>
    </rtept>
    <rtept lat="46.870294" lon="11.160629">
      <ele>1607.92</ele>
      <time>2025-06-25T16:16:04Z</time>
    </rtept>
    <rtept lat="46.869522" lon="11.160307">
      <ele>1600.23</ele>
      <time>2025-06-25T16:16:09Z</time>
    </rtept>
    <rtept lat="46.869414" lon="11.160071">
      <ele>1599.27</ele>
      <time>2025-06-25T16:16:10Z</time>
    </rtept>
    <rtept lat="46.869307" lon="11.159771">
      <ele>1604.55</ele>
      <time>2025-06-25T16:16:11Z</time>
    </rtept>
    <rtept lat="46.868749" lon="11.158698">
      <ele>1589.17</ele>
      <time>2025-06-25T16:16:17Z</time>
    </rtept>
    <rtept lat="46.868599" lon="11.158655">
      <ele>1588.69</ele>
      <time>2025-06-25T16:16:18Z</time>
    </rtept>
    <rtept lat="46.86847" lon="11.158676">
      <ele>1587.73</ele>
      <time>2025-06-25T16:16:19Z</time>
    </rtept>
    <rtept lat="46.868127" lon="11.158848">
      <ele>1584.37</ele>
      <time>2025-06-25T16:16:21Z</time>
    </rtept>
    <rtept lat="46.865573" lon="11.159299">
      <ele>1584.85</ele>
      <time>2025-06-25T16:16:34Z</time>
    </rtept>
    <rtept lat="46.865573" lon="11.159299">
      <ele>1585.33</ele>
      <time>2025-06-25T16:16:35Z</time>
    </rtept>
    <rtept lat="46.865295" lon="11.159535">
      <ele>1585.33</ele>
      <time>2025-06-25T16:16:36Z</time>
    </rtept>
    <rtept lat="46.865209" lon="11.159556">
      <ele>1585.33</ele>
      <time>2025-06-25T16:16:37Z</time>
    </rtept>
    <rtept lat="46.865166" lon="11.159577">
      <ele>1585.33</ele>
      <time>2025-06-25T16:16:38Z</time>
    </rtept>
    <rtept lat="46.864951" lon="11.159363">
      <ele>1585.33</ele>
      <time>2025-06-25T16:16:40Z</time>
    </rtept>
    <rtept lat="46.864865" lon="11.159299">
      <ele>1585.33</ele>
      <time>2025-06-25T16:16:41Z</time>
    </rtept>
    <rtept lat="46.864801" lon="11.159234">
      <ele>1585.33</ele>
      <time>2025-06-25T16:16:42Z</time>
    </rtept>
    <rtept lat="46.864694" lon="11.159148">
      <ele>1585.33</ele>
      <time>2025-06-25T16:16:43Z</time>
    </rtept>
    <rtept lat="46.864629" lon="11.159084">
      <ele>1585.33</ele>
      <time>2025-06-25T16:16:44Z</time>
    </rtept>
    <rtept lat="46.864629" lon="11.159084">
      <ele>1585.33</ele>
      <time>2025-06-25T16:16:45Z</time>
    </rtept>
    <rtept lat="46.864436" lon="11.159063">
      <ele>1585.33</ele>
      <time>2025-06-25T16:16:46Z</time>
    </rtept>
    <rtept lat="46.864372" lon="11.159041">
      <ele>1585.33</ele>
      <time>2025-06-25T16:16:47Z</time>
    </rtept>
    <rtept lat="46.864136" lon="11.158955">
      <ele>1584.37</ele>
      <time>2025-06-25T16:16:48Z</time>
    </rtept>
    <rtept lat="46.864007" lon="11.158891">
      <ele>1581.0</ele>
      <time>2025-06-25T16:16:49Z</time>
    </rtept>
    <rtept lat="46.8639" lon="11.158869">
      <ele>1578.6</ele>
      <time>2025-06-25T16:16:50Z</time>
    </rtept>
    <rtept lat="46.863771" lon="11.158891">
      <ele>1578.6</ele>
      <time>2025-06-25T16:16:51Z</time>
    </rtept>
    <rtept lat="46.862827" lon="11.158741">
      <ele>1582.44</ele>
      <time>2025-06-25T16:16:58Z</time>
    </rtept>
    <rtept lat="46.862462" lon="11.158333">
      <ele>1581.96</ele>
      <time>2025-06-25T16:16:59Z</time>
    </rtept>
    <rtept lat="46.862462" lon="11.158333">
      <ele>1581.96</ele>
      <time>2025-06-25T16:17:00Z</time>
    </rtept>
    <rtept lat="46.862312" lon="11.158269">
      <ele>1581.96</ele>
      <time>2025-06-25T16:17:01Z</time>
    </rtept>
    <rtept lat="46.862312" lon="11.158269">
      <ele>1581.96</ele>
      <time>2025-06-25T16:17:02Z</time>
    </rtept>
    <rtept lat="46.862312" lon="11.158269">
      <ele>1581.96</ele>
      <time>2025-06-25T16:17:03Z</time>
    </rtept>
    <rtept lat="46.86214" lon="11.158311">
      <ele>1581.96</ele>
      <time>2025-06-25T16:17:04Z</time>
    </rtept>
    <rtept lat="46.859608" lon="11.15859">
      <ele>1502.17</ele>
      <time>2025-06-25T16:17:22Z</time>
    </rtept>
    <rtept lat="46.85963" lon="11.158183">
      <ele>1505.06</ele>
      <time>2025-06-25T16:17:23Z</time>
    </rtept>
    <rtept lat="46.85963" lon="11.158118">
      <ele>1517.56</ele>
      <time>2025-06-25T16:17:24Z</time>
    </rtept>
    <rtept lat="46.859608" lon="11.158011">
      <ele>1516.11</ele>
      <time>2025-06-25T16:17:25Z</time>
    </rtept>
    <rtept lat="46.859608" lon="11.157882">
      <ele>1515.15</ele>
      <time>2025-06-25T16:17:26Z</time>
    </rtept>
    <rtept lat="46.859587" lon="11.157754">
      <ele>1514.19</ele>
      <time>2025-06-25T16:17:27Z</time>
    </rtept>
    <rtept lat="46.859565" lon="11.157625">
      <ele>1511.31</ele>
      <time>2025-06-25T16:17:28Z</time>
    </rtept>
    <rtept lat="46.859565" lon="11.15756">
      <ele>1509.38</ele>
      <time>2025-06-25T16:17:29Z</time>
    </rtept>
    <rtept lat="46.85963" lon="11.15741">
      <ele>1508.9</ele>
      <time>2025-06-25T16:17:30Z</time>
    </rtept>
    <rtept lat="46.859694" lon="11.157324">
      <ele>1507.94</ele>
      <time>2025-06-25T16:17:31Z</time>
    </rtept>
    <rtept lat="46.859716" lon="11.157239">
      <ele>1508.42</ele>
      <time>2025-06-25T16:17:32Z</time>
    </rtept>
    <rtept lat="46.859758" lon="11.157174">
      <ele>1507.94</ele>
      <time>2025-06-25T16:17:33Z</time>
    </rtept>
    <rtept lat="46.85978" lon="11.157131">
      <ele>1508.42</ele>
      <time>2025-06-25T16:17:34Z</time>
    </rtept>
    <rtept lat="46.85978" lon="11.157088">
      <ele>1507.94</ele>
      <time>2025-06-25T16:17:35Z</time>
    </rtept>
    <rtept lat="46.859758" lon="11.157024">
      <ele>1508.9</ele>
      <time>2025-06-25T16:17:36Z</time>
    </rtept>
    <rtept lat="46.859758" lon="11.157024">
      <ele>1506.5</ele>
      <time>2025-06-25T16:17:37Z</time>
    </rtept>
    <rtept lat="46.859694" lon="11.157003">
      <ele>1501.21</ele>
      <time>2025-06-25T16:17:38Z</time>
    </rtept>
    <rtept lat="46.859673" lon="11.157045">
      <ele>1500.25</ele>
      <time>2025-06-25T16:17:39Z</time>
    </rtept>
    <rtept lat="46.859608" lon="11.15711">
      <ele>1500.25</ele>
      <time>2025-06-25T16:17:40Z</time>
    </rtept>
    <rtept lat="46.859565" lon="11.157239">
      <ele>1497.85</ele>
      <time>2025-06-25T16:17:41Z</time>
    </rtept>
    <rtept lat="46.859522" lon="11.157389">
      <ele>1497.37</ele>
      <time>2025-06-25T16:17:42Z</time>
    </rtept>
    <rtept lat="46.859479" lon="11.157539">
      <ele>1498.33</ele>
      <time>2025-06-25T16:17:43Z</time>
    </rtept>
    <rtept lat="46.859458" lon="11.157668">
      <ele>1498.33</ele>
      <time>2025-06-25T16:17:44Z</time>
    </rtept>
    <rtept lat="46.859437" lon="11.157797">
      <ele>1497.37</ele>
      <time>2025-06-25T16:17:45Z</time>
    </rtept>
    <rtept lat="46.859437" lon="11.157947">
      <ele>1495.93</ele>
      <time>2025-06-25T16:17:46Z</time>
    </rtept>
    <rtept lat="46.859458" lon="11.158097">
      <ele>1495.93</ele>
      <time>2025-06-25T16:17:47Z</time>
    </rtept>
    <rtept lat="46.859458" lon="11.158226">
      <ele>1494.96</ele>
      <time>2025-06-25T16:17:48Z</time>
    </rtept>
    <rtept lat="46.859458" lon="11.158505">
      <ele>1493.04</ele>
      <time>2025-06-25T16:17:50Z</time>
    </rtept>
    <rtept lat="46.859415" lon="11.158655">
      <ele>1492.56</ele>
      <time>2025-06-25T16:17:51Z</time>
    </rtept>
    <rtept lat="46.859308" lon="11.159127">
      <ele>1486.79</ele>
      <time>2025-06-25T16:17:54Z</time>
    </rtept>
    <rtept lat="46.859243" lon="11.159299">
      <ele>1486.31</ele>
      <time>2025-06-25T16:17:55Z</time>
    </rtept>
    <rtept lat="46.858707" lon="11.160758">
      <ele>1474.78</ele>
      <time>2025-06-25T16:18:05Z</time>
    </rtept>
    <rtept lat="46.858578" lon="11.161187">
      <ele>1469.01</ele>
      <time>2025-06-25T16:18:08Z</time>
    </rtept>
    <rtept lat="46.858557" lon="11.161358">
      <ele>1464.2</ele>
      <time>2025-06-25T16:18:09Z</time>
    </rtept>
    <rtept lat="46.858514" lon="11.161509">
      <ele>1465.16</ele>
      <time>2025-06-25T16:18:10Z</time>
    </rtept>
    <rtept lat="46.858492" lon="11.161573">
      <ele>1464.2</ele>
      <time>2025-06-25T16:18:11Z</time>
    </rtept>
    <rtept lat="46.858428" lon="11.161637">
      <ele>1460.36</ele>
      <time>2025-06-25T16:18:12Z</time>
    </rtept>
    <rtept lat="46.858385" lon="11.161702">
      <ele>1459.4</ele>
      <time>2025-06-25T16:18:13Z</time>
    </rtept>
    <rtept lat="46.858299" lon="11.161723">
      <ele>1458.43</ele>
      <time>2025-06-25T16:18:14Z</time>
    </rtept>
    <rtept lat="46.858256" lon="11.161745">
      <ele>1456.99</ele>
      <time>2025-06-25T16:18:15Z</time>
    </rtept>
    <rtept lat="46.858106" lon="11.161723">
      <ele>1458.43</ele>
      <time>2025-06-25T16:18:16Z</time>
    </rtept>
    <rtept lat="46.857956" lon="11.161723">
      <ele>1457.95</ele>
      <time>2025-06-25T16:18:17Z</time>
    </rtept>
    <rtept lat="46.857849" lon="11.161702">
      <ele>1457.95</ele>
      <time>2025-06-25T16:18:18Z</time>
    </rtept>
    <rtept lat="46.857763" lon="11.161702">
      <ele>1458.92</ele>
      <time>2025-06-25T16:18:19Z</time>
    </rtept>
    <rtept lat="46.857656" lon="11.161809">
      <ele>1460.36</ele>
      <time>2025-06-25T16:18:20Z</time>
    </rtept>
    <rtept lat="46.857591" lon="11.161873">
      <ele>1462.28</ele>
      <time>2025-06-25T16:18:21Z</time>
    </rtept>
    <rtept lat="46.857505" lon="11.161959">
      <ele>1461.32</ele>
      <time>2025-06-25T16:18:22Z</time>
    </rtept>
    <rtept lat="46.85742" lon="11.162045">
      <ele>1459.88</ele>
      <time>2025-06-25T16:18:23Z</time>
    </rtept>
    <rtept lat="46.857248" lon="11.162174">
      <ele>1449.78</ele>
      <time>2025-06-25T16:18:25Z</time>
    </rtept>
    <rtept lat="46.857184" lon="11.162195">
      <ele>1449.3</ele>
      <time>2025-06-25T16:18:26Z</time>
    </rtept>
    <rtept lat="46.857076" lon="11.162131">
      <ele>1450.74</ele>
      <time>2025-06-25T16:18:27Z</time>
    </rtept>
    <rtept lat="46.856947" lon="11.162045">
      <ele>1455.55</ele>
      <time>2025-06-25T16:18:28Z</time>
    </rtept>
    <rtept lat="46.856797" lon="11.161981">
      <ele>1460.36</ele>
      <time>2025-06-25T16:18:29Z</time>
    </rtept>
    <rtept lat="46.85669" lon="11.161916">
      <ele>1460.36</ele>
      <time>2025-06-25T16:18:30Z</time>
    </rtept>
    <rtept lat="46.856497" lon="11.161809">
      <ele>1457.47</ele>
      <time>2025-06-25T16:18:32Z</time>
    </rtept>
    <rtept lat="46.856261" lon="11.161595">
      <ele>1455.55</ele>
      <time>2025-06-25T16:18:35Z</time>
    </rtept>
    <rtept lat="46.856175" lon="11.161509">
      <ele>1454.11</ele>
      <time>2025-06-25T16:18:36Z</time>
    </rtept>
    <rtept lat="46.856089" lon="11.161423">
      <ele>1450.74</ele>
      <time>2025-06-25T16:18:37Z</time>
    </rtept>
    <rtept lat="46.855338" lon="11.160629">
      <ele>1436.32</ele>
      <time>2025-06-25T16:18:46Z</time>
    </rtept>
    <rtept lat="46.855188" lon="11.160607">
      <ele>1435.36</ele>
      <time>2025-06-25T16:18:47Z</time>
    </rtept>
    <rtept lat="46.855081" lon="11.160586">
      <ele>1435.36</ele>
      <time>2025-06-25T16:18:48Z</time>
    </rtept>
    <rtept lat="46.854909" lon="11.160672">
      <ele>1435.84</ele>
      <time>2025-06-25T16:18:49Z</time>
    </rtept>
    <rtept lat="46.85478" lon="11.160758">
      <ele>1433.44</ele>
      <time>2025-06-25T16:18:50Z</time>
    </rtept>
    <rtept lat="46.854673" lon="11.160822">
      <ele>1433.44</ele>
      <time>2025-06-25T16:18:51Z</time>
    </rtept>
    <rtept lat="46.854566" lon="11.160886">
      <ele>1431.52</ele>
      <time>2025-06-25T16:18:52Z</time>
    </rtept>
    <rtept lat="46.85448" lon="11.160972">
      <ele>1430.56</ele>
      <time>2025-06-25T16:18:53Z</time>
    </rtept>
    <rtept lat="46.854394" lon="11.16108">
      <ele>1426.23</ele>
      <time>2025-06-25T16:18:54Z</time>
    </rtept>
    <rtept lat="46.854308" lon="11.161187">
      <ele>1427.67</ele>
      <time>2025-06-25T16:18:55Z</time>
    </rtept>
    <rtept lat="46.854222" lon="11.161294">
      <ele>1425.75</ele>
      <time>2025-06-25T16:18:56Z</time>
    </rtept>
    <rtept lat="46.854051" lon="11.161509">
      <ele>1426.71</ele>
      <time>2025-06-25T16:18:58Z</time>
    </rtept>
    <rtept lat="46.853943" lon="11.161595">
      <ele>1425.75</ele>
      <time>2025-06-25T16:18:59Z</time>
    </rtept>
    <rtept lat="46.853729" lon="11.16168">
      <ele>1425.75</ele>
      <time>2025-06-25T16:19:00Z</time>
    </rtept>
    <rtept lat="46.853557" lon="11.161766">
      <ele>1424.79</ele>
      <time>2025-06-25T16:19:01Z</time>
    </rtept>
    <rtept lat="46.853386" lon="11.161852">
      <ele>1423.83</ele>
      <time>2025-06-25T16:19:02Z</time>
    </rtept>
    <rtept lat="46.85212" lon="11.162667">
      <ele>1414.21</ele>
      <time>2025-06-25T16:19:11Z</time>
    </rtept>
    <rtept lat="46.852012" lon="11.162775">
      <ele>1414.21</ele>
      <time>2025-06-25T16:19:12Z</time>
    </rtept>
    <rtept lat="46.851798" lon="11.162989">
      <ele>1411.33</ele>
      <time>2025-06-25T16:19:14Z</time>
    </rtept>
    <rtept lat="46.851647" lon="11.163097">
      <ele>1409.89</ele>
      <time>2025-06-25T16:19:15Z</time>
    </rtept>
    <rtept lat="46.851454" lon="11.163182">
      <ele>1407.49</ele>
      <time>2025-06-25T16:19:16Z</time>
    </rtept>
    <rtept lat="46.850682" lon="11.163612">
      <ele>1400.28</ele>
      <time>2025-06-25T16:19:20Z</time>
    </rtept>
    <rtept lat="46.850489" lon="11.163633">
      <ele>1399.31</ele>
      <time>2025-06-25T16:19:21Z</time>
    </rtept>
    <rtept lat="46.850339" lon="11.163633">
      <ele>1396.91</ele>
      <time>2025-06-25T16:19:22Z</time>
    </rtept>
    <rtept lat="46.850102" lon="11.16374">
      <ele>1388.26</ele>
      <time>2025-06-25T16:19:25Z</time>
    </rtept>
    <rtept lat="46.849909" lon="11.164041">
      <ele>1383.45</ele>
      <time>2025-06-25T16:19:26Z</time>
    </rtept>
    <rtept lat="46.849738" lon="11.164341">
      <ele>1382.01</ele>
      <time>2025-06-25T16:19:27Z</time>
    </rtept>
    <rtept lat="46.849137" lon="11.165328">
      <ele>1383.45</ele>
      <time>2025-06-25T16:19:31Z</time>
    </rtept>
    <rtept lat="46.84903" lon="11.165543">
      <ele>1382.97</ele>
      <time>2025-06-25T16:19:32Z</time>
    </rtept>
    <rtept lat="46.848922" lon="11.165736">
      <ele>1383.45</ele>
      <time>2025-06-25T16:19:33Z</time>
    </rtept>
    <rtept lat="46.848815" lon="11.165822">
      <ele>1382.97</ele>
      <time>2025-06-25T16:19:34Z</time>
    </rtept>
    <rtept lat="46.848686" lon="11.165908">
      <ele>1382.97</ele>
      <time>2025-06-25T16:19:35Z</time>
    </rtept>
    <rtept lat="46.848536" lon="11.165993">
      <ele>1382.97</ele>
      <time>2025-06-25T16:19:36Z</time>
    </rtept>
    <rtept lat="46.848322" lon="11.166101">
      <ele>1382.49</ele>
      <time>2025-06-25T16:19:37Z</time>
    </rtept>
    <rtept lat="46.847163" lon="11.166723">
      <ele>1375.28</ele>
      <time>2025-06-25T16:19:43Z</time>
    </rtept>
    <rtept lat="46.847013" lon="11.16683">
      <ele>1370.47</ele>
      <time>2025-06-25T16:19:44Z</time>
    </rtept>
    <rtept lat="46.846369" lon="11.167345">
      <ele>1369.03</ele>
      <time>2025-06-25T16:19:48Z</time>
    </rtept>
    <rtept lat="46.84624" lon="11.167474">
      <ele>1368.55</ele>
      <time>2025-06-25T16:19:49Z</time>
    </rtept>
    <rtept lat="46.846111" lon="11.167624">
      <ele>1366.63</ele>
      <time>2025-06-25T16:19:50Z</time>
    </rtept>
    <rtept lat="46.846047" lon="11.167689">
      <ele>1366.15</ele>
      <time>2025-06-25T16:19:51Z</time>
    </rtept>
    <rtept lat="46.845832" lon="11.167753">
      <ele>1362.78</ele>
      <time>2025-06-25T16:19:52Z</time>
    </rtept>
    <rtept lat="46.845639" lon="11.167796">
      <ele>1361.82</ele>
      <time>2025-06-25T16:19:53Z</time>
    </rtept>
    <rtept lat="46.845468" lon="11.167817">
      <ele>1361.82</ele>
      <time>2025-06-25T16:19:54Z</time>
    </rtept>
    <rtept lat="46.845275" lon="11.167817">
      <ele>1361.34</ele>
      <time>2025-06-25T16:19:55Z</time>
    </rtept>
    <rtept lat="46.844996" lon="11.167882">
      <ele>1358.94</ele>
      <time>2025-06-25T16:19:57Z</time>
    </rtept>
    <rtept lat="46.844845" lon="11.167967">
      <ele>1359.42</ele>
      <time>2025-06-25T16:19:58Z</time>
    </rtept>
    <rtept lat="46.844717" lon="11.168075">
      <ele>1358.46</ele>
      <time>2025-06-25T16:19:59Z</time>
    </rtept>
    <rtept lat="46.844588" lon="11.168225">
      <ele>1358.46</ele>
      <time>2025-06-25T16:20:00Z</time>
    </rtept>
    <rtept lat="46.844459" lon="11.168354">
      <ele>1357.02</ele>
      <time>2025-06-25T16:20:01Z</time>
    </rtept>
    <rtept lat="46.844352" lon="11.168482">
      <ele>1356.05</ele>
      <time>2025-06-25T16:20:02Z</time>
    </rtept>
    <rtept lat="46.844009" lon="11.168611">
      <ele>1354.13</ele>
      <time>2025-06-25T16:20:04Z</time>
    </rtept>
    <rtept lat="46.843858" lon="11.168676">
      <ele>1354.13</ele>
      <time>2025-06-25T16:20:05Z</time>
    </rtept>
    <rtept lat="46.843708" lon="11.168718">
      <ele>1352.21</ele>
      <time>2025-06-25T16:20:06Z</time>
    </rtept>
    <rtept lat="46.843601" lon="11.168783">
      <ele>1351.73</ele>
      <time>2025-06-25T16:20:07Z</time>
    </rtept>
    <rtept lat="46.843494" lon="11.168847">
      <ele>1351.73</ele>
      <time>2025-06-25T16:20:08Z</time>
    </rtept>
    <rtept lat="46.843408" lon="11.16889">
      <ele>1350.77</ele>
      <time>2025-06-25T16:20:09Z</time>
    </rtept>
    <rtept lat="46.843408" lon="11.16889">
      <ele>1350.29</ele>
      <time>2025-06-25T16:20:10Z</time>
    </rtept>
    <rtept lat="46.843279" lon="11.168804">
      <ele>1351.25</ele>
      <time>2025-06-25T16:20:11Z</time>
    </rtept>
    <rtept lat="46.843107" lon="11.168697">
      <ele>1349.81</ele>
      <time>2025-06-25T16:20:12Z</time>
    </rtept>
    <rtept lat="46.842957" lon="11.168547">
      <ele>1344.04</ele>
      <time>2025-06-25T16:20:13Z</time>
    </rtept>
    <rtept lat="46.8427" lon="11.168161">
      <ele>1340.19</ele>
      <time>2025-06-25T16:20:15Z</time>
    </rtept>
    <rtept lat="46.842464" lon="11.167882">
      <ele>1336.83</ele>
      <time>2025-06-25T16:20:17Z</time>
    </rtept>
    <rtept lat="46.842335" lon="11.167796">
      <ele>1332.5</ele>
      <time>2025-06-25T16:20:18Z</time>
    </rtept>
    <rtept lat="46.842185" lon="11.167753">
      <ele>1334.43</ele>
      <time>2025-06-25T16:20:19Z</time>
    </rtept>
    <rtept lat="46.841198" lon="11.167646">
      <ele>1325.77</ele>
      <time>2025-06-25T16:20:24Z</time>
    </rtept>
    <rtept lat="46.841004" lon="11.167689">
      <ele>1323.37</ele>
      <time>2025-06-25T16:20:25Z</time>
    </rtept>
    <rtept lat="46.840811" lon="11.167731">
      <ele>1320.97</ele>
      <time>2025-06-25T16:20:26Z</time>
    </rtept>
    <rtept lat="46.840489" lon="11.167774">
      <ele>1319.04</ele>
      <time>2025-06-25T16:20:28Z</time>
    </rtept>
    <rtept lat="46.840361" lon="11.167753">
      <ele>1317.6</ele>
      <time>2025-06-25T16:20:29Z</time>
    </rtept>
    <rtept lat="46.840211" lon="11.167753">
      <ele>1309.91</ele>
      <time>2025-06-25T16:20:31Z</time>
    </rtept>
    <rtept lat="46.840082" lon="11.167882">
      <ele>1308.95</ele>
      <time>2025-06-25T16:20:32Z</time>
    </rtept>
    <rtept lat="46.839974" lon="11.16801">
      <ele>1306.55</ele>
      <time>2025-06-25T16:20:33Z</time>
    </rtept>
    <rtept lat="46.839846" lon="11.168161">
      <ele>1306.55</ele>
      <time>2025-06-25T16:20:34Z</time>
    </rtept>
    <rtept lat="46.839717" lon="11.168225">
      <ele>1303.66</ele>
      <time>2025-06-25T16:20:35Z</time>
    </rtept>
    <rtept lat="46.839567" lon="11.168268">
      <ele>1302.7</ele>
      <time>2025-06-25T16:20:36Z</time>
    </rtept>
    <rtept lat="46.839395" lon="11.168375">
      <ele>1302.22</ele>
      <time>2025-06-25T16:20:37Z</time>
    </rtept>
    <rtept lat="46.839245" lon="11.168482">
      <ele>1302.22</ele>
      <time>2025-06-25T16:20:38Z</time>
    </rtept>
    <rtept lat="46.839116" lon="11.168547">
      <ele>1300.3</ele>
      <time>2025-06-25T16:20:39Z</time>
    </rtept>
    <rtept lat="46.838966" lon="11.16859">
      <ele>1298.38</ele>
      <time>2025-06-25T16:20:40Z</time>
    </rtept>
    <rtept lat="46.838537" lon="11.16874">
      <ele>1293.09</ele>
      <time>2025-06-25T16:20:43Z</time>
    </rtept>
    <rtept lat="46.838408" lon="11.168826">
      <ele>1290.69</ele>
      <time>2025-06-25T16:20:44Z</time>
    </rtept>
    <rtept lat="46.838086" lon="11.169083">
      <ele>1284.44</ele>
      <time>2025-06-25T16:20:47Z</time>
    </rtept>
    <rtept lat="46.838022" lon="11.169191">
      <ele>1282.51</ele>
      <time>2025-06-25T16:20:48Z</time>
    </rtept>
    <rtept lat="46.837979" lon="11.169362">
      <ele>1277.71</ele>
      <time>2025-06-25T16:20:49Z</time>
    </rtept>
    <rtept lat="46.837936" lon="11.169555">
      <ele>1274.82</ele>
      <time>2025-06-25T16:20:50Z</time>
    </rtept>
    <rtept lat="46.837915" lon="11.169727">
      <ele>1273.86</ele>
      <time>2025-06-25T16:20:51Z</time>
    </rtept>
    <rtept lat="46.837829" lon="11.169856">
      <ele>1278.67</ele>
      <time>2025-06-25T16:20:52Z</time>
    </rtept>
    <rtept lat="46.837743" lon="11.169984">
      <ele>1278.67</ele>
      <time>2025-06-25T16:20:53Z</time>
    </rtept>
    <rtept lat="46.837636" lon="11.170092">
      <ele>1277.23</ele>
      <time>2025-06-25T16:20:54Z</time>
    </rtept>
    <rtept lat="46.837528" lon="11.170092">
      <ele>1274.34</ele>
      <time>2025-06-25T16:20:55Z</time>
    </rtept>
    <rtept lat="46.837421" lon="11.17007">
      <ele>1273.86</ele>
      <time>2025-06-25T16:20:56Z</time>
    </rtept>
    <rtept lat="46.837228" lon="11.169984">
      <ele>1276.75</ele>
      <time>2025-06-25T16:20:57Z</time>
    </rtept>
    <rtept lat="46.837078" lon="11.16992">
      <ele>1274.82</ele>
      <time>2025-06-25T16:20:58Z</time>
    </rtept>
    <rtept lat="46.836949" lon="11.169984">
      <ele>1271.46</ele>
      <time>2025-06-25T16:20:59Z</time>
    </rtept>
    <rtept lat="46.83682" lon="11.170027">
      <ele>1270.98</ele>
      <time>2025-06-25T16:21:00Z</time>
    </rtept>
    <rtept lat="46.836713" lon="11.170092">
      <ele>1270.02</ele>
      <time>2025-06-25T16:21:01Z</time>
    </rtept>
    <rtept lat="46.836563" lon="11.170092">
      <ele>1271.46</ele>
      <time>2025-06-25T16:21:02Z</time>
    </rtept>
    <rtept lat="46.836412" lon="11.17007">
      <ele>1267.13</ele>
      <time>2025-06-25T16:21:03Z</time>
    </rtept>
    <rtept lat="46.836262" lon="11.170027">
      <ele>1262.33</ele>
      <time>2025-06-25T16:21:04Z</time>
    </rtept>
    <rtept lat="46.836112" lon="11.169984">
      <ele>1258.96</ele>
      <time>2025-06-25T16:21:05Z</time>
    </rtept>
    <rtept lat="46.836026" lon="11.169963">
      <ele>1257.52</ele>
      <time>2025-06-25T16:21:06Z</time>
    </rtept>
    <rtept lat="46.835898" lon="11.169791">
      <ele>1252.71</ele>
      <time>2025-06-25T16:21:07Z</time>
    </rtept>
    <rtept lat="46.835812" lon="11.169641">
      <ele>1251.75</ele>
      <time>2025-06-25T16:21:08Z</time>
    </rtept>
    <rtept lat="46.835726" lon="11.169534">
      <ele>1248.87</ele>
      <time>2025-06-25T16:21:09Z</time>
    </rtept>
    <rtept lat="46.835576" lon="11.169469">
      <ele>1246.95</ele>
      <time>2025-06-25T16:21:10Z</time>
    </rtept>
    <rtept lat="46.835447" lon="11.169427">
      <ele>1249.35</ele>
      <time>2025-06-25T16:21:11Z</time>
    </rtept>
    <rtept lat="46.835232" lon="11.169448">
      <ele>1247.91</ele>
      <time>2025-06-25T16:21:12Z</time>
    </rtept>
    <rtept lat="46.835061" lon="11.169512">
      <ele>1247.91</ele>
      <time>2025-06-25T16:21:13Z</time>
    </rtept>
    <rtept lat="46.834868" lon="11.169598">
      <ele>1246.95</ele>
      <time>2025-06-25T16:21:14Z</time>
    </rtept>
    <rtept lat="46.834696" lon="11.169663">
      <ele>1244.54</ele>
      <time>2025-06-25T16:21:15Z</time>
    </rtept>
    <rtept lat="46.834524" lon="11.169748">
      <ele>1241.66</ele>
      <time>2025-06-25T16:21:16Z</time>
    </rtept>
    <rtept lat="46.834374" lon="11.169899">
      <ele>1241.18</ele>
      <time>2025-06-25T16:21:17Z</time>
    </rtept>
    <rtept lat="46.834224" lon="11.170049">
      <ele>1238.78</ele>
      <time>2025-06-25T16:21:18Z</time>
    </rtept>
    <rtept lat="46.834117" lon="11.170242">
      <ele>1234.45</ele>
      <time>2025-06-25T16:21:19Z</time>
    </rtept>
    <rtept lat="46.834031" lon="11.170371">
      <ele>1232.05</ele>
      <time>2025-06-25T16:21:20Z</time>
    </rtept>
    <rtept lat="46.833902" lon="11.170542">
      <ele>1228.2</ele>
      <time>2025-06-25T16:21:21Z</time>
    </rtept>
    <rtept lat="46.833795" lon="11.170693">
      <ele>1227.24</ele>
      <time>2025-06-25T16:21:22Z</time>
    </rtept>
    <rtept lat="46.833666" lon="11.170778">
      <ele>1225.32</ele>
      <time>2025-06-25T16:21:23Z</time>
    </rtept>
    <rtept lat="46.833559" lon="11.170864">
      <ele>1224.36</ele>
      <time>2025-06-25T16:21:24Z</time>
    </rtept>
    <rtept lat="46.83343" lon="11.17095">
      <ele>1220.99</ele>
      <time>2025-06-25T16:21:25Z</time>
    </rtept>
    <rtept lat="46.833172" lon="11.171143">
      <ele>1217.15</ele>
      <time>2025-06-25T16:21:29Z</time>
    </rtept>
    <rtept lat="46.833172" lon="11.171143">
      <ele>1215.22</ele>
      <time>2025-06-25T16:21:30Z</time>
    </rtept>
    <rtept lat="46.833129" lon="11.171122">
      <ele>1213.3</ele>
      <time>2025-06-25T16:21:31Z</time>
    </rtept>
    <rtept lat="46.833108" lon="11.171122">
      <ele>1209.46</ele>
      <time>2025-06-25T16:21:32Z</time>
    </rtept>
    <rtept lat="46.833108" lon="11.171122">
      <ele>1203.69</ele>
      <time>2025-06-25T16:21:33Z</time>
    </rtept>
    <rtept lat="46.833237" lon="11.170907">
      <ele>1201.76</ele>
      <time>2025-06-25T16:21:34Z</time>
    </rtept>
    <rtept lat="46.833408" lon="11.170821">
      <ele>1202.25</ele>
      <time>2025-06-25T16:21:35Z</time>
    </rtept>
    <rtept lat="46.83358" lon="11.170628">
      <ele>1208.97</ele>
      <time>2025-06-25T16:21:36Z</time>
    </rtept>
    <rtept lat="46.833666" lon="11.170521">
      <ele>1205.13</ele>
      <time>2025-06-25T16:21:37Z</time>
    </rtept>
    <rtept lat="46.833773" lon="11.170242">
      <ele>1204.65</ele>
      <time>2025-06-25T16:21:38Z</time>
    </rtept>
    <rtept lat="46.833859" lon="11.169984">
      <ele>1203.69</ele>
      <time>2025-06-25T16:21:39Z</time>
    </rtept>
    <rtept lat="46.833945" lon="11.169748">
      <ele>1202.25</ele>
      <time>2025-06-25T16:21:40Z</time>
    </rtept>
    <rtept lat="46.834288" lon="11.169191">
      <ele>1199.36</ele>
      <time>2025-06-25T16:21:43Z</time>
    </rtept>
    <rtept lat="46.834438" lon="11.169062">
      <ele>1196.0</ele>
      <time>2025-06-25T16:21:44Z</time>
    </rtept>
    <rtept lat="46.834567" lon="11.168955">
      <ele>1192.63</ele>
      <time>2025-06-25T16:21:45Z</time>
    </rtept>
    <rtept lat="46.834717" lon="11.168804">
      <ele>1188.79</ele>
      <time>2025-06-25T16:21:46Z</time>
    </rtept>
    <rtept lat="46.834868" lon="11.168676">
      <ele>1195.52</ele>
      <time>2025-06-25T16:21:47Z</time>
    </rtept>
    <rtept lat="46.835254" lon="11.168461">
      <ele>1192.15</ele>
      <time>2025-06-25T16:21:50Z</time>
    </rtept>
    <rtept lat="46.835383" lon="11.16844">
      <ele>1192.63</ele>
      <time>2025-06-25T16:21:51Z</time>
    </rtept>
    <rtept lat="46.835661" lon="11.168354">
      <ele>1191.67</ele>
      <time>2025-06-25T16:21:53Z</time>
    </rtept>
    <rtept lat="46.836048" lon="11.168246">
      <ele>1187.34</ele>
      <time>2025-06-25T16:21:56Z</time>
    </rtept>
    <rtept lat="46.836134" lon="11.168225">
      <ele>1187.34</ele>
      <time>2025-06-25T16:21:57Z</time>
    </rtept>
    <rtept lat="46.836155" lon="11.168225">
      <ele>1184.94</ele>
      <time>2025-06-25T16:21:58Z</time>
    </rtept>
    <rtept lat="46.836198" lon="11.168139">
      <ele>1185.9</ele>
      <time>2025-06-25T16:21:59Z</time>
    </rtept>
    <rtept lat="46.836198" lon="11.168139">
      <ele>1187.83</ele>
      <time>2025-06-25T16:22:00Z</time>
    </rtept>
    <rtept lat="46.836198" lon="11.168139">
      <ele>1187.83</ele>
      <time>2025-06-25T16:22:01Z</time>
    </rtept>
    <rtept lat="46.836176" lon="11.168139">
      <ele>1179.65</ele>
      <time>2025-06-25T16:22:02Z</time>
    </rtept>
    <rtept lat="46.836091" lon="11.168118">
      <ele>1174.37</ele>
      <time>2025-06-25T16:22:03Z</time>
    </rtept>
    <rtept lat="46.835962" lon="11.168075">
      <ele>1173.41</ele>
      <time>2025-06-25T16:22:04Z</time>
    </rtept>
    <rtept lat="46.83579" lon="11.168096">
      <ele>1171.48</ele>
      <time>2025-06-25T16:22:05Z</time>
    </rtept>
    <rtept lat="46.835297" lon="11.168182">
      <ele>1169.08</ele>
      <time>2025-06-25T16:22:08Z</time>
    </rtept>
    <rtept lat="46.835125" lon="11.168118">
      <ele>1168.12</ele>
      <time>2025-06-25T16:22:09Z</time>
    </rtept>
    <rtept lat="46.834975" lon="11.168075">
      <ele>1167.16</ele>
      <time>2025-06-25T16:22:10Z</time>
    </rtept>
    <rtept lat="46.834696" lon="11.16801">
      <ele>1165.72</ele>
      <time>2025-06-25T16:22:12Z</time>
    </rtept>
    <rtept lat="46.834632" lon="11.16801">
      <ele>1167.16</ele>
      <time>2025-06-25T16:22:13Z</time>
    </rtept>
    <rtept lat="46.834546" lon="11.168096">
      <ele>1168.12</ele>
      <time>2025-06-25T16:22:14Z</time>
    </rtept>
    <rtept lat="46.834438" lon="11.168225">
      <ele>1166.2</ele>
      <time>2025-06-25T16:22:15Z</time>
    </rtept>
    <rtept lat="46.83431" lon="11.168375">
      <ele>1163.31</ele>
      <time>2025-06-25T16:22:16Z</time>
    </rtept>
    <rtept lat="46.834181" lon="11.168482">
      <ele>1159.47</ele>
      <time>2025-06-25T16:22:17Z</time>
    </rtept>
    <rtept lat="46.834031" lon="11.168525">
      <ele>1157.06</ele>
      <time>2025-06-25T16:22:18Z</time>
    </rtept>
    <rtept lat="46.83388" lon="11.168568">
      <ele>1153.7</ele>
      <time>2025-06-25T16:22:19Z</time>
    </rtept>
    <rtept lat="46.833773" lon="11.168676">
      <ele>1153.22</ele>
      <time>2025-06-25T16:22:20Z</time>
    </rtept>
    <rtept lat="46.833644" lon="11.168804">
      <ele>1151.78</ele>
      <time>2025-06-25T16:22:21Z</time>
    </rtept>
    <rtept lat="46.833408" lon="11.169083">
      <ele>1147.93</ele>
      <time>2025-06-25T16:22:23Z</time>
    </rtept>
    <rtept lat="46.833087" lon="11.169448">
      <ele>1143.12</ele>
      <time>2025-06-25T16:22:26Z</time>
    </rtept>
    <rtept lat="46.833001" lon="11.169491">
      <ele>1142.64</ele>
      <time>2025-06-25T16:22:27Z</time>
    </rtept>
    <rtept lat="46.832893" lon="11.169512">
      <ele>1141.68</ele>
      <time>2025-06-25T16:22:28Z</time>
    </rtept>
    <rtept lat="46.832765" lon="11.169534">
      <ele>1140.72</ele>
      <time>2025-06-25T16:22:29Z</time>
    </rtept>
    <rtept lat="46.832636" lon="11.169555">
      <ele>1142.16</ele>
      <time>2025-06-25T16:22:30Z</time>
    </rtept>
    <rtept lat="46.83255" lon="11.169577">
      <ele>1142.16</ele>
      <time>2025-06-25T16:22:31Z</time>
    </rtept>
    <rtept lat="46.832443" lon="11.169684">
      <ele>1140.72</ele>
      <time>2025-06-25T16:22:32Z</time>
    </rtept>
    <rtept lat="46.832336" lon="11.16977">
      <ele>1139.28</ele>
      <time>2025-06-25T16:22:33Z</time>
    </rtept>
    <rtept lat="46.831949" lon="11.170414">
      <ele>1130.63</ele>
      <time>2025-06-25T16:22:37Z</time>
    </rtept>
    <rtept lat="46.831756" lon="11.170714">
      <ele>1124.38</ele>
      <time>2025-06-25T16:22:39Z</time>
    </rtept>
    <rtept lat="46.831627" lon="11.170821">
      <ele>1121.98</ele>
      <time>2025-06-25T16:22:40Z</time>
    </rtept>
    <rtept lat="46.83152" lon="11.170907">
      <ele>1120.53</ele>
      <time>2025-06-25T16:22:41Z</time>
    </rtept>
    <rtept lat="46.831177" lon="11.171143">
      <ele>1118.61</ele>
      <time>2025-06-25T16:22:44Z</time>
    </rtept>
    <rtept lat="46.831027" lon="11.171143">
      <ele>1116.69</ele>
      <time>2025-06-25T16:22:45Z</time>
    </rtept>
    <rtept lat="46.830876" lon="11.171165">
      <ele>1115.73</ele>
      <time>2025-06-25T16:22:46Z</time>
    </rtept>
    <rtept lat="46.830469" lon="11.1711">
      <ele>1112.36</ele>
      <time>2025-06-25T16:22:49Z</time>
    </rtept>
    <rtept lat="46.830383" lon="11.171143">
      <ele>1111.88</ele>
      <time>2025-06-25T16:22:50Z</time>
    </rtept>
    <rtept lat="46.830319" lon="11.171186">
      <ele>1111.88</ele>
      <time>2025-06-25T16:22:51Z</time>
    </rtept>
    <rtept lat="46.830276" lon="11.171208">
      <ele>1111.4</ele>
      <time>2025-06-25T16:22:52Z</time>
    </rtept>
    <rtept lat="46.830276" lon="11.171208">
      <ele>1110.44</ele>
      <time>2025-06-25T16:22:53Z</time>
    </rtept>
    <rtept lat="46.830254" lon="11.171165">
      <ele>1109.96</ele>
      <time>2025-06-25T16:22:54Z</time>
    </rtept>
    <rtept lat="46.830233" lon="11.171122">
      <ele>1108.52</ele>
      <time>2025-06-25T16:22:55Z</time>
    </rtept>
    <rtept lat="46.830319" lon="11.171036">
      <ele>1105.15</ele>
      <time>2025-06-25T16:22:56Z</time>
    </rtept>
    <rtept lat="46.830404" lon="11.170972">
      <ele>1101.31</ele>
      <time>2025-06-25T16:22:57Z</time>
    </rtept>
    <rtept lat="46.830533" lon="11.17095">
      <ele>1092.18</ele>
      <time>2025-06-25T16:22:58Z</time>
    </rtept>
    <rtept lat="46.830769" lon="11.170886">
      <ele>1079.68</ele>
      <time>2025-06-25T16:22:59Z</time>
    </rtept>
    <rtept lat="46.830962" lon="11.170821">
      <ele>1075.35</ele>
      <time>2025-06-25T16:23:00Z</time>
    </rtept>
    <rtept lat="46.831177" lon="11.170671">
      <ele>1073.91</ele>
      <time>2025-06-25T16:23:01Z</time>
    </rtept>
    <rtept lat="46.831327" lon="11.170478">
      <ele>1070.55</ele>
      <time>2025-06-25T16:23:02Z</time>
    </rtept>
    <rtept lat="46.831499" lon="11.170285">
      <ele>1078.24</ele>
      <time>2025-06-25T16:23:03Z</time>
    </rtept>
    <rtept lat="46.83167" lon="11.170092">
      <ele>1077.28</ele>
      <time>2025-06-25T16:23:04Z</time>
    </rtept>
    <rtept lat="46.831971" lon="11.169706">
      <ele>1075.35</ele>
      <time>2025-06-25T16:23:06Z</time>
    </rtept>
    <rtept lat="46.832121" lon="11.169512">
      <ele>1075.35</ele>
      <time>2025-06-25T16:23:07Z</time>
    </rtept>
    <rtept lat="46.83225" lon="11.169319">
      <ele>1077.76</ele>
      <time>2025-06-25T16:23:08Z</time>
    </rtept>
    <rtept lat="46.832378" lon="11.169126">
      <ele>1079.68</ele>
      <time>2025-06-25T16:23:09Z</time>
    </rtept>
    <rtept lat="46.832507" lon="11.168955">
      <ele>1079.2</ele>
      <time>2025-06-25T16:23:10Z</time>
    </rtept>
    <rtept lat="46.832593" lon="11.168761">
      <ele>1079.68</ele>
      <time>2025-06-25T16:23:11Z</time>
    </rtept>
    <rtept lat="46.832657" lon="11.168568">
      <ele>1082.08</ele>
      <time>2025-06-25T16:23:12Z</time>
    </rtept>
    <rtept lat="46.832722" lon="11.168289">
      <ele>1081.6</ele>
      <time>2025-06-25T16:23:13Z</time>
    </rtept>
    <rtept lat="46.833129" lon="11.166895">
      <ele>1082.08</ele>
      <time>2025-06-25T16:23:20Z</time>
    </rtept>
    <rtept lat="46.833129" lon="11.166895">
      <ele>1082.56</ele>
      <time>2025-06-25T16:23:21Z</time>
    </rtept>
    <rtept lat="46.833129" lon="11.166895">
      <ele>1083.04</ele>
      <time>2025-06-25T16:23:22Z</time>
    </rtept>
    <rtept lat="46.833108" lon="11.166809">
      <ele>1082.56</ele>
      <time>2025-06-25T16:23:23Z</time>
    </rtept>
    <rtept lat="46.833108" lon="11.166809">
      <ele>1078.24</ele>
      <time>2025-06-25T16:23:24Z</time>
    </rtept>
    <rtept lat="46.833108" lon="11.166809">
      <ele>1067.66</ele>
      <time>2025-06-25T16:23:25Z</time>
    </rtept>
    <rtept lat="46.833044" lon="11.166809">
      <ele>1067.18</ele>
      <time>2025-06-25T16:23:26Z</time>
    </rtept>
    <rtept lat="46.833044" lon="11.166809">
      <ele>1065.74</ele>
      <time>2025-06-25T16:23:27Z</time>
    </rtept>
    <rtept lat="46.832979" lon="11.166959">
      <ele>1063.82</ele>
      <time>2025-06-25T16:23:28Z</time>
    </rtept>
    <rtept lat="46.832893" lon="11.167152">
      <ele>1059.49</ele>
      <time>2025-06-25T16:23:29Z</time>
    </rtept>
    <rtept lat="46.832507" lon="11.168096">
      <ele>1051.8</ele>
      <time>2025-06-25T16:23:34Z</time>
    </rtept>
    <rtept lat="46.8324" lon="11.168246">
      <ele>1050.84</ele>
      <time>2025-06-25T16:23:35Z</time>
    </rtept>
    <rtept lat="46.832293" lon="11.168375">
      <ele>1049.88</ele>
      <time>2025-06-25T16:23:36Z</time>
    </rtept>
    <rtept lat="46.832185" lon="11.168504">
      <ele>1045.07</ele>
      <time>2025-06-25T16:23:37Z</time>
    </rtept>
    <rtept lat="46.832057" lon="11.168547">
      <ele>1042.67</ele>
      <time>2025-06-25T16:23:38Z</time>
    </rtept>
    <rtept lat="46.831928" lon="11.16859">
      <ele>1042.19</ele>
      <time>2025-06-25T16:23:39Z</time>
    </rtept>
    <rtept lat="46.831821" lon="11.168611">
      <ele>1040.74</ele>
      <time>2025-06-25T16:23:40Z</time>
    </rtept>
    <rtept lat="46.831713" lon="11.168611">
      <ele>1037.38</ele>
      <time>2025-06-25T16:23:41Z</time>
    </rtept>
    <rtept lat="46.831241" lon="11.168718">
      <ele>1037.38</ele>
      <time>2025-06-25T16:23:45Z</time>
    </rtept>
    <rtept lat="46.831134" lon="11.168783">
      <ele>1036.9</ele>
      <time>2025-06-25T16:23:46Z</time>
    </rtept>
    <rtept lat="46.830233" lon="11.169255">
      <ele>1029.21</ele>
      <time>2025-06-25T16:23:55Z</time>
    </rtept>
    <rtept lat="46.830147" lon="11.169341">
      <ele>1029.69</ele>
      <time>2025-06-25T16:23:56Z</time>
    </rtept>
    <rtept lat="46.830104" lon="11.169427">
      <ele>1029.69</ele>
      <time>2025-06-25T16:23:57Z</time>
    </rtept>
    <rtept lat="46.830104" lon="11.169555">
      <ele>1029.21</ele>
      <time>2025-06-25T16:23:58Z</time>
    </rtept>
    <rtept lat="46.830082" lon="11.169727">
      <ele>1028.73</ele>
      <time>2025-06-25T16:23:59Z</time>
    </rtept>
    <rtept lat="46.830061" lon="11.16992">
      <ele>1027.77</ele>
      <time>2025-06-25T16:24:00Z</time>
    </rtept>
    <rtept lat="46.83004" lon="11.170135">
      <ele>1026.81</ele>
      <time>2025-06-25T16:24:01Z</time>
    </rtept>
    <rtept lat="46.830018" lon="11.170306">
      <ele>1026.81</ele>
      <time>2025-06-25T16:24:02Z</time>
    </rtept>
    <rtept lat="46.829932" lon="11.170499">
      <ele>1026.33</ele>
      <time>2025-06-25T16:24:03Z</time>
    </rtept>
    <rtept lat="46.829846" lon="11.17065">
      <ele>1024.88</ele>
      <time>2025-06-25T16:24:04Z</time>
    </rtept>
    <rtept lat="46.829761" lon="11.1708">
      <ele>1022.48</ele>
      <time>2025-06-25T16:24:05Z</time>
    </rtept>
    <rtept lat="46.829696" lon="11.170907">
      <ele>1017.67</ele>
      <time>2025-06-25T16:24:06Z</time>
    </rtept>
    <rtept lat="46.829632" lon="11.171014">
      <ele>1023.44</ele>
      <time>2025-06-25T16:24:07Z</time>
    </rtept>
    <rtept lat="46.828044" lon="11.171444">
      <ele>1065.26</ele>
      <time>2025-06-25T16:25:29Z</time>
    </rtept>
    <rtept lat="46.829031" lon="11.171851">
      <ele>994.6</ele>
      <time>2025-06-25T16:25:31Z</time>
    </rtept>
    <rtept lat="46.82901" lon="11.171894">
      <ele>993.64</ele>
      <time>2025-06-25T16:25:32Z</time>
    </rtept>
    <rtept lat="46.828924" lon="11.171959">
      <ele>988.35</ele>
      <time>2025-06-25T16:25:33Z</time>
    </rtept>
    <rtept lat="46.828838" lon="11.172044">
      <ele>967.2</ele>
      <time>2025-06-25T16:25:34Z</time>
    </rtept>
    <rtept lat="46.828752" lon="11.172152">
      <ele>956.63</ele>
      <time>2025-06-25T16:25:35Z</time>
    </rtept>
    <rtept lat="46.828645" lon="11.172238">
      <ele>959.51</ele>
      <time>2025-06-25T16:25:36Z</time>
    </rtept>
    <rtept lat="46.827915" lon="11.173031">
      <ele>973.45</ele>
      <time>2025-06-25T16:25:44Z</time>
    </rtept>
    <rtept lat="46.827872" lon="11.17316">
      <ele>973.45</ele>
      <time>2025-06-25T16:25:45Z</time>
    </rtept>
    <rtept lat="46.827829" lon="11.173353">
      <ele>974.9</ele>
      <time>2025-06-25T16:25:46Z</time>
    </rtept>
    <rtept lat="46.827722" lon="11.175714">
      <ele>1002.77</ele>
      <time>2025-06-25T16:25:57Z</time>
    </rtept>
    <rtept lat="46.827658" lon="11.176593">
      <ele>992.68</ele>
      <time>2025-06-25T16:26:01Z</time>
    </rtept>
    <rtept lat="46.827593" lon="11.176765">
      <ele>993.64</ele>
      <time>2025-06-25T16:26:02Z</time>
    </rtept>
    <rtept lat="46.827529" lon="11.176915">
      <ele>991.72</ele>
      <time>2025-06-25T16:26:03Z</time>
    </rtept>
    <rtept lat="46.827443" lon="11.177066">
      <ele>989.8</ele>
      <time>2025-06-25T16:26:04Z</time>
    </rtept>
    <rtept lat="46.8274" lon="11.177216">
      <ele>987.87</ele>
      <time>2025-06-25T16:26:05Z</time>
    </rtept>
    <rtept lat="46.827357" lon="11.177387">
      <ele>987.87</ele>
      <time>2025-06-25T16:26:06Z</time>
    </rtept>
    <rtept lat="46.827207" lon="11.178203">
      <ele>982.11</ele>
      <time>2025-06-25T16:26:11Z</time>
    </rtept>
    <rtept lat="46.827057" lon="11.179662">
      <ele>976.34</ele>
      <time>2025-06-25T16:26:18Z</time>
    </rtept>
    <rtept lat="46.827078" lon="11.179876">
      <ele>975.86</ele>
      <time>2025-06-25T16:26:19Z</time>
    </rtept>
    <rtept lat="46.82695" lon="11.1814">
      <ele>977.78</ele>
      <time>2025-06-25T16:26:26Z</time>
    </rtept>
    <rtept lat="46.826714" lon="11.182816">
      <ele>979.7</ele>
      <time>2025-06-25T16:26:32Z</time>
    </rtept>
    <rtept lat="46.826478" lon="11.18346">
      <ele>979.7</ele>
      <time>2025-06-25T16:26:35Z</time>
    </rtept>
    <rtept lat="46.825512" lon="11.185885">
      <ele>946.06</ele>
      <time>2025-06-25T16:26:44Z</time>
    </rtept>
    <rtept lat="46.825126" lon="11.187086">
      <ele>932.6</ele>
      <time>2025-06-25T16:26:49Z</time>
    </rtept>
    <rtept lat="46.825104" lon="11.187451">
      <ele>931.16</ele>
      <time>2025-06-25T16:26:50Z</time>
    </rtept>
    <rtept lat="46.825083" lon="11.187709">
      <ele>928.75</ele>
      <time>2025-06-25T16:26:51Z</time>
    </rtept>
    <rtept lat="46.82489" lon="11.18979">
      <ele>915.29</ele>
      <time>2025-06-25T16:26:57Z</time>
    </rtept>
    <rtept lat="46.824847" lon="11.19009">
      <ele>914.33</ele>
      <time>2025-06-25T16:26:58Z</time>
    </rtept>
    <rtept lat="46.824804" lon="11.190348">
      <ele>914.33</ele>
      <time>2025-06-25T16:26:59Z</time>
    </rtept>
    <rtept lat="46.824825" lon="11.190584">
      <ele>915.29</ele>
      <time>2025-06-25T16:27:00Z</time>
    </rtept>
    <rtept lat="46.824825" lon="11.190798">
      <ele>913.85</ele>
      <time>2025-06-25T16:27:01Z</time>
    </rtept>
    <rtept lat="46.824847" lon="11.191056">
      <ele>912.41</ele>
      <time>2025-06-25T16:27:02Z</time>
    </rtept>
    <rtept lat="46.824847" lon="11.191292">
      <ele>910.97</ele>
      <time>2025-06-25T16:27:03Z</time>
    </rtept>
    <rtept lat="46.824847" lon="11.191507">
      <ele>910.01</ele>
      <time>2025-06-25T16:27:04Z</time>
    </rtept>
    <rtept lat="46.824825" lon="11.191743">
      <ele>908.56</ele>
      <time>2025-06-25T16:27:05Z</time>
    </rtept>
    <rtept lat="46.824761" lon="11.192258">
      <ele>904.24</ele>
      <time>2025-06-25T16:27:08Z</time>
    </rtept>
    <rtept lat="46.824675" lon="11.192408">
      <ele>901.84</ele>
      <time>2025-06-25T16:27:09Z</time>
    </rtept>
    <rtept lat="46.824589" lon="11.192622">
      <ele>905.68</ele>
      <time>2025-06-25T16:27:10Z</time>
    </rtept>
    <rtept lat="46.824503" lon="11.192837">
      <ele>907.6</ele>
      <time>2025-06-25T16:27:11Z</time>
    </rtept>
    <rtept lat="46.824418" lon="11.193094">
      <ele>908.08</ele>
      <time>2025-06-25T16:27:12Z</time>
    </rtept>
    <rtept lat="46.824353" lon="11.19333">
      <ele>906.16</ele>
      <time>2025-06-25T16:27:13Z</time>
    </rtept>
    <rtept lat="46.824246" lon="11.193524">
      <ele>905.68</ele>
      <time>2025-06-25T16:27:14Z</time>
    </rtept>
    <rtept lat="46.824096" lon="11.193717">
      <ele>901.84</ele>
      <time>2025-06-25T16:27:15Z</time>
    </rtept>
    <rtept lat="46.823924" lon="11.193931">
      <ele>896.07</ele>
      <time>2025-06-25T16:27:16Z</time>
    </rtept>
    <rtept lat="46.823259" lon="11.194639">
      <ele>895.59</ele>
      <time>2025-06-25T16:27:21Z</time>
    </rtept>
    <rtept lat="46.823173" lon="11.194768">
      <ele>894.15</ele>
      <time>2025-06-25T16:27:22Z</time>
    </rtept>
    <rtept lat="46.822873" lon="11.195305">
      <ele>894.63</ele>
      <time>2025-06-25T16:27:26Z</time>
    </rtept>
    <rtept lat="46.82283" lon="11.195433">
      <ele>896.07</ele>
      <time>2025-06-25T16:27:27Z</time>
    </rtept>
    <rtept lat="46.822765" lon="11.195583">
      <ele>897.51</ele>
      <time>2025-06-25T16:27:28Z</time>
    </rtept>
    <rtept lat="46.822529" lon="11.196506">
      <ele>891.74</ele>
      <time>2025-06-25T16:27:33Z</time>
    </rtept>
    <rtept lat="46.822508" lon="11.196721">
      <ele>890.3</ele>
      <time>2025-06-25T16:27:34Z</time>
    </rtept>
    <rtept lat="46.822465" lon="11.197429">
      <ele>887.42</ele>
      <time>2025-06-25T16:27:37Z</time>
    </rtept>
    <rtept lat="46.822358" lon="11.198115">
      <ele>884.05</ele>
      <time>2025-06-25T16:27:40Z</time>
    </rtept>
    <rtept lat="46.822358" lon="11.198373">
      <ele>883.09</ele>
      <time>2025-06-25T16:27:41Z</time>
    </rtept>
    <rtept lat="46.822379" lon="11.198866">
      <ele>878.28</ele>
      <time>2025-06-25T16:27:43Z</time>
    </rtept>
    <rtept lat="46.822336" lon="11.19906">
      <ele>875.88</ele>
      <time>2025-06-25T16:27:44Z</time>
    </rtept>
    <rtept lat="46.822272" lon="11.199296">
      <ele>870.59</ele>
      <time>2025-06-25T16:27:45Z</time>
    </rtept>
    <rtept lat="46.822229" lon="11.199575">
      <ele>866.75</ele>
      <time>2025-06-25T16:27:46Z</time>
    </rtept>
    <rtept lat="46.822229" lon="11.199789">
      <ele>863.38</ele>
      <time>2025-06-25T16:27:47Z</time>
    </rtept>
    <rtept lat="46.822165" lon="11.20009">
      <ele>860.02</ele>
      <time>2025-06-25T16:27:48Z</time>
    </rtept>
    <rtept lat="46.8221" lon="11.200369">
      <ele>859.54</ele>
      <time>2025-06-25T16:27:49Z</time>
    </rtept>
    <rtept lat="46.822036" lon="11.200669">
      <ele>858.1</ele>
      <time>2025-06-25T16:27:50Z</time>
    </rtept>
    <rtept lat="46.822014" lon="11.200948">
      <ele>857.62</ele>
      <time>2025-06-25T16:27:51Z</time>
    </rtept>
    <rtept lat="46.821971" lon="11.201205">
      <ele>856.17</ele>
      <time>2025-06-25T16:27:52Z</time>
    </rtept>
    <rtept lat="46.821821" lon="11.201935">
      <ele>849.44</ele>
      <time>2025-06-25T16:27:55Z</time>
    </rtept>
    <rtept lat="46.821735" lon="11.20215">
      <ele>848.0</ele>
      <time>2025-06-25T16:27:56Z</time>
    </rtept>
    <rtept lat="46.821564" lon="11.2026">
      <ele>846.56</ele>
      <time>2025-06-25T16:27:58Z</time>
    </rtept>
    <rtept lat="46.821328" lon="11.203501">
      <ele>841.27</ele>
      <time>2025-06-25T16:28:02Z</time>
    </rtept>
    <rtept lat="46.821306" lon="11.203673">
      <ele>842.23</ele>
      <time>2025-06-25T16:28:03Z</time>
    </rtept>
    <rtept lat="46.821285" lon="11.203931">
      <ele>839.83</ele>
      <time>2025-06-25T16:28:04Z</time>
    </rtept>
    <rtept lat="46.821285" lon="11.205733">
      <ele>825.41</ele>
      <time>2025-06-25T16:28:11Z</time>
    </rtept>
    <rtept lat="46.821328" lon="11.206763">
      <ele>823.97</ele>
      <time>2025-06-25T16:28:15Z</time>
    </rtept>
    <rtept lat="46.821349" lon="11.207063">
      <ele>819.16</ele>
      <time>2025-06-25T16:28:16Z</time>
    </rtept>
    <rtept lat="46.821414" lon="11.207299">
      <ele>816.76</ele>
      <time>2025-06-25T16:28:17Z</time>
    </rtept>
    <rtept lat="46.821671" lon="11.20908">
      <ele>809.55</ele>
      <time>2025-06-25T16:28:24Z</time>
    </rtept>
    <rtept lat="46.821735" lon="11.209295">
      <ele>808.59</ele>
      <time>2025-06-25T16:28:25Z</time>
    </rtept>
    <rtept lat="46.8218" lon="11.20951">
      <ele>806.67</ele>
      <time>2025-06-25T16:28:26Z</time>
    </rtept>
    <rtept lat="46.822079" lon="11.210368">
      <ele>807.63</ele>
      <time>2025-06-25T16:28:30Z</time>
    </rtept>
    <rtept lat="46.822122" lon="11.210604">
      <ele>807.63</ele>
      <time>2025-06-25T16:28:31Z</time>
    </rtept>
    <rtept lat="46.8221" lon="11.210797">
      <ele>806.67</ele>
      <time>2025-06-25T16:28:32Z</time>
    </rtept>
    <rtept lat="46.822079" lon="11.211076">
      <ele>806.19</ele>
      <time>2025-06-25T16:28:33Z</time>
    </rtept>
    <rtept lat="46.8221" lon="11.21129">
      <ele>803.3</ele>
      <time>2025-06-25T16:28:34Z</time>
    </rtept>
    <rtept lat="46.822122" lon="11.211548">
      <ele>801.38</ele>
      <time>2025-06-25T16:28:35Z</time>
    </rtept>
    <rtept lat="46.822165" lon="11.211827">
      <ele>798.98</ele>
      <time>2025-06-25T16:28:36Z</time>
    </rtept>
    <rtept lat="46.822208" lon="11.211999">
      <ele>795.13</ele>
      <time>2025-06-25T16:28:37Z</time>
    </rtept>
    <rtept lat="46.822165" lon="11.212342">
      <ele>793.69</ele>
      <time>2025-06-25T16:28:38Z</time>
    </rtept>
    <rtept lat="46.822208" lon="11.212642">
      <ele>798.49</ele>
      <time>2025-06-25T16:28:39Z</time>
    </rtept>
    <rtept lat="46.822315" lon="11.212878">
      <ele>798.01</ele>
      <time>2025-06-25T16:28:40Z</time>
    </rtept>
    <rtept lat="46.822336" lon="11.213093">
      <ele>796.57</ele>
      <time>2025-06-25T16:28:41Z</time>
    </rtept>
    <rtept lat="46.822336" lon="11.213286">
      <ele>796.09</ele>
      <time>2025-06-25T16:28:42Z</time>
    </rtept>
    <rtept lat="46.822293" lon="11.213565">
      <ele>795.61</ele>
      <time>2025-06-25T16:28:43Z</time>
    </rtept>
    <rtept lat="46.82225" lon="11.213822">
      <ele>796.57</ele>
      <time>2025-06-25T16:28:44Z</time>
    </rtept>
    <rtept lat="46.822165" lon="11.214016">
      <ele>797.05</ele>
      <time>2025-06-25T16:28:45Z</time>
    </rtept>
    <rtept lat="46.822079" lon="11.214252">
      <ele>794.65</ele>
      <time>2025-06-25T16:28:46Z</time>
    </rtept>
    <rtept lat="46.822036" lon="11.214337">
      <ele>791.28</ele>
      <time>2025-06-25T16:28:47Z</time>
    </rtept>
    <rtept lat="46.822014" lon="11.214595">
      <ele>795.13</ele>
      <time>2025-06-25T16:28:48Z</time>
    </rtept>
    <rtept lat="46.822014" lon="11.214831">
      <ele>794.65</ele>
      <time>2025-06-25T16:28:49Z</time>
    </rtept>
    <rtept lat="46.822014" lon="11.21511">
      <ele>794.17</ele>
      <time>2025-06-25T16:28:50Z</time>
    </rtept>
    <rtept lat="46.822014" lon="11.215346">
      <ele>793.69</ele>
      <time>2025-06-25T16:28:51Z</time>
    </rtept>
    <rtept lat="46.821993" lon="11.215603">
      <ele>792.25</ele>
      <time>2025-06-25T16:28:52Z</time>
    </rtept>
    <rtept lat="46.821971" lon="11.21584">
      <ele>794.17</ele>
      <time>2025-06-25T16:28:53Z</time>
    </rtept>
    <rtept lat="46.821886" lon="11.216483">
      <ele>793.69</ele>
      <time>2025-06-25T16:28:56Z</time>
    </rtept>
    <rtept lat="46.821864" lon="11.216676">
      <ele>793.69</ele>
      <time>2025-06-25T16:28:57Z</time>
    </rtept>
    <rtept lat="46.821907" lon="11.217213">
      <ele>793.69</ele>
      <time>2025-06-25T16:29:00Z</time>
    </rtept>
    <rtept lat="46.821971" lon="11.217384">
      <ele>793.21</ele>
      <time>2025-06-25T16:29:01Z</time>
    </rtept>
    <rtept lat="46.822036" lon="11.217513">
      <ele>793.21</ele>
      <time>2025-06-25T16:29:02Z</time>
    </rtept>
    <rtept lat="46.822122" lon="11.217792">
      <ele>793.21</ele>
      <time>2025-06-25T16:29:04Z</time>
    </rtept>
    <rtept lat="46.822143" lon="11.217942">
      <ele>793.21</ele>
      <time>2025-06-25T16:29:05Z</time>
    </rtept>
    <rtept lat="46.822143" lon="11.21805">
      <ele>793.21</ele>
      <time>2025-06-25T16:29:06Z</time>
    </rtept>
    <rtept lat="46.822079" lon="11.218221">
      <ele>793.21</ele>
      <time>2025-06-25T16:29:07Z</time>
    </rtept>
    <rtept lat="46.822014" lon="11.218372">
      <ele>793.21</ele>
      <time>2025-06-25T16:29:08Z</time>
    </rtept>
    <rtept lat="46.82195" lon="11.218565">
      <ele>793.21</ele>
      <time>2025-06-25T16:29:09Z</time>
    </rtept>
    <rtept lat="46.821907" lon="11.218758">
      <ele>792.25</ele>
      <time>2025-06-25T16:29:10Z</time>
    </rtept>
    <rtept lat="46.821864" lon="11.218994">
      <ele>793.21</ele>
      <time>2025-06-25T16:29:11Z</time>
    </rtept>
    <rtept lat="46.821821" lon="11.219251">
      <ele>793.21</ele>
      <time>2025-06-25T16:29:12Z</time>
    </rtept>
    <rtept lat="46.821778" lon="11.219916">
      <ele>792.73</ele>
      <time>2025-06-25T16:29:15Z</time>
    </rtept>
    <rtept lat="46.8218" lon="11.220131">
      <ele>791.77</ele>
      <time>2025-06-25T16:29:16Z</time>
    </rtept>
    <rtept lat="46.821821" lon="11.220431">
      <ele>786.48</ele>
      <time>2025-06-25T16:29:18Z</time>
    </rtept>
    <rtept lat="46.821735" lon="11.220582">
      <ele>781.67</ele>
      <time>2025-06-25T16:29:19Z</time>
    </rtept>
    <rtept lat="46.82165" lon="11.220732">
      <ele>776.38</ele>
      <time>2025-06-25T16:29:20Z</time>
    </rtept>
    <rtept lat="46.821564" lon="11.220753">
      <ele>771.1</ele>
      <time>2025-06-25T16:29:21Z</time>
    </rtept>
    <rtept lat="46.821435" lon="11.220796">
      <ele>766.29</ele>
      <time>2025-06-25T16:29:22Z</time>
    </rtept>
    <rtept lat="46.821306" lon="11.220904">
      <ele>776.38</ele>
      <time>2025-06-25T16:29:23Z</time>
    </rtept>
    <rtept lat="46.82122" lon="11.221054">
      <ele>774.46</ele>
      <time>2025-06-25T16:29:24Z</time>
    </rtept>
    <rtept lat="46.821135" lon="11.221268">
      <ele>773.02</ele>
      <time>2025-06-25T16:29:25Z</time>
    </rtept>
    <rtept lat="46.820899" lon="11.221955">
      <ele>773.5</ele>
      <time>2025-06-25T16:29:28Z</time>
    </rtept>
    <rtept lat="46.820727" lon="11.222406">
      <ele>773.02</ele>
      <time>2025-06-25T16:29:30Z</time>
    </rtept>
    <rtept lat="46.820663" lon="11.22262">
      <ele>772.54</ele>
      <time>2025-06-25T16:29:31Z</time>
    </rtept>
    <rtept lat="46.820663" lon="11.222813">
      <ele>772.54</ele>
      <time>2025-06-25T16:29:32Z</time>
    </rtept>
    <rtept lat="46.820663" lon="11.223006">
      <ele>773.02</ele>
      <time>2025-06-25T16:29:33Z</time>
    </rtept>
    <rtept lat="46.820641" lon="11.223157">
      <ele>772.54</ele>
      <time>2025-06-25T16:29:34Z</time>
    </rtept>
    <rtept lat="46.820577" lon="11.223264">
      <ele>772.54</ele>
      <time>2025-06-25T16:29:35Z</time>
    </rtept>
    <rtept lat="46.820512" lon="11.22335">
      <ele>772.54</ele>
      <time>2025-06-25T16:29:36Z</time>
    </rtept>
    <rtept lat="46.820405" lon="11.223414">
      <ele>772.54</ele>
      <time>2025-06-25T16:29:37Z</time>
    </rtept>
    <rtept lat="46.820319" lon="11.2235">
      <ele>772.06</ele>
      <time>2025-06-25T16:29:38Z</time>
    </rtept>
    <rtept lat="46.820233" lon="11.223607">
      <ele>772.54</ele>
      <time>2025-06-25T16:29:39Z</time>
    </rtept>
    <rtept lat="46.820148" lon="11.223736">
      <ele>772.54</ele>
      <time>2025-06-25T16:29:40Z</time>
    </rtept>
    <rtept lat="46.820083" lon="11.223951">
      <ele>772.54</ele>
      <time>2025-06-25T16:29:41Z</time>
    </rtept>
    <rtept lat="46.819375" lon="11.226053">
      <ele>772.06</ele>
      <time>2025-06-25T16:29:51Z</time>
    </rtept>
    <rtept lat="46.819354" lon="11.226225">
      <ele>771.58</ele>
      <time>2025-06-25T16:29:52Z</time>
    </rtept>
    <rtept lat="46.819439" lon="11.226547">
      <ele>771.1</ele>
      <time>2025-06-25T16:29:54Z</time>
    </rtept>
    <rtept lat="46.819504" lon="11.226761">
      <ele>770.62</ele>
      <time>2025-06-25T16:29:55Z</time>
    </rtept>
    <rtept lat="46.819547" lon="11.226955">
      <ele>769.17</ele>
      <time>2025-06-25T16:29:56Z</time>
    </rtept>
    <rtept lat="46.819568" lon="11.227148">
      <ele>767.73</ele>
      <time>2025-06-25T16:29:57Z</time>
    </rtept>
    <rtept lat="46.81959" lon="11.227362">
      <ele>767.25</ele>
      <time>2025-06-25T16:29:58Z</time>
    </rtept>
    <rtept lat="46.81959" lon="11.227555">
      <ele>766.77</ele>
      <time>2025-06-25T16:29:59Z</time>
    </rtept>
    <rtept lat="46.819611" lon="11.228156">
      <ele>762.45</ele>
      <time>2025-06-25T16:30:02Z</time>
    </rtept>
    <rtept lat="46.819654" lon="11.228349">
      <ele>761.0</ele>
      <time>2025-06-25T16:30:03Z</time>
    </rtept>
    <rtept lat="46.819718" lon="11.228542">
      <ele>758.12</ele>
      <time>2025-06-25T16:30:04Z</time>
    </rtept>
    <rtept lat="46.819761" lon="11.228693">
      <ele>756.2</ele>
      <time>2025-06-25T16:30:05Z</time>
    </rtept>
    <rtept lat="46.819761" lon="11.228843">
      <ele>754.75</ele>
      <time>2025-06-25T16:30:06Z</time>
    </rtept>
    <rtept lat="46.819761" lon="11.228907">
      <ele>753.31</ele>
      <time>2025-06-25T16:30:07Z</time>
    </rtept>
    <rtept lat="46.819697" lon="11.229208">
      <ele>753.31</ele>
      <time>2025-06-25T16:30:08Z</time>
    </rtept>
    <rtept lat="46.819633" lon="11.229465">
      <ele>751.87</ele>
      <time>2025-06-25T16:30:09Z</time>
    </rtept>
    <rtept lat="46.819332" lon="11.230517">
      <ele>741.3</ele>
      <time>2025-06-25T16:30:15Z</time>
    </rtept>
    <rtept lat="46.819311" lon="11.230559">
      <ele>736.49</ele>
      <time>2025-06-25T16:30:16Z</time>
    </rtept>
    <rtept lat="46.819161" lon="11.230645">
      <ele>734.09</ele>
      <time>2025-06-25T16:30:17Z</time>
    </rtept>
    <rtept lat="46.819053" lon="11.23071">
      <ele>739.85</ele>
      <time>2025-06-25T16:30:18Z</time>
    </rtept>
    <rtept lat="46.818946" lon="11.230774">
      <ele>738.89</ele>
      <time>2025-06-25T16:30:19Z</time>
    </rtept>
    <rtept lat="46.818882" lon="11.230881">
      <ele>738.89</ele>
      <time>2025-06-25T16:30:20Z</time>
    </rtept>
    <rtept lat="46.818796" lon="11.231053">
      <ele>738.89</ele>
      <time>2025-06-25T16:30:21Z</time>
    </rtept>
    <rtept lat="46.81871" lon="11.231268">
      <ele>738.41</ele>
      <time>2025-06-25T16:30:22Z</time>
    </rtept>
    <rtept lat="46.818045" lon="11.233027">
      <ele>727.36</ele>
      <time>2025-06-25T16:30:29Z</time>
    </rtept>
    <rtept lat="46.817916" lon="11.233285">
      <ele>725.44</ele>
      <time>2025-06-25T16:30:30Z</time>
    </rtept>
    <rtept lat="46.817551" lon="11.234315">
      <ele>720.15</ele>
      <time>2025-06-25T16:30:35Z</time>
    </rtept>
    <rtept lat="46.817573" lon="11.234636">
      <ele>720.15</ele>
      <time>2025-06-25T16:30:37Z</time>
    </rtept>
    <rtept lat="46.817573" lon="11.234851">
      <ele>719.67</ele>
      <time>2025-06-25T16:30:38Z</time>
    </rtept>
    <rtept lat="46.817658" lon="11.235559">
      <ele>720.15</ele>
      <time>2025-06-25T16:30:41Z</time>
    </rtept>
    <rtept lat="46.817701" lon="11.235817">
      <ele>721.11</ele>
      <time>2025-06-25T16:30:42Z</time>
    </rtept>
    <rtept lat="46.817766" lon="11.236074">
      <ele>722.07</ele>
      <time>2025-06-25T16:30:43Z</time>
    </rtept>
    <rtept lat="46.81783" lon="11.23631">
      <ele>723.51</ele>
      <time>2025-06-25T16:30:44Z</time>
    </rtept>
    <rtept lat="46.817895" lon="11.236525">
      <ele>723.03</ele>
      <time>2025-06-25T16:30:45Z</time>
    </rtept>
    <rtept lat="46.817959" lon="11.236718">
      <ele>722.07</ele>
      <time>2025-06-25T16:30:46Z</time>
    </rtept>
    <rtept lat="46.818002" lon="11.236932">
      <ele>721.11</ele>
      <time>2025-06-25T16:30:47Z</time>
    </rtept>
    <rtept lat="46.818002" lon="11.237147">
      <ele>722.07</ele>
      <time>2025-06-25T16:30:48Z</time>
    </rtept>
    <rtept lat="46.818002" lon="11.23734">
      <ele>721.11</ele>
      <time>2025-06-25T16:30:49Z</time>
    </rtept>
    <rtept lat="46.81798" lon="11.237533">
      <ele>719.19</ele>
      <time>2025-06-25T16:30:50Z</time>
    </rtept>
    <rtept lat="46.817959" lon="11.237726">
      <ele>718.23</ele>
      <time>2025-06-25T16:30:51Z</time>
    </rtept>
    <rtept lat="46.817937" lon="11.237877">
      <ele>716.78</ele>
      <time>2025-06-25T16:30:52Z</time>
    </rtept>
    <rtept lat="46.817852" lon="11.237962">
      <ele>712.46</ele>
      <time>2025-06-25T16:30:53Z</time>
    </rtept>
    <rtept lat="46.817766" lon="11.23807">
      <ele>709.09</ele>
      <time>2025-06-25T16:30:54Z</time>
    </rtept>
    <rtept lat="46.81768" lon="11.238155">
      <ele>703.81</ele>
      <time>2025-06-25T16:30:55Z</time>
    </rtept>
    <rtept lat="46.817594" lon="11.238327">
      <ele>700.92</ele>
      <time>2025-06-25T16:30:56Z</time>
    </rtept>
    <rtept lat="46.817551" lon="11.238628">
      <ele>701.4</ele>
      <time>2025-06-25T16:30:58Z</time>
    </rtept>
    <rtept lat="46.81753" lon="11.238821">
      <ele>702.84</ele>
      <time>2025-06-25T16:30:59Z</time>
    </rtept>
    <rtept lat="46.81753" lon="11.239035">
      <ele>703.32</ele>
      <time>2025-06-25T16:31:00Z</time>
    </rtept>
    <rtept lat="46.817465" lon="11.23925">
      <ele>701.4</ele>
      <time>2025-06-25T16:31:01Z</time>
    </rtept>
    <rtept lat="46.817401" lon="11.239421">
      <ele>700.92</ele>
      <time>2025-06-25T16:31:02Z</time>
    </rtept>
    <rtept lat="46.817337" lon="11.239593">
      <ele>698.04</ele>
      <time>2025-06-25T16:31:03Z</time>
    </rtept>
    <rtept lat="46.817294" lon="11.239786">
      <ele>698.04</ele>
      <time>2025-06-25T16:31:04Z</time>
    </rtept>
    <rtept lat="46.817229" lon="11.239958">
      <ele>696.6</ele>
      <time>2025-06-25T16:31:05Z</time>
    </rtept>
    <rtept lat="46.817165" lon="11.240151">
      <ele>694.19</ele>
      <time>2025-06-25T16:31:06Z</time>
    </rtept>
    <rtept lat="46.817079" lon="11.240366">
      <ele>692.27</ele>
      <time>2025-06-25T16:31:07Z</time>
    </rtept>
    <rtept lat="46.817015" lon="11.240494">
      <ele>694.19</ele>
      <time>2025-06-25T16:31:08Z</time>
    </rtept>
    <rtept lat="46.816586" lon="11.24146">
      <ele>683.62</ele>
      <time>2025-06-25T16:31:15Z</time>
    </rtept>
    <rtept lat="46.816028" lon="11.242619">
      <ele>684.1</ele>
      <time>2025-06-25T16:31:25Z</time>
    </rtept>
    <rtept lat="46.815985" lon="11.242662">
      <ele>681.21</ele>
      <time>2025-06-25T16:31:26Z</time>
    </rtept>
    <rtept lat="46.815878" lon="11.242705">
      <ele>680.73</ele>
      <time>2025-06-25T16:31:27Z</time>
    </rtept>
    <rtept lat="46.815749" lon="11.242769">
      <ele>681.7</ele>
      <time>2025-06-25T16:31:28Z</time>
    </rtept>
    <rtept lat="46.815684" lon="11.24279">
      <ele>682.66</ele>
      <time>2025-06-25T16:31:29Z</time>
    </rtept>
    <rtept lat="46.815599" lon="11.242833">
      <ele>683.62</ele>
      <time>2025-06-25T16:31:30Z</time>
    </rtept>
    <rtept lat="46.815513" lon="11.242919">
      <ele>684.58</ele>
      <time>2025-06-25T16:31:31Z</time>
    </rtept>
    <rtept lat="46.815405" lon="11.242983">
      <ele>684.1</ele>
      <time>2025-06-25T16:31:32Z</time>
    </rtept>
    <rtept lat="46.81532" lon="11.243048">
      <ele>684.1</ele>
      <time>2025-06-25T16:31:33Z</time>
    </rtept>
    <rtept lat="46.815255" lon="11.243134">
      <ele>683.62</ele>
      <time>2025-06-25T16:31:34Z</time>
    </rtept>
    <rtept lat="46.815169" lon="11.243262">
      <ele>683.14</ele>
      <time>2025-06-25T16:31:35Z</time>
    </rtept>
    <rtept lat="46.815084" lon="11.24337">
      <ele>682.18</ele>
      <time>2025-06-25T16:31:36Z</time>
    </rtept>
    <rtept lat="46.815019" lon="11.243498">
      <ele>682.18</ele>
      <time>2025-06-25T16:31:37Z</time>
    </rtept>
    <rtept lat="46.814869" lon="11.24367">
      <ele>682.18</ele>
      <time>2025-06-25T16:31:39Z</time>
    </rtept>
    <rtept lat="46.814783" lon="11.243756">
      <ele>682.18</ele>
      <time>2025-06-25T16:31:40Z</time>
    </rtept>
    <rtept lat="46.814654" lon="11.243799">
      <ele>680.73</ele>
      <time>2025-06-25T16:31:41Z</time>
    </rtept>
    <rtept lat="46.814526" lon="11.243842">
      <ele>678.33</ele>
      <time>2025-06-25T16:31:42Z</time>
    </rtept>
    <rtept lat="46.814418" lon="11.243863">
      <ele>677.85</ele>
      <time>2025-06-25T16:31:43Z</time>
    </rtept>
    <rtept lat="46.814311" lon="11.243885">
      <ele>676.89</ele>
      <time>2025-06-25T16:31:44Z</time>
    </rtept>
    <rtept lat="46.814204" lon="11.243863">
      <ele>676.41</ele>
      <time>2025-06-25T16:31:45Z</time>
    </rtept>
    <rtept lat="46.813882" lon="11.243799">
      <ele>676.89</ele>
      <time>2025-06-25T16:31:49Z</time>
    </rtept>
    <rtept lat="46.813818" lon="11.243777">
      <ele>676.89</ele>
      <time>2025-06-25T16:31:50Z</time>
    </rtept>
    <rtept lat="46.813753" lon="11.24367">
      <ele>675.93</ele>
      <time>2025-06-25T16:31:51Z</time>
    </rtept>
    <rtept lat="46.81371" lon="11.243563">
      <ele>674.97</ele>
      <time>2025-06-25T16:31:52Z</time>
    </rtept>
    <rtept lat="46.813689" lon="11.243456">
      <ele>676.41</ele>
      <time>2025-06-25T16:31:53Z</time>
    </rtept>
    <rtept lat="46.813667" lon="11.243327">
      <ele>675.93</ele>
      <time>2025-06-25T16:31:54Z</time>
    </rtept>
    <rtept lat="46.813667" lon="11.243241">
      <ele>676.89</ele>
      <time>2025-06-25T16:31:55Z</time>
    </rtept>
    <rtept lat="46.813667" lon="11.243155">
      <ele>677.37</ele>
      <time>2025-06-25T16:31:56Z</time>
    </rtept>
    <rtept lat="46.813689" lon="11.243091">
      <ele>675.93</ele>
      <time>2025-06-25T16:31:57Z</time>
    </rtept>
    <rtept lat="46.813689" lon="11.243005">
      <ele>676.89</ele>
      <time>2025-06-25T16:31:58Z</time>
    </rtept>
    <rtept lat="46.813689" lon="11.242898">
      <ele>676.89</ele>
      <time>2025-06-25T16:31:59Z</time>
    </rtept>
    <rtept lat="46.813667" lon="11.242855">
      <ele>677.37</ele>
      <time>2025-06-25T16:32:00Z</time>
    </rtept>
    <rtept lat="46.81371" lon="11.242683">
      <ele>678.33</ele>
      <time>2025-06-25T16:32:02Z</time>
    </rtept>
    <rtept lat="46.81371" lon="11.242597">
      <ele>678.81</ele>
      <time>2025-06-25T16:32:03Z</time>
    </rtept>
    <rtept lat="46.81371" lon="11.242511">
      <ele>680.25</ele>
      <time>2025-06-25T16:32:04Z</time>
    </rtept>
    <rtept lat="46.813689" lon="11.24249">
      <ele>680.25</ele>
      <time>2025-06-25T16:32:05Z</time>
    </rtept>
    <rtept lat="46.813646" lon="11.242426">
      <ele>678.33</ele>
      <time>2025-06-25T16:32:06Z</time>
    </rtept>
    <rtept lat="46.813624" lon="11.242426">
      <ele>674.97</ele>
      <time>2025-06-25T16:32:07Z</time>
    </rtept>
    <rtept lat="46.813517" lon="11.242468">
      <ele>674.49</ele>
      <time>2025-06-25T16:32:08Z</time>
    </rtept>
    <rtept lat="46.81341" lon="11.242447">
      <ele>674.97</ele>
      <time>2025-06-25T16:32:09Z</time>
    </rtept>
    <rtept lat="46.81238" lon="11.24249">
      <ele>669.2</ele>
      <time>2025-06-25T16:32:17Z</time>
    </rtept>
    <rtept lat="46.810749" lon="11.242747">
      <ele>661.99</ele>
      <time>2025-06-25T16:32:29Z</time>
    </rtept>
    <rtept lat="46.809934" lon="11.243327">
      <ele>665.83</ele>
      <time>2025-06-25T16:32:37Z</time>
    </rtept>
    <rtept lat="46.809333" lon="11.244335">
      <ele>668.72</ele>
      <time>2025-06-25T16:32:46Z</time>
    </rtept>
    <rtept lat="46.80914" lon="11.244679">
      <ele>665.35</ele>
      <time>2025-06-25T16:32:52Z</time>
    </rtept>
    <rtept lat="46.809011" lon="11.244893">
      <ele>663.91</ele>
      <time>2025-06-25T16:32:54Z</time>
    </rtept>
    <rtept lat="46.808947" lon="11.245">
      <ele>661.99</ele>
      <time>2025-06-25T16:32:55Z</time>
    </rtept>
    <rtept lat="46.808882" lon="11.245129">
      <ele>659.59</ele>
      <time>2025-06-25T16:32:56Z</time>
    </rtept>
    <rtept lat="46.808818" lon="11.245258">
      <ele>658.62</ele>
      <time>2025-06-25T16:32:57Z</time>
    </rtept>
    <rtept lat="46.808732" lon="11.245301">
      <ele>656.7</ele>
      <time>2025-06-25T16:32:58Z</time>
    </rtept>
    <rtept lat="46.808625" lon="11.245365">
      <ele>656.7</ele>
      <time>2025-06-25T16:32:59Z</time>
    </rtept>
    <rtept lat="46.808518" lon="11.245408">
      <ele>656.7</ele>
      <time>2025-06-25T16:33:00Z</time>
    </rtept>
    <rtept lat="46.808367" lon="11.245451">
      <ele>658.62</ele>
      <time>2025-06-25T16:33:01Z</time>
    </rtept>
    <rtept lat="46.808281" lon="11.24543">
      <ele>659.1</ele>
      <time>2025-06-25T16:33:02Z</time>
    </rtept>
    <rtept lat="46.808153" lon="11.245387">
      <ele>659.59</ele>
      <time>2025-06-25T16:33:03Z</time>
    </rtept>
    <rtept lat="46.807187" lon="11.245065">
      <ele>656.22</ele>
      <time>2025-06-25T16:33:12Z</time>
    </rtept>
    <rtept lat="46.807101" lon="11.245022">
      <ele>657.18</ele>
      <time>2025-06-25T16:33:13Z</time>
    </rtept>
    <rtept lat="46.807015" lon="11.244915">
      <ele>657.66</ele>
      <time>2025-06-25T16:33:14Z</time>
    </rtept>
    <rtept lat="46.806908" lon="11.244807">
      <ele>657.66</ele>
      <time>2025-06-25T16:33:15Z</time>
    </rtept>
    <rtept lat="46.806822" lon="11.244679">
      <ele>656.7</ele>
      <time>2025-06-25T16:33:16Z</time>
    </rtept>
    <rtept lat="46.806179" lon="11.243928">
      <ele>652.86</ele>
      <time>2025-06-25T16:33:23Z</time>
    </rtept>
    <rtept lat="46.805428" lon="11.243241">
      <ele>649.97</ele>
      <time>2025-06-25T16:33:31Z</time>
    </rtept>
    <rtept lat="46.805342" lon="11.243112">
      <ele>649.49</ele>
      <time>2025-06-25T16:33:32Z</time>
    </rtept>
    <rtept lat="46.805235" lon="11.243005">
      <ele>649.01</ele>
      <time>2025-06-25T16:33:33Z</time>
    </rtept>
    <rtept lat="46.80487" lon="11.242597">
      <ele>647.09</ele>
      <time>2025-06-25T16:33:37Z</time>
    </rtept>
    <rtept lat="46.804762" lon="11.242511">
      <ele>647.09</ele>
      <time>2025-06-25T16:33:38Z</time>
    </rtept>
    <rtept lat="46.804634" lon="11.242447">
      <ele>646.61</ele>
      <time>2025-06-25T16:33:39Z</time>
    </rtept>
    <rtept lat="46.803732" lon="11.241911">
      <ele>645.17</ele>
      <time>2025-06-25T16:33:47Z</time>
    </rtept>
    <rtept lat="46.803668" lon="11.241803">
      <ele>644.68</ele>
      <time>2025-06-25T16:33:48Z</time>
    </rtept>
    <rtept lat="46.803604" lon="11.241675">
      <ele>644.68</ele>
      <time>2025-06-25T16:33:49Z</time>
    </rtept>
    <rtept lat="46.803561" lon="11.241589">
      <ele>645.17</ele>
      <time>2025-06-25T16:33:50Z</time>
    </rtept>
    <rtept lat="46.803496" lon="11.241481">
      <ele>645.17</ele>
      <time>2025-06-25T16:33:51Z</time>
    </rtept>
    <rtept lat="46.803454" lon="11.241374">
      <ele>644.68</ele>
      <time>2025-06-25T16:33:53Z</time>
    </rtept>
    <rtept lat="46.803411" lon="11.241267">
      <ele>644.2</ele>
      <time>2025-06-25T16:33:54Z</time>
    </rtept>
    <rtept lat="46.803389" lon="11.241245">
      <ele>643.72</ele>
      <time>2025-06-25T16:33:55Z</time>
    </rtept>
    <rtept lat="46.80311" lon="11.240795">
      <ele>645.17</ele>
      <time>2025-06-25T16:34:04Z</time>
    </rtept>
    <rtept lat="46.803003" lon="11.240559">
      <ele>657.66</ele>
      <time>2025-06-25T16:34:08Z</time>
    </rtept>
    <rtept lat="46.803003" lon="11.240559">
      <ele>657.18</ele>
      <time>2025-06-25T16:34:09Z</time>
    </rtept>
    <rtept lat="46.802831" lon="11.241031">
      <ele>654.78</ele>
      <time>2025-06-25T16:34:15Z</time>
    </rtept>
    <rtept lat="46.802874" lon="11.241138">
      <ele>656.7</ele>
      <time>2025-06-25T16:34:25Z</time>
    </rtept>
    <rtept lat="46.802917" lon="11.24116">
      <ele>656.22</ele>
      <time>2025-06-25T16:34:37Z</time>
    </rtept>
    <rtept lat="46.802896" lon="11.24116">
      <ele>653.82</ele>
      <time>2025-06-25T16:34:53Z</time>
    </rtept>
    <rtept lat="46.802896" lon="11.241138">
      <ele>654.3</ele>
      <time>2025-06-25T16:35:24Z</time>
    </rtept>
  </rte>
</gpx>